
[
  {
    "strName" : "M-CMRM",
    "strRegID" : "M-CMRM",
    "nCurrentWaypoint" : -1,
    "fTimeEngaged"     : 11354.97,
    "aCOs"             : [
      {
        "strID" : "901145d5-6773-4133-88a4-a5ebdcc17a7b",
        "strCODef" : "SysLootSpawner",
        "bAlive"   : true,
        "aConds"   : [
          "IsNonHighlightable=1.0x1",
          "IsHiddenInv=1.0x1",
          "IsLootSpawner=1.0x1",
          "IsSystem=1.0x1"
        ],
        "strCondID" : "SysLootSpawner901145d5-6773-4133-88a4-a5ebdcc17a7b",
        "inventoryX" : 0,
        "inventoryY" : 0,
        "fDGasTemp"  : 0.0,
        "fLastICOUpdate" : 65627499115.2372,
        "nDestTile"      : 0,
        "strIdleAnim"    : "Idle",
        "aMyShips"       : [
          "M-CMRM"
        ],
        "strIMGPreview"  : "IcoLoot",
        "strFriendlyName" : "SysLootSpawner",
        "strRegIDLast"    : "M-CMRM"
      },
      {
        "strID" : "a30829b8-3bd7-431c-8381-41743f4fb6e3",
        "strCODef" : "SysLootSpawner",
        "bAlive"   : true,
        "aConds"   : [
          "IsNonHighlightable=1.0x1",
          "IsHiddenInv=1.0x1",
          "IsLootSpawner=1.0x1",
          "IsSystem=1.0x1"
        ],
        "strCondID" : "SysLootSpawnera30829b8-3bd7-431c-8381-41743f4fb6e3",
        "inventoryX" : 0,
        "inventoryY" : 0,
        "fDGasTemp"  : 0.0,
        "fLastICOUpdate" : 65627499115.2372,
        "nDestTile"      : 0,
        "strIdleAnim"    : "Idle",
        "aMyShips"       : [
          "M-CMRM"
        ],
        "strIMGPreview"  : "IcoLoot",
        "strFriendlyName" : "SysLootSpawner",
        "strRegIDLast"    : "M-CMRM"
      }
    ],
    "aItems"           : [
      {
        "strName" : "ItmConduit01",
        "fX"      : 1.0,
        "fY"      : -7.0,
        "fRotation" : 0.0,
        "strID"     : "bb3a2ece-6b1b-4ec0-b8d4-7d24bffc04d9",
        "bForceLoad" : false
      },
      {
        "strName" : "ItmFloorRYOF01",
        "fX"      : 3.0,
        "fY"      : -11.0,
        "fRotation" : 0.0,
        "strID"     : "56f9f782-6479-4669-a6d3-03b112213bff",
        "bForceLoad" : false
      },
      {
        "strName" : "ItmFloorRYOF01",
        "fX"      : 3.0,
        "fY"      : -10.0,
        "fRotation" : 0.0,
        "strID"     : "b3622e6b-f4cd-4f29-925f-7c0036556ff1",
        "bForceLoad" : false
      },
      {
        "strName" : "ItmFloorRYOF01",
        "fX"      : 3.0,
        "fY"      : -9.0,
        "fRotation" : 0.0,
        "strID"     : "ee5b87a8-e76e-4387-81c5-39f56ae62dde",
        "bForceLoad" : false
      },
      {
        "strName" : "ItmFloorRYOF01",
        "fX"      : 3.0,
        "fY"      : -8.0,
        "fRotation" : 0.0,
        "strID"     : "3017fb5b-ec58-43e9-a516-4a1b07ab8868",
        "bForceLoad" : false
      },
      {
        "strName" : "ItmFloorRYOF01",
        "fX"      : 3.0,
        "fY"      : -7.0,
        "fRotation" : 0.0,
        "strID"     : "1a55f911-5c74-46b3-b94d-e9d6adffb224",
        "bForceLoad" : false
      },
      {
        "strName" : "ItmFloorRYOF01",
        "fX"      : 3.0,
        "fY"      : -6.0,
        "fRotation" : 0.0,
        "strID"     : "6cc56413-f3c8-4c99-8c9f-a01e0af32867",
        "bForceLoad" : false
      },
      {
        "strName" : "ItmFloorRYOF01Loose",
        "fX"      : 3.0,
        "fY"      : -5.0,
        "fRotation" : 0.0,
        "strID"     : "5edf6a75-62bc-4dab-a0ae-035173cc7dca",
        "bForceLoad" : false
      },
      {
        "strName" : "ItmFloorRYOF01",
        "fX"      : 5.0,
        "fY"      : -6.0,
        "fRotation" : 0.0,
        "strID"     : "7fad5251-2cbf-4267-bedc-d994c25deae8",
        "bForceLoad" : false
      },
      {
        "strName" : "ItmFloorRYOF01",
        "fX"      : 6.0,
        "fY"      : -6.0,
        "fRotation" : 0.0,
        "strID"     : "ec7642e0-7adf-40e6-9c2c-9396b41c360c",
        "bForceLoad" : false
      },
      {
        "strName" : "ItmFloorRYOF01",
        "fX"      : 7.0,
        "fY"      : -6.0,
        "fRotation" : 0.0,
        "strID"     : "9f8b664c-4b7e-49c3-a84a-4fb5e24f3864",
        "bForceLoad" : false
      },
      {
        "strName" : "ItmFloorRYOF01",
        "fX"      : 2.0,
        "fY"      : -9.0,
        "fRotation" : 0.0,
        "strID"     : "f6ca173a-aa03-41d2-bb9f-20c24b3b729b",
        "bForceLoad" : false
      },
      {
        "strName" : "ItmFloorRYOF01",
        "fX"      : 2.0,
        "fY"      : -10.0,
        "fRotation" : 0.0,
        "strID"     : "e9473bae-3317-473b-b621-df6ac0bbe4d5",
        "bForceLoad" : false
      },
      {
        "strName" : "ItmFloorRYOF01",
        "fX"      : 2.0,
        "fY"      : -11.0,
        "fRotation" : 0.0,
        "strID"     : "1802998b-92ca-43b2-b71e-f08e94c7ac3c",
        "bForceLoad" : false
      },
      {
        "strName" : "ItmFloorRYOF01",
        "fX"      : 8.0,
        "fY"      : -9.0,
        "fRotation" : 0.0,
        "strID"     : "daed0053-be0c-43c2-bb6a-d11992b038ca",
        "bForceLoad" : false
      },
      {
        "strName" : "ItmFloorRYOF01",
        "fX"      : 8.0,
        "fY"      : -10.0,
        "fRotation" : 0.0,
        "strID"     : "fc691144-a7d3-4ed4-b426-3036f6afe8e9",
        "bForceLoad" : false
      },
      {
        "strName" : "ItmFloorRYOF01",
        "fX"      : 8.0,
        "fY"      : -11.0,
        "fRotation" : 0.0,
        "strID"     : "08f7a97a-63e8-43a3-88a7-142b9a35745a",
        "bForceLoad" : false
      },
      {
        "strName" : "ItmFloorRYOF01",
        "fX"      : 7.0,
        "fY"      : -11.0,
        "fRotation" : 0.0,
        "strID"     : "36d98c09-474f-4ca0-bfee-6d51febe2d9d",
        "bForceLoad" : false
      },
      {
        "strName" : "ItmFloorRYOF01",
        "fX"      : 6.0,
        "fY"      : -11.0,
        "fRotation" : 0.0,
        "strID"     : "dd1b0218-464d-4051-aa59-7ce4f3c5c791",
        "bForceLoad" : false
      },
      {
        "strName" : "ItmFloorRYOF01",
        "fX"      : 5.0,
        "fY"      : -11.0,
        "fRotation" : 0.0,
        "strID"     : "0726a1bc-0ab5-4f43-a94c-0fc0aa66390e",
        "bForceLoad" : false
      },
      {
        "strName" : "ItmFloorRYOF01",
        "fX"      : 4.0,
        "fY"      : -11.0,
        "fRotation" : 0.0,
        "strID"     : "359297c3-6dea-44e2-888b-75d95e7103d9",
        "bForceLoad" : false
      },
      {
        "strName" : "ItmFloorRYOF01",
        "fX"      : 4.0,
        "fY"      : -10.0,
        "fRotation" : 0.0,
        "strID"     : "a17b457a-b158-4e2f-96b9-04f2f74e89bf",
        "bForceLoad" : false
      },
      {
        "strName" : "ItmFloorRYOF01",
        "fX"      : 4.0,
        "fY"      : -9.0,
        "fRotation" : 0.0,
        "strID"     : "ab78383a-c4e8-4f6a-b485-d69db66e5708",
        "bForceLoad" : false
      },
      {
        "strName" : "ItmFloorRYOF01",
        "fX"      : 4.0,
        "fY"      : -8.0,
        "fRotation" : 0.0,
        "strID"     : "242d14ee-ad75-4d2c-8d33-fd1d5e34af97",
        "bForceLoad" : false
      },
      {
        "strName" : "ItmFloorRYOF01",
        "fX"      : 4.0,
        "fY"      : -7.0,
        "fRotation" : 0.0,
        "strID"     : "13b18cdb-8820-48c4-9ff3-3bed21fe0c6d",
        "bForceLoad" : false
      },
      {
        "strName" : "ItmFloorRYOF01",
        "fX"      : 5.0,
        "fY"      : -7.0,
        "fRotation" : 0.0,
        "strID"     : "6117cf9b-a126-4288-ae19-f49e227a1638",
        "bForceLoad" : false
      },
      {
        "strName" : "ItmFloorRYOF01",
        "fX"      : 6.0,
        "fY"      : -7.0,
        "fRotation" : 0.0,
        "strID"     : "0b9f71e7-e32c-4188-a829-9e8d2717358d",
        "bForceLoad" : false
      },
      {
        "strName" : "ItmFloorRYOF01",
        "fX"      : 7.0,
        "fY"      : -7.0,
        "fRotation" : 0.0,
        "strID"     : "63acc4f1-822d-42c8-a0e9-4681a4adbc1b",
        "bForceLoad" : false
      },
      {
        "strName" : "ItmFloorRYOF01",
        "fX"      : 7.0,
        "fY"      : -8.0,
        "fRotation" : 0.0,
        "strID"     : "6b088259-e9c7-468a-89e9-9fd3f75ce7e7",
        "bForceLoad" : false
      },
      {
        "strName" : "ItmFloorRYOF01",
        "fX"      : 7.0,
        "fY"      : -9.0,
        "fRotation" : 0.0,
        "strID"     : "be48356c-d856-4295-9757-a7d205ba3ab4",
        "bForceLoad" : false
      },
      {
        "strName" : "ItmFloorRYOF01",
        "fX"      : 7.0,
        "fY"      : -10.0,
        "fRotation" : 0.0,
        "strID"     : "c36e85da-aeb3-4747-9d40-9d69e93a03a0",
        "bForceLoad" : false
      },
      {
        "strName" : "ItmFloorRYOF01",
        "fX"      : 6.0,
        "fY"      : -10.0,
        "fRotation" : 0.0,
        "strID"     : "d8338304-cd74-404d-99ff-e99f27bc36ce",
        "bForceLoad" : false
      },
      {
        "strName" : "ItmFloorRYOF01",
        "fX"      : 5.0,
        "fY"      : -10.0,
        "fRotation" : 0.0,
        "strID"     : "310bbc11-5852-4872-8d15-72d09422f48d",
        "bForceLoad" : false
      },
      {
        "strName" : "ItmFloorRYOF01",
        "fX"      : 5.0,
        "fY"      : -9.0,
        "fRotation" : 0.0,
        "strID"     : "2277a847-daf1-476c-8c7d-07a680accec0",
        "bForceLoad" : false
      },
      {
        "strName" : "ItmFloorRYOF01",
        "fX"      : 5.0,
        "fY"      : -8.0,
        "fRotation" : 0.0,
        "strID"     : "0957ef39-b5ac-4d5f-abe3-11ba6f7c2c34",
        "bForceLoad" : false
      },
      {
        "strName" : "ItmFloorRYOF01",
        "fX"      : 6.0,
        "fY"      : -8.0,
        "fRotation" : 0.0,
        "strID"     : "7ee35db7-fb67-4fc4-8fd2-83b1de408450",
        "bForceLoad" : false
      },
      {
        "strName" : "ItmFloorRYOF01",
        "fX"      : 6.0,
        "fY"      : -9.0,
        "fRotation" : 0.0,
        "strID"     : "06cb63c9-78cd-4f6a-9591-8fc7e0ea4171",
        "bForceLoad" : false
      },
      {
        "strName" : "ItmFloorRYOF01",
        "fX"      : 6.0,
        "fY"      : -12.0,
        "fRotation" : 0.0,
        "strID"     : "6c5fc5a2-75eb-4602-8cfa-9d52fd96111c",
        "bForceLoad" : false
      },
      {
        "strName" : "ItmFloorRYOF01",
        "fX"      : 5.0,
        "fY"      : -12.0,
        "fRotation" : 0.0,
        "strID"     : "c91a42be-3d4c-412f-960c-fb0be5ff1212",
        "bForceLoad" : false
      },
      {
        "strName" : "ItmFloorRYOF01",
        "fX"      : 4.0,
        "fY"      : -12.0,
        "fRotation" : 0.0,
        "strID"     : "0748731b-a353-4953-b462-a233a2773441",
        "bForceLoad" : false
      },
      {
        "strName" : "ItmFloorRYOF01",
        "fX"      : 4.0,
        "fY"      : -13.0,
        "fRotation" : 0.0,
        "strID"     : "2a1f3b24-0e14-447c-ae53-f526dbd9a257",
        "bForceLoad" : false
      },
      {
        "strName" : "ItmFloorRYOF01",
        "fX"      : 5.0,
        "fY"      : -13.0,
        "fRotation" : 0.0,
        "strID"     : "c35ea9eb-49f3-4b0b-b3e0-8f820f86afb7",
        "bForceLoad" : false
      },
      {
        "strName" : "ItmFloorRYOF01",
        "fX"      : 6.0,
        "fY"      : -13.0,
        "fRotation" : 0.0,
        "strID"     : "77b46f6d-990f-4580-844d-6ae1852369d6",
        "bForceLoad" : false
      },
      {
        "strName" : "ItmFloorRYOF01",
        "fX"      : 6.0,
        "fY"      : -14.0,
        "fRotation" : 0.0,
        "strID"     : "5181b996-09bd-4596-8c18-f281408ff1de",
        "bForceLoad" : false
      },
      {
        "strName" : "ItmFloorRYOF01",
        "fX"      : 5.0,
        "fY"      : -14.0,
        "fRotation" : 0.0,
        "strID"     : "c26347e1-c802-4057-88f1-cae867e7452e",
        "bForceLoad" : false
      },
      {
        "strName" : "ItmFloorRYOF01",
        "fX"      : 4.0,
        "fY"      : -14.0,
        "fRotation" : 0.0,
        "strID"     : "c87fe40f-35c8-4a67-b81f-62a90e356d16",
        "bForceLoad" : false
      },
      {
        "strName" : "ItmFloorRYOF01",
        "fX"      : 6.0,
        "fY"      : -15.0,
        "fRotation" : 0.0,
        "strID"     : "a262a8bd-8fec-485d-bb02-63f1b0f78578",
        "bForceLoad" : false
      },
      {
        "strName" : "ItmFloorRYOF01",
        "fX"      : 3.0,
        "fY"      : -12.0,
        "fRotation" : 0.0,
        "strID"     : "961a6496-6c2c-498b-84df-e9da1ca7bc03",
        "bForceLoad" : false
      },
      {
        "strName" : "ItmFloorRYOF01",
        "fX"      : 7.0,
        "fY"      : -12.0,
        "fRotation" : 0.0,
        "strID"     : "bc09ef3c-3b2b-4e4e-8298-e85efacf0217",
        "bForceLoad" : false
      },
      {
        "strName" : "ItmDoor01Open",
        "fX"      : 5.0,
        "fY"      : -12.0,
        "fRotation" : 0.0,
        "strID"     : "76cc4853-edd5-49c7-90b4-09ce3cd7682a",
        "bForceLoad" : false,
        "aGPMSettings" : [
          {
            "strName" : "Panel A",
            "dictGUIPropMap" : [
              "strGUIPrefab",
              "GUILocks",
              "strFriendlyName",
              "Door Lock",
              "strGUIPrefabRight",
              null,
              "strGUIPrefabLeft",
              null,
              "strGUIPrefabUp",
              null,
              "strGUIPrefabDown",
              null,
              "strBrand",
              "Bieler",
              "strBrandSub",
              "Commercial Door Systems",
              "strMSLock",
              "ItmDoorInt01ClosedLocked",
              "strMSUnlock",
              "ItmDoorInt01Closed",
              "strPIN",
              "4077"
            ]
          }
        ]
      },
      {
        "strName" : "ItmFloorRYOF01",
        "fX"      : 5.0,
        "fY"      : -15.0,
        "fRotation" : 0.0,
        "strID"     : "760ff70c-eaa7-4164-8d86-86228f187f39",
        "bForceLoad" : false
      },
      {
        "strName" : "ItmFloorRYOF01",
        "fX"      : 4.0,
        "fY"      : -15.0,
        "fRotation" : 0.0,
        "strID"     : "c6f53231-9c13-439c-a2dd-fb5849911d85",
        "bForceLoad" : false
      },
      {
        "strName" : "ItmDockSys02Closed",
        "fX"      : 5.0,
        "fY"      : -15.5,
        "fRotation" : 180.0,
        "strID"     : "7c0c4b38-7be7-4e64-b9ed-ba2b2263bfcc",
        "bForceLoad" : false
      },
      {
        "strName" : "ItmWallRYOB01",
        "fX"      : 8.0,
        "fY"      : -13.0,
        "fRotation" : 0.0,
        "strID"     : "09b428b8-63d0-417f-9103-c4cd233ebca2",
        "bForceLoad" : false
      },
      {
        "strName" : "ItmWallRYOB01",
        "fX"      : 2.0,
        "fY"      : -13.0,
        "fRotation" : 0.0,
        "strID"     : "bef4c55a-77d4-4746-ad0f-cc5890d7a58f",
        "bForceLoad" : false
      },
      {
        "strName" : "ItmConduit01",
        "fX"      : 1.0,
        "fY"      : -8.0,
        "fRotation" : 0.0,
        "strID"     : "9f236642-ab7f-4eaa-85c2-10c336950ad7",
        "bForceLoad" : false
      },
      {
        "strName" : "ItmFloorRYOF01",
        "fX"      : 8.0,
        "fY"      : -8.0,
        "fRotation" : 0.0,
        "strID"     : "384cc6e7-899b-4399-a66f-6a34d4b0303e",
        "bForceLoad" : false
      },
      {
        "strName" : "ItmFloorRYOF01",
        "fX"      : 8.0,
        "fY"      : -7.0,
        "fRotation" : 0.0,
        "strID"     : "986b3a3b-9ed4-4594-8dfd-c0ffa71561f3",
        "bForceLoad" : false
      },
      {
        "strName" : "ItmFloorRYOF01",
        "fX"      : 2.0,
        "fY"      : -6.0,
        "fRotation" : 0.0,
        "strID"     : "82d5d12b-62c5-418d-a13f-d79d2254e1bf",
        "bForceLoad" : false
      },
      {
        "strName" : "ItmFloorRYOF01",
        "fX"      : 2.0,
        "fY"      : -7.0,
        "fRotation" : 0.0,
        "strID"     : "41173866-360f-4bdf-babd-3f98a10ae013",
        "bForceLoad" : false
      },
      {
        "strName" : "ItmWallRYOB01",
        "fX"      : 1.0,
        "fY"      : -9.0,
        "fRotation" : 0.0,
        "strID"     : "a4cae253-6c2b-471d-ab18-ea7b35d51b4c",
        "bForceLoad" : false
      },
      {
        "strName" : "ItmFloorRYOF01",
        "fX"      : 2.0,
        "fY"      : -12.0,
        "fRotation" : 0.0,
        "strID"     : "c02739b1-95a0-48d3-8314-964fb504e58b",
        "bForceLoad" : false
      },
      {
        "strName" : "ItmFloorRYOF01",
        "fX"      : 2.0,
        "fY"      : -8.0,
        "fRotation" : 0.0,
        "strID"     : "f86289e5-efe6-4a64-a8e3-d7f7c20a55db",
        "bForceLoad" : false
      },
      {
        "strName" : "ItmFloorRYOF01",
        "fX"      : 8.0,
        "fY"      : -6.0,
        "fRotation" : 0.0,
        "strID"     : "2ea83683-fb55-4214-bd03-c28d6b731923",
        "bForceLoad" : false
      },
      {
        "strName" : "ItmWallRYOB01",
        "fX"      : 2.0,
        "fY"      : -12.0,
        "fRotation" : 0.0,
        "strID"     : "6fb48bc3-8da4-445f-b308-eee6c44cbe7a",
        "bForceLoad" : false
      },
      {
        "strName" : "ItmLitWall1x0Off",
        "fX"      : 0.0,
        "fY"      : -5.0,
        "fRotation" : 270.0,
        "strID"     : "1f3772d3-fdbe-4ab6-b650-8da1caeb80f4",
        "bForceLoad" : false
      },
      {
        "strName" : "ItmLitWall1x0Off",
        "fX"      : 2.0,
        "fY"      : -8.0,
        "fRotation" : 90.0,
        "strID"     : "1a7c6ce3-976a-4d76-b9b6-8677d56bda09",
        "bForceLoad" : false
      },
      {
        "strName" : "ItmLitWall1x0Off",
        "fX"      : 2.0,
        "fY"      : -4.0,
        "fRotation" : 90.0,
        "strID"     : "b44309ad-0724-471a-ba75-d657d814ba15",
        "bForceLoad" : false
      },
      {
        "strName" : "ItmLitWall1x0Off",
        "fX"      : 8.0,
        "fY"      : -8.0,
        "fRotation" : 270.0,
        "strID"     : "43c25a59-44f9-4459-b262-4131d5d0ccea",
        "bForceLoad" : false
      },
      {
        "strName" : "ItmLitWall1x0Off",
        "fX"      : 8.0,
        "fY"      : -4.0,
        "fRotation" : 270.0,
        "strID"     : "d993c344-9220-4e61-beed-bf9c00e07169",
        "bForceLoad" : false
      },
      {
        "strName" : "ItmLitWall1x0Off",
        "fX"      : 8.0,
        "fY"      : -15.0,
        "fRotation" : 0.0,
        "strID"     : "94773021-5f3b-4486-abe1-7adcd2fcbc9f",
        "bForceLoad" : false
      },
      {
        "strName" : "ItmConduit01",
        "fX"      : 1.0,
        "fY"      : -9.0,
        "fRotation" : 0.0,
        "strID"     : "cada319a-b793-4534-8148-cf384ba085c6",
        "bForceLoad" : false
      },
      {
        "strName" : "ItmConduit01",
        "fX"      : 1.0,
        "fY"      : -11.0,
        "fRotation" : 0.0,
        "strID"     : "fa6a66c9-118e-4cfb-bc3d-65e074f94658",
        "bForceLoad" : false
      },
      {
        "strName" : "ItmLitWall1x0Off",
        "fX"      : 2.0,
        "fY"      : -15.0,
        "fRotation" : 0.0,
        "strID"     : "ff8c9e51-b9d0-42b6-8a7e-9663d41591a6",
        "bForceLoad" : false
      },
      {
        "strName" : "ItmFloorRYOF01",
        "fX"      : 7.0,
        "fY"      : -13.0,
        "fRotation" : 0.0,
        "strID"     : "aba99b55-93b5-47a3-8ff2-982b12835d50",
        "bForceLoad" : false
      },
      {
        "strName" : "ItmFloorRYOF01",
        "fX"      : 3.0,
        "fY"      : -13.0,
        "fRotation" : 0.0,
        "strID"     : "7b5fd0c1-4e36-4900-b767-b7184fb463da",
        "bForceLoad" : false
      },
      {
        "strName" : "ItmConduit01",
        "fX"      : 1.0,
        "fY"      : -2.0,
        "fRotation" : 0.0,
        "strID"     : "75228d2c-a2fb-4d93-aaed-bfc37239563f",
        "bForceLoad" : false
      },
      {
        "strName" : "ItmFloorRYOF01",
        "fX"      : 9.0,
        "fY"      : -7.0,
        "fRotation" : 0.0,
        "strID"     : "e7fbecf6-c382-47a5-b5c2-b2394b4876fa",
        "bForceLoad" : false
      },
      {
        "strName" : "ItmFloorRYOF01",
        "fX"      : 9.0,
        "fY"      : -8.0,
        "fRotation" : 0.0,
        "strID"     : "231f72aa-3e47-4cf8-a048-eb0386bcd253",
        "bForceLoad" : false
      },
      {
        "strName" : "ItmFloorRYOF01",
        "fX"      : 9.0,
        "fY"      : -9.0,
        "fRotation" : 0.0,
        "strID"     : "03fe55e7-eae8-47d0-9273-53f7c3a5afae",
        "bForceLoad" : false
      },
      {
        "strName" : "ItmFloorRYOF01",
        "fX"      : 9.0,
        "fY"      : -10.0,
        "fRotation" : 0.0,
        "strID"     : "58c62860-26a8-4d68-ac28-8cb8c1b6dfde",
        "bForceLoad" : false
      },
      {
        "strName" : "ItmFloorRYOF01",
        "fX"      : 9.0,
        "fY"      : -11.0,
        "fRotation" : 0.0,
        "strID"     : "4220e938-7576-4b2b-8b33-69a42e715d5e",
        "bForceLoad" : false
      },
      {
        "strName" : "ItmFloorRYOF01",
        "fX"      : 9.0,
        "fY"      : -12.0,
        "fRotation" : 0.0,
        "strID"     : "0a0b815c-3058-40fe-9ed9-b5eff5b648bd",
        "bForceLoad" : false
      },
      {
        "strName" : "ItmCooler01Off",
        "fX"      : 1.0,
        "fY"      : -7.5,
        "fRotation" : 90.0,
        "strID"     : "1dde3a9c-88f2-4c60-bf05-12e1fe33c5f4",
        "bForceLoad" : false,
        "aGPMSettings" : [
          {
            "strName" : "Panel A",
            "dictGUIPropMap" : [
              "strGUIPrefab",
              "GUIAirPump",
              "strFriendlyName",
              "Cooler",
              "strGUIPrefabRight",
              null,
              "strGUIPrefabLeft",
              null,
              "strGUIPrefabUp",
              null,
              "strGUIPrefabDown",
              null,
              "strTitle",
              "Unscrew for Thermostat Sensor Input Signal",
              "strValidCOTrigger01",
              "TIsAlarmTemp",
              "strCondMonitor01",
              "DcGasTemp03",
              "strSubPoint",
              "Cool",
              "strAddPoint",
              "Heat",
              "strInput01",
              "945627ef-c755-4bc5-840d-2ef5044275d1"
            ]
          }
        ]
      },
      {
        "strName" : "ItmRCSCluster01Off",
        "fX"      : 9.0,
        "fY"      : -11.0,
        "fRotation" : 270.0,
        "strID"     : "857e8e89-eda6-4b1c-8087-1aff45e621a3",
        "bForceLoad" : false
      },
      {
        "strName" : "ItmRCSCluster01Off",
        "fX"      : 1.0,
        "fY"      : -11.0,
        "fRotation" : 90.0,
        "strID"     : "ca071a12-2572-455b-b742-ec15f1c27bac",
        "bForceLoad" : false
      },
      {
        "strName" : "ItmFloorRYOF01",
        "fX"      : 1.0,
        "fY"      : -7.0,
        "fRotation" : 0.0,
        "strID"     : "6074798b-eb7e-467a-98cc-a3d803613aa9",
        "bForceLoad" : false
      },
      {
        "strName" : "ItmFloorRYOF01",
        "fX"      : 1.0,
        "fY"      : -8.0,
        "fRotation" : 0.0,
        "strID"     : "c53a9329-70cc-4d25-b858-77de0a68a003",
        "bForceLoad" : false
      },
      {
        "strName" : "ItmFloorRYOF01",
        "fX"      : 1.0,
        "fY"      : -9.0,
        "fRotation" : 0.0,
        "strID"     : "225e101d-2cfc-4a49-89d8-8773c90bfe07",
        "bForceLoad" : false
      },
      {
        "strName" : "ItmFloorRYOF01",
        "fX"      : 1.0,
        "fY"      : -10.0,
        "fRotation" : 0.0,
        "strID"     : "4f600b07-f8dc-4cfb-bf5f-c5d35d4abb05",
        "bForceLoad" : false
      },
      {
        "strName" : "ItmFloorRYOF01",
        "fX"      : 1.0,
        "fY"      : -11.0,
        "fRotation" : 0.0,
        "strID"     : "72406e34-3901-419c-9d07-54aba5df984f",
        "bForceLoad" : false
      },
      {
        "strName" : "ItmFloorRYOF01",
        "fX"      : 1.0,
        "fY"      : -12.0,
        "fRotation" : 0.0,
        "strID"     : "7be3f48f-539a-403a-b58e-fb3dd581d8b9",
        "bForceLoad" : false
      },
      {
        "strName" : "ItmRCSCluster01Off",
        "fX"      : 1.0,
        "fY"      : -3.0,
        "fRotation" : 90.0,
        "strID"     : "1f208996-bab5-42f5-8a39-f93e3bac3c45",
        "bForceLoad" : false
      },
      {
        "strName" : "ItmWallRYOB01",
        "fX"      : 9.0,
        "fY"      : -12.0,
        "fRotation" : 0.0,
        "strID"     : "942e4434-f047-48db-b45f-5892982b891f",
        "bForceLoad" : false
      },
      {
        "strName" : "ItmWallRYOB01",
        "fX"      : 8.0,
        "fY"      : -12.0,
        "fRotation" : 0.0,
        "strID"     : "cbeb5528-a60e-46b9-b6a2-696eee634d00",
        "bForceLoad" : false
      },
      {
        "strName" : "ItmFloorRYOF01",
        "fX"      : 8.0,
        "fY"      : -12.0,
        "fRotation" : 0.0,
        "strID"     : "be55be2a-89e9-4ce5-bce2-064d278a2a74",
        "bForceLoad" : false
      },
      {
        "strName" : "ItmWallRYOB01",
        "fX"      : 1.0,
        "fY"      : -12.0,
        "fRotation" : 0.0,
        "strID"     : "9656809c-5093-4e91-aa41-155ae7c3688c",
        "bForceLoad" : false
      },
      {
        "strName" : "ItmRTAO2",
        "fX"      : 3.0,
        "fY"      : -13.0,
        "fRotation" : 90.0,
        "strID"     : "6d476bdb-7d6e-4bed-8e70-9659cf3fdf70",
        "bForceLoad" : false
      },
      {
        "strName" : "ItmAirPump03Off",
        "fX"      : 3.0,
        "fY"      : -12.0,
        "fRotation" : 180.0,
        "strID"     : "1764e71e-1415-44e7-942e-659da11a9d99",
        "bForceLoad" : false,
        "aGPMSettings" : [
          {
            "strName" : "Panel A",
            "dictGUIPropMap" : [
              "strGUIPrefab",
              "GUIAirPump",
              "strFriendlyName",
              "Air Pump",
              "strGUIPrefabRight",
              null,
              "strGUIPrefabLeft",
              null,
              "strGUIPrefabUp",
              null,
              "strGUIPrefabDown",
              null,
              "strTitle",
              "Unscrew for Pressure Sensor Input Signal",
              "strValidCOTrigger01",
              "TIsAlarm2",
              "strCondMonitor01",
              "IsReadyPumpAir",
              "strInput01",
              "aa6066b0-3a9f-44db-88db-9641e6d16665",
              "nKnobBus",
              "1",
              "bTurbo",
              "false",
              "bReverse",
              "false"
            ]
          }
        ]
      },
      {
        "strName" : "ItmRCSCluster01Off",
        "fX"      : 9.0,
        "fY"      : -3.0,
        "fRotation" : 270.0,
        "strID"     : "4c469151-88d2-4414-9189-f69b884424ff",
        "bForceLoad" : false
      },
      {
        "strName" : "ItmWallRYOB01",
        "fX"      : 9.0,
        "fY"      : -11.0,
        "fRotation" : 0.0,
        "strID"     : "bc9d5047-df4b-43c7-bce9-5651fd750039",
        "bForceLoad" : false
      },
      {
        "strName" : "ItmConduit01",
        "fX"      : 9.0,
        "fY"      : -10.0,
        "fRotation" : 0.0,
        "strID"     : "2123b01a-408c-4895-a227-3780a74fdfbb",
        "bForceLoad" : false
      },
      {
        "strName" : "ItmConduit01",
        "fX"      : 2.0,
        "fY"      : -2.0,
        "fRotation" : 0.0,
        "strID"     : "41cfe374-3500-4bb0-aaf1-d7eac1a53812",
        "bForceLoad" : false
      },
      {
        "strName" : "ItmConduit01",
        "fX"      : 2.0,
        "fY"      : -1.0,
        "fRotation" : 0.0,
        "strID"     : "cc1cc5dd-67de-429f-ad0f-f06e302353a5",
        "bForceLoad" : false
      },
      {
        "strName" : "ItmConduit01",
        "fX"      : 1.0,
        "fY"      : -12.0,
        "fRotation" : 0.0,
        "strID"     : "c73235e5-2aff-4d5b-bbdb-ae8d883c578b",
        "bForceLoad" : false
      },
      {
        "strName" : "ItmConduit01",
        "fX"      : 1.0,
        "fY"      : -10.0,
        "fRotation" : 0.0,
        "strID"     : "f6753b1b-cc59-44c5-829c-076b701a7da8",
        "bForceLoad" : false
      },
      {
        "strName" : "ItmConduit01",
        "fX"      : 2.0,
        "fY"      : 0.0,
        "fRotation" : 0.0,
        "strID"     : "195ef56b-daef-4e55-9051-3c134eb25bfb",
        "bForceLoad" : false
      },
      {
        "strName" : "ItmConduit01",
        "fX"      : 3.0,
        "fY"      : 0.0,
        "fRotation" : 0.0,
        "strID"     : "7408ad6e-7e4d-4374-8993-1c33ff7e653a",
        "bForceLoad" : false
      },
      {
        "strName" : "ItmConduit01",
        "fX"      : 4.0,
        "fY"      : 0.0,
        "fRotation" : 0.0,
        "strID"     : "24191f9c-396b-4a32-b270-8ab9bf53aec3",
        "bForceLoad" : false
      },
      {
        "strName" : "ItmWallRYOB01",
        "fX"      : 9.0,
        "fY"      : -10.0,
        "fRotation" : 0.0,
        "strID"     : "5d4a3680-2873-411c-b59f-0d0affd5edb2",
        "bForceLoad" : false
      },
      {
        "strName" : "ItmWallRYOB01",
        "fX"      : 9.0,
        "fY"      : -9.0,
        "fRotation" : 0.0,
        "strID"     : "1de9604b-3628-4576-acce-a51c7cbbfc92",
        "bForceLoad" : false
      },
      {
        "strName" : "ItmConduit01",
        "fX"      : 4.0,
        "fY"      : -8.0,
        "fRotation" : 0.0,
        "strID"     : "d1e8bf4c-3444-4862-9b76-6928d660f665",
        "bForceLoad" : false
      },
      {
        "strName" : "ItmConduit01",
        "fX"      : 3.0,
        "fY"      : -8.0,
        "fRotation" : 0.0,
        "strID"     : "7f65650a-0f2d-484e-b6ee-bd8770bc4f74",
        "bForceLoad" : false
      },
      {
        "strName" : "ItmWallRYOB01",
        "fX"      : 9.0,
        "fY"      : -8.0,
        "fRotation" : 0.0,
        "strID"     : "2d710d5d-91ee-463b-947d-79c99c56b4d8",
        "bForceLoad" : false
      },
      {
        "strName" : "ItmConduit01",
        "fX"      : 2.0,
        "fY"      : -5.0,
        "fRotation" : 0.0,
        "strID"     : "a70c0805-de3e-41bd-a9b8-372e96e5e0bc",
        "bForceLoad" : false
      },
      {
        "strName" : "ItmConduit01",
        "fX"      : 8.0,
        "fY"      : -7.0,
        "fRotation" : 0.0,
        "strID"     : "d5e2c4ec-3a52-4e47-94c8-b0cad275fa3c",
        "bForceLoad" : false
      },
      {
        "strName" : "ItmConduit01",
        "fX"      : 9.0,
        "fY"      : -2.0,
        "fRotation" : 0.0,
        "strID"     : "67410c2f-513f-4688-aca7-39343d423573",
        "bForceLoad" : false
      },
      {
        "strName" : "ItmConduit01",
        "fX"      : 8.0,
        "fY"      : -2.0,
        "fRotation" : 0.0,
        "strID"     : "41aab829-1d16-4c82-b3c1-7fe3a33f53bc",
        "bForceLoad" : false
      },
      {
        "strName" : "ItmConduit01",
        "fX"      : 2.0,
        "fY"      : -12.0,
        "fRotation" : 0.0,
        "strID"     : "922b53ab-b1c5-400e-978d-4875b578c14a",
        "bForceLoad" : false
      },
      {
        "strName" : "ItmConduit01",
        "fX"      : 5.0,
        "fY"      : 0.0,
        "fRotation" : 0.0,
        "strID"     : "dc52495d-d762-4e79-b9d0-f883cdda9add",
        "bForceLoad" : false
      },
      {
        "strName" : "ItmConduit01",
        "fX"      : 3.0,
        "fY"      : -12.0,
        "fRotation" : 0.0,
        "strID"     : "06cada28-350d-4acb-ac8f-138682eaf0ca",
        "bForceLoad" : false
      },
      {
        "strName" : "ItmWallRYOB01",
        "fX"      : 1.0,
        "fY"      : -10.0,
        "fRotation" : 0.0,
        "strID"     : "a6d54ba3-fb1e-4b90-bbc8-6f017dd817ee",
        "bForceLoad" : false
      },
      {
        "strName" : "ItmWallRYOB01",
        "fX"      : 1.0,
        "fY"      : -11.0,
        "fRotation" : 0.0,
        "strID"     : "b4e531bb-c77c-412a-8ed0-1c3b331b1b21",
        "bForceLoad" : false
      },
      {
        "strName" : "ItmConduit01",
        "fX"      : 8.0,
        "fY"      : -12.0,
        "fRotation" : 0.0,
        "strID"     : "bed84f88-b321-45a9-8e6b-98e3763a9bbd",
        "bForceLoad" : false
      },
      {
        "strName" : "ItmConduit01",
        "fX"      : 8.0,
        "fY"      : -13.0,
        "fRotation" : 0.0,
        "strID"     : "e6f5f684-e909-4202-98fd-913f6fff3ffb",
        "bForceLoad" : false
      },
      {
        "strName" : "ItmConduit01",
        "fX"      : 9.0,
        "fY"      : -12.0,
        "fRotation" : 0.0,
        "strID"     : "0bfc1e12-4840-49b3-ba02-1cb87d77a969",
        "bForceLoad" : false
      },
      {
        "strName" : "ItmConduit01",
        "fX"      : 6.0,
        "fY"      : 0.0,
        "fRotation" : 0.0,
        "strID"     : "c50e1b18-0354-4470-b4cc-b1020ce97875",
        "bForceLoad" : false
      },
      {
        "strName" : "ItmWallRYOB01",
        "fX"      : 8.0,
        "fY"      : -14.0,
        "fRotation" : 0.0,
        "strID"     : "312189a2-544e-46f4-8e18-42e3f9286112",
        "bForceLoad" : false
      },
      {
        "strName" : "ItmWallRYOB01",
        "fX"      : 7.0,
        "fY"      : -14.0,
        "fRotation" : 0.0,
        "strID"     : "e456edcb-c0f5-4f8d-bb1a-ba6b705e9906",
        "bForceLoad" : false
      },
      {
        "strName" : "ItmWallRYOB01",
        "fX"      : 3.0,
        "fY"      : -14.0,
        "fRotation" : 0.0,
        "strID"     : "f6e9d2a2-1e8c-4a0e-8401-b84e77666889",
        "bForceLoad" : false
      },
      {
        "strName" : "ItmWallRYOB01",
        "fX"      : 2.0,
        "fY"      : -14.0,
        "fRotation" : 0.0,
        "strID"     : "c61229d2-7c42-4311-9e51-c017e62f7ccf",
        "bForceLoad" : false
      },
      {
        "strName" : "ItmWallRYOB01",
        "fX"      : 1.0,
        "fY"      : -8.0,
        "fRotation" : 0.0,
        "strID"     : "f0cd35a4-a510-48e3-be79-c693ae3ca7bc",
        "bForceLoad" : false
      },
      {
        "strName" : "ItmConduit01",
        "fX"      : 2.0,
        "fY"      : -13.0,
        "fRotation" : 0.0,
        "strID"     : "f3f519d9-336d-458b-97d8-9e5d21ca27c8",
        "bForceLoad" : false
      },
      {
        "strName" : "ItmConduit01",
        "fX"      : 2.0,
        "fY"      : -14.0,
        "fRotation" : 0.0,
        "strID"     : "882fc05d-227f-4487-b116-519cbd18424a",
        "bForceLoad" : false
      },
      {
        "strName" : "ItmConduit01",
        "fX"      : 3.0,
        "fY"      : -14.0,
        "fRotation" : 0.0,
        "strID"     : "2627a24f-a00a-463b-b6ae-4ff57a4452ee",
        "bForceLoad" : false
      },
      {
        "strName" : "ItmConduit01",
        "fX"      : 8.0,
        "fY"      : -14.0,
        "fRotation" : 0.0,
        "strID"     : "ce09ffcf-2bb5-4724-b31e-145c05e4c395",
        "bForceLoad" : false
      },
      {
        "strName" : "ItmConduit01",
        "fX"      : 7.0,
        "fY"      : -14.0,
        "fRotation" : 0.0,
        "strID"     : "b4fbe5fe-41fa-4b33-b00d-9aa33ad37e8e",
        "bForceLoad" : false
      },
      {
        "strName" : "ItmLitWall1x0Off",
        "fX"      : 4.0,
        "fY"      : -14.0,
        "fRotation" : 90.0,
        "strID"     : "893d2be9-333a-457b-b3ec-c6246e52efdc",
        "bForceLoad" : false
      },
      {
        "strName" : "ItmLitWall1x0Off",
        "fX"      : 6.0,
        "fY"      : -14.0,
        "fRotation" : 270.0,
        "strID"     : "2c2ba4c1-75d3-486b-8b48-c621cd1af10a",
        "bForceLoad" : false
      },
      {
        "strName" : "ItmConduit01",
        "fX"      : 7.0,
        "fY"      : 0.0,
        "fRotation" : 0.0,
        "strID"     : "c208771d-0166-4708-8d6f-fd78a40393c3",
        "bForceLoad" : false
      },
      {
        "strName" : "ItmConduit01",
        "fX"      : 8.0,
        "fY"      : 0.0,
        "fRotation" : 0.0,
        "strID"     : "be1663f6-aefb-441d-9cfe-ddc9f5d88d38",
        "bForceLoad" : false
      },
      {
        "strName" : "ItmConduit01",
        "fX"      : 8.0,
        "fY"      : -1.0,
        "fRotation" : 0.0,
        "strID"     : "d85be0be-4662-4b11-85f6-35120b226476",
        "bForceLoad" : false
      },
      {
        "strName" : "ItmConduit01",
        "fX"      : 9.0,
        "fY"      : -3.0,
        "fRotation" : 0.0,
        "strID"     : "524a6f13-fb9d-4465-82ca-cfd348bf6596",
        "bForceLoad" : false
      },
      {
        "strName" : "ItmWallRYOB01",
        "fX"      : 9.0,
        "fY"      : -7.0,
        "fRotation" : 0.0,
        "strID"     : "2d27bceb-3ba5-4485-9d98-26faa2d9b09e",
        "bForceLoad" : false
      },
      {
        "strName" : "ItmWallRYOB01",
        "fX"      : 9.0,
        "fY"      : -6.0,
        "fRotation" : 0.0,
        "strID"     : "95fa0a48-106b-4e57-9ccd-69fad4dae09f",
        "bForceLoad" : false
      },
      {
        "strName" : "ItmWallRYOB01",
        "fX"      : 9.0,
        "fY"      : -5.0,
        "fRotation" : 0.0,
        "strID"     : "2b8ff6f3-2bfe-4119-8b93-f00981a9b967",
        "bForceLoad" : false
      },
      {
        "strName" : "ItmWallRYOB01",
        "fX"      : 9.0,
        "fY"      : -4.0,
        "fRotation" : 0.0,
        "strID"     : "3210138e-5d87-4aee-88cb-25f5cbbe29b2",
        "bForceLoad" : false
      },
      {
        "strName" : "ItmWallRYOB01",
        "fX"      : 3.0,
        "fY"      : 0.0,
        "fRotation" : 0.0,
        "strID"     : "64eb20ab-371e-4bd8-bc53-008d853e031b",
        "bForceLoad" : false
      },
      {
        "strName" : "ItmWallRYOB01",
        "fX"      : 4.0,
        "fY"      : 0.0,
        "fRotation" : 0.0,
        "strID"     : "ccc01f95-6ea5-4eef-b201-37a42dc41d9e",
        "bForceLoad" : false
      },
      {
        "strName" : "ItmFloorRYOF01",
        "fX"      : 1.0,
        "fY"      : -6.0,
        "fRotation" : 0.0,
        "strID"     : "2cb980fe-7e82-4a4c-ba65-4e20d763977a",
        "bForceLoad" : false
      },
      {
        "strName" : "ItmFloorRYOF01",
        "fX"      : 9.0,
        "fY"      : -6.0,
        "fRotation" : 0.0,
        "strID"     : "24705dc2-ea34-4b3c-b10f-c312ea94edfc",
        "bForceLoad" : false
      },
      {
        "strName" : "ItmFloorRYOF01",
        "fX"      : 9.0,
        "fY"      : -5.0,
        "fRotation" : 0.0,
        "strID"     : "3aab2369-923b-4301-a617-444d2b38a04c",
        "bForceLoad" : false
      },
      {
        "strName" : "ItmFloorRYOF01",
        "fX"      : 8.0,
        "fY"      : -5.0,
        "fRotation" : 0.0,
        "strID"     : "e9db57e1-3c15-429f-bcd8-fe4b798c56c5",
        "bForceLoad" : false
      },
      {
        "strName" : "ItmFloorRYOF01",
        "fX"      : 7.0,
        "fY"      : -5.0,
        "fRotation" : 0.0,
        "strID"     : "49542076-e985-45aa-82cf-d6d341fe8746",
        "bForceLoad" : false
      },
      {
        "strName" : "ItmFloorRYOF01",
        "fX"      : 6.0,
        "fY"      : -5.0,
        "fRotation" : 0.0,
        "strID"     : "1f64c600-cbfc-4db9-b141-73b7d52a9bcd",
        "bForceLoad" : false
      },
      {
        "strName" : "ItmFloorRYOF01",
        "fX"      : 5.0,
        "fY"      : -5.0,
        "fRotation" : 0.0,
        "strID"     : "784cce65-497a-4cc0-8274-c3089c905ba6",
        "bForceLoad" : false
      },
      {
        "strName" : "ItmFloorRYOF01",
        "fX"      : 4.0,
        "fY"      : -5.0,
        "fRotation" : 0.0,
        "strID"     : "ab5e3932-4f47-46a2-b019-116999b04858",
        "bForceLoad" : false
      },
      {
        "strName" : "ItmFloorRYOF01",
        "fX"      : 3.0,
        "fY"      : -5.0,
        "fRotation" : 0.0,
        "strID"     : "fba7784c-93e1-458f-803b-98885a58756f",
        "bForceLoad" : false
      },
      {
        "strName" : "ItmFloorRYOF01",
        "fX"      : 2.0,
        "fY"      : -5.0,
        "fRotation" : 0.0,
        "strID"     : "8e2ee6b8-7c08-410f-a97e-779ba38cb595",
        "bForceLoad" : false
      },
      {
        "strName" : "ItmFloorRYOF01",
        "fX"      : 1.0,
        "fY"      : -5.0,
        "fRotation" : 0.0,
        "strID"     : "b9ed50b5-b1bb-4b2a-8b9c-3c65c707663e",
        "bForceLoad" : false
      },
      {
        "strName" : "ItmFloorRYOF01",
        "fX"      : 1.0,
        "fY"      : -4.0,
        "fRotation" : 0.0,
        "strID"     : "068bb211-0c97-4446-8f24-7056e9588be3",
        "bForceLoad" : false
      },
      {
        "strName" : "ItmFloorRYOF01",
        "fX"      : 1.0,
        "fY"      : -3.0,
        "fRotation" : 0.0,
        "strID"     : "8066d976-aef8-4383-9c62-e55938c83037",
        "bForceLoad" : false
      },
      {
        "strName" : "ItmFloorRYOF01",
        "fX"      : 1.0,
        "fY"      : -2.0,
        "fRotation" : 0.0,
        "strID"     : "58fa7c52-21c5-419d-af55-7f559b01fd7b",
        "bForceLoad" : false
      },
      {
        "strName" : "ItmConduit01",
        "fX"      : 9.0,
        "fY"      : -4.0,
        "fRotation" : 0.0,
        "strID"     : "7047a8fe-52dd-4273-8158-dcbc603bf169",
        "bForceLoad" : false
      },
      {
        "strName" : "ItmConduit01",
        "fX"      : 9.0,
        "fY"      : -5.0,
        "fRotation" : 0.0,
        "strID"     : "fe740b66-fda1-4242-9631-d1b9bd8f5bda",
        "bForceLoad" : false
      },
      {
        "strName" : "ItmConduit01",
        "fX"      : 9.0,
        "fY"      : -6.0,
        "fRotation" : 0.0,
        "strID"     : "076e7e73-0ec5-43ca-8cbe-84e4089a9f94",
        "bForceLoad" : false
      },
      {
        "strName" : "ItmConduit01",
        "fX"      : 9.0,
        "fY"      : -7.0,
        "fRotation" : 0.0,
        "strID"     : "8cba9851-1f84-4232-90f5-24770ccce081",
        "bForceLoad" : false
      },
      {
        "strName" : "ItmConduit01",
        "fX"      : 9.0,
        "fY"      : -8.0,
        "fRotation" : 0.0,
        "strID"     : "42d4306d-383a-42b2-9f01-f9847ab9ed49",
        "bForceLoad" : false
      },
      {
        "strName" : "ItmConduit01",
        "fX"      : 9.0,
        "fY"      : -9.0,
        "fRotation" : 0.0,
        "strID"     : "974ef848-0fe4-4fa5-9d61-49fccc513901",
        "bForceLoad" : false
      },
      {
        "strName" : "ItmConduit01",
        "fX"      : 9.0,
        "fY"      : -11.0,
        "fRotation" : 0.0,
        "strID"     : "aba4fc19-db11-4778-ad96-10944c48c2ac",
        "bForceLoad" : false
      },
      {
        "strName" : "ItmConduit01",
        "fX"      : 1.0,
        "fY"      : -3.0,
        "fRotation" : 0.0,
        "strID"     : "4d78d868-89ac-4400-b4cc-b6ae97a6321e",
        "bForceLoad" : false
      },
      {
        "strName" : "ItmConduit01",
        "fX"      : 1.0,
        "fY"      : -4.0,
        "fRotation" : 0.0,
        "strID"     : "c3187ad6-a00b-427a-8812-f8ce032fe9c0",
        "bForceLoad" : false
      },
      {
        "strName" : "ItmConduit01",
        "fX"      : 1.0,
        "fY"      : -5.0,
        "fRotation" : 0.0,
        "strID"     : "d9433a54-93c5-4eac-8fb2-253b74b8e614",
        "bForceLoad" : false
      },
      {
        "strName" : "ItmConduit01",
        "fX"      : 1.0,
        "fY"      : -6.0,
        "fRotation" : 0.0,
        "strID"     : "2376afdc-59d1-4092-bf3a-5552959de91c",
        "bForceLoad" : false
      },
      {
        "strName" : "ItmWallRYOB01",
        "fX"      : 2.0,
        "fY"      : 0.0,
        "fRotation" : 0.0,
        "strID"     : "701c5ac2-e2c5-474d-a978-fffa9da305c5",
        "bForceLoad" : false
      },
      {
        "strName" : "ItmWallRYOB01",
        "fX"      : 2.0,
        "fY"      : -1.0,
        "fRotation" : 0.0,
        "strID"     : "1284bdbc-2300-4d10-af30-cc77a105bf7a",
        "bForceLoad" : false
      },
      {
        "strName" : "ItmWallRYOB01",
        "fX"      : 9.0,
        "fY"      : -3.0,
        "fRotation" : 0.0,
        "strID"     : "4d806ec2-27bf-40ab-91da-dd2433ac2e3a",
        "bForceLoad" : false
      },
      {
        "strName" : "ItmWallRYOB01",
        "fX"      : 1.0,
        "fY"      : -3.0,
        "fRotation" : 0.0,
        "strID"     : "ddedb699-76c1-475c-bb99-27511e5b9715",
        "bForceLoad" : false
      },
      {
        "strName" : "ItmWallRYOB01",
        "fX"      : 1.0,
        "fY"      : -4.0,
        "fRotation" : 0.0,
        "strID"     : "b462339b-1e2d-458b-9eac-b89783a25125",
        "bForceLoad" : false
      },
      {
        "strName" : "ItmWallRYOB01",
        "fX"      : 1.0,
        "fY"      : -5.0,
        "fRotation" : 0.0,
        "strID"     : "8f88b228-5f94-46c5-a2c4-9c7e2c994b98",
        "bForceLoad" : false
      },
      {
        "strName" : "ItmWallRYOB01",
        "fX"      : 1.0,
        "fY"      : -6.0,
        "fRotation" : 0.0,
        "strID"     : "7e093d95-6631-4b75-94eb-e8861ded94f6",
        "bForceLoad" : false
      },
      {
        "strName" : "ItmWallRYOB01",
        "fX"      : 1.0,
        "fY"      : -7.0,
        "fRotation" : 0.0,
        "strID"     : "55f762e0-aef6-45b7-8246-d9e2de78a6a0",
        "bForceLoad" : false
      },
      {
        "strName" : "ItmFloorRYOF01",
        "fX"      : 8.0,
        "fY"      : -13.0,
        "fRotation" : 0.0,
        "strID"     : "e21bfdf5-a5e1-4348-a913-e56ae3cad360",
        "bForceLoad" : false
      },
      {
        "strName" : "ItmFloorRYOF01",
        "fX"      : 8.0,
        "fY"      : -14.0,
        "fRotation" : 0.0,
        "strID"     : "005f6307-226a-4ff1-879d-4867325afcda",
        "bForceLoad" : false
      },
      {
        "strName" : "ItmFloorRYOF01",
        "fX"      : 7.0,
        "fY"      : -14.0,
        "fRotation" : 0.0,
        "strID"     : "cc975c91-e169-45d8-a983-1abcf9df8296",
        "bForceLoad" : false
      },
      {
        "strName" : "ItmFloorRYOF01",
        "fX"      : 3.0,
        "fY"      : -14.0,
        "fRotation" : 0.0,
        "strID"     : "0c53cde9-fc91-42b2-8a78-c0a9bf28d0b6",
        "bForceLoad" : false
      },
      {
        "strName" : "ItmFloorRYOF01",
        "fX"      : 2.0,
        "fY"      : -14.0,
        "fRotation" : 0.0,
        "strID"     : "7ac2395e-af46-42f8-9b65-161df4fdbec1",
        "bForceLoad" : false
      },
      {
        "strName" : "ItmFloorRYOF01",
        "fX"      : 2.0,
        "fY"      : -13.0,
        "fRotation" : 0.0,
        "strID"     : "9e5c41b8-d77f-4ebc-a5ab-ae44d40476d5",
        "bForceLoad" : false
      },
      {
        "strName" : "ItmFloorRYOF01",
        "fX"      : 2.0,
        "fY"      : 0.0,
        "fRotation" : 0.0,
        "strID"     : "a71ec2e9-525e-4b76-a4db-0622db87eb91",
        "bForceLoad" : false
      },
      {
        "strName" : "ItmFloorRYOF01",
        "fX"      : 2.0,
        "fY"      : -1.0,
        "fRotation" : 0.0,
        "strID"     : "7a05ecfc-b17d-4cb4-9ade-4e0fed735545",
        "bForceLoad" : false
      },
      {
        "strName" : "ItmFloorRYOF01",
        "fX"      : 2.0,
        "fY"      : -2.0,
        "fRotation" : 0.0,
        "strID"     : "7e6e428f-571b-44d2-83d4-9e04ac685bb4",
        "bForceLoad" : false
      },
      {
        "strName" : "ItmFloorRYOF01",
        "fX"      : 2.0,
        "fY"      : -3.0,
        "fRotation" : 0.0,
        "strID"     : "b636fdcc-cdee-463d-975b-90e74d17db15",
        "bForceLoad" : false
      },
      {
        "strName" : "ItmFloorRYOF01",
        "fX"      : 2.0,
        "fY"      : -4.0,
        "fRotation" : 0.0,
        "strID"     : "7eded0aa-1adb-46a6-afff-1fa7879200a0",
        "bForceLoad" : false
      },
      {
        "strName" : "ItmFloorRYOF01",
        "fX"      : 3.0,
        "fY"      : -4.0,
        "fRotation" : 0.0,
        "strID"     : "ad8be2bc-a364-4de1-a996-0d10277b0100",
        "bForceLoad" : false
      },
      {
        "strName" : "ItmFloorRYOF01",
        "fX"      : 3.0,
        "fY"      : -3.0,
        "fRotation" : 0.0,
        "strID"     : "a21d1ca6-61e3-4dfb-845a-057727d8a319",
        "bForceLoad" : false
      },
      {
        "strName" : "ItmFloorRYOF01",
        "fX"      : 3.0,
        "fY"      : -2.0,
        "fRotation" : 0.0,
        "strID"     : "7b7804a3-ec4e-4e5e-be43-863aa49ddcfb",
        "bForceLoad" : false
      },
      {
        "strName" : "ItmFloorRYOF01",
        "fX"      : 3.0,
        "fY"      : -1.0,
        "fRotation" : 0.0,
        "strID"     : "58487c94-3e95-4896-bdce-f160edfa523a",
        "bForceLoad" : false
      },
      {
        "strName" : "ItmFloorRYOF01",
        "fX"      : 3.0,
        "fY"      : 0.0,
        "fRotation" : 0.0,
        "strID"     : "f5a3875b-5f94-4b28-b6fc-63f3657ebfac",
        "bForceLoad" : false
      },
      {
        "strName" : "ItmFloorRYOF01",
        "fX"      : 4.0,
        "fY"      : 0.0,
        "fRotation" : 0.0,
        "strID"     : "eb1e221a-5bd9-46da-9e10-9cfe805433f8",
        "bForceLoad" : false
      },
      {
        "strName" : "ItmFloorRYOF01",
        "fX"      : 4.0,
        "fY"      : -1.0,
        "fRotation" : 0.0,
        "strID"     : "3a675fdc-9cb0-4e85-8cc1-59f8d30bb984",
        "bForceLoad" : false
      },
      {
        "strName" : "ItmFloorRYOF01",
        "fX"      : 4.0,
        "fY"      : -2.0,
        "fRotation" : 0.0,
        "strID"     : "8057f051-5ec6-43ea-b3c0-8ef6e2fa4768",
        "bForceLoad" : false
      },
      {
        "strName" : "ItmFloorRYOF01",
        "fX"      : 4.0,
        "fY"      : -3.0,
        "fRotation" : 0.0,
        "strID"     : "460d5d66-b319-415a-9989-f357c5dcbee4",
        "bForceLoad" : false
      },
      {
        "strName" : "ItmFloorRYOF01",
        "fX"      : 4.0,
        "fY"      : -4.0,
        "fRotation" : 0.0,
        "strID"     : "2ca07c95-e504-4c34-8185-04537cb8745b",
        "bForceLoad" : false
      },
      {
        "strName" : "ItmFloorRYOF01",
        "fX"      : 5.0,
        "fY"      : -4.0,
        "fRotation" : 0.0,
        "strID"     : "16072ac8-fe66-46a5-9b99-e0f5545a3c4b",
        "bForceLoad" : false
      },
      {
        "strName" : "ItmFloorRYOF01",
        "fX"      : 5.0,
        "fY"      : -3.0,
        "fRotation" : 0.0,
        "strID"     : "3bad89d2-61c5-476b-803a-bb999d19a3cc",
        "bForceLoad" : false
      },
      {
        "strName" : "ItmFloorRYOF01",
        "fX"      : 5.0,
        "fY"      : -2.0,
        "fRotation" : 0.0,
        "strID"     : "20390269-b1a2-4694-9434-0596922ff413",
        "bForceLoad" : false
      },
      {
        "strName" : "ItmFloorRYOF01",
        "fX"      : 5.0,
        "fY"      : -1.0,
        "fRotation" : 0.0,
        "strID"     : "5f9d0715-9a11-4095-a18e-810fb3af5699",
        "bForceLoad" : false
      },
      {
        "strName" : "ItmFloorRYOF01",
        "fX"      : 5.0,
        "fY"      : 0.0,
        "fRotation" : 0.0,
        "strID"     : "68f4c54e-5891-4f5f-bb41-c4925e181697",
        "bForceLoad" : false
      },
      {
        "strName" : "ItmFloorRYOF01",
        "fX"      : 6.0,
        "fY"      : 0.0,
        "fRotation" : 0.0,
        "strID"     : "97b56bd1-c509-4f9d-836d-0568805bf74c",
        "bForceLoad" : false
      },
      {
        "strName" : "ItmFloorRYOF01",
        "fX"      : 6.0,
        "fY"      : -1.0,
        "fRotation" : 0.0,
        "strID"     : "029d0c3a-7c12-4821-874c-64327353c3bb",
        "bForceLoad" : false
      },
      {
        "strName" : "ItmFloorRYOF01",
        "fX"      : 6.0,
        "fY"      : -2.0,
        "fRotation" : 0.0,
        "strID"     : "a35ca20f-a2e2-466f-9203-5116dc06e906",
        "bForceLoad" : false
      },
      {
        "strName" : "ItmFloorRYOF01",
        "fX"      : 6.0,
        "fY"      : -3.0,
        "fRotation" : 0.0,
        "strID"     : "ad2fc374-cbf4-44f1-827f-930942d80926",
        "bForceLoad" : false
      },
      {
        "strName" : "ItmFloorRYOF01",
        "fX"      : 6.0,
        "fY"      : -4.0,
        "fRotation" : 0.0,
        "strID"     : "15a9fb56-65ab-4357-9089-ab46e684f1e1",
        "bForceLoad" : false
      },
      {
        "strName" : "ItmFloorRYOF01",
        "fX"      : 7.0,
        "fY"      : -4.0,
        "fRotation" : 0.0,
        "strID"     : "5031ee57-c5c3-4c0e-bb71-8489150c3bec",
        "bForceLoad" : false
      },
      {
        "strName" : "ItmFloorRYOF01",
        "fX"      : 7.0,
        "fY"      : -3.0,
        "fRotation" : 0.0,
        "strID"     : "a765eb1a-f22d-462d-b39a-ec365becbf51",
        "bForceLoad" : false
      },
      {
        "strName" : "ItmFloorRYOF01",
        "fX"      : 7.0,
        "fY"      : -2.0,
        "fRotation" : 0.0,
        "strID"     : "4d41f664-3b29-4700-b787-937bca311b38",
        "bForceLoad" : false
      },
      {
        "strName" : "ItmFloorRYOF01",
        "fX"      : 7.0,
        "fY"      : -1.0,
        "fRotation" : 0.0,
        "strID"     : "aa80067f-aff3-4b38-ac76-609e44c83f45",
        "bForceLoad" : false
      },
      {
        "strName" : "ItmFloorRYOF01",
        "fX"      : 7.0,
        "fY"      : 0.0,
        "fRotation" : 0.0,
        "strID"     : "e17f6e4c-33d8-442d-94a7-c4e6b18a90d0",
        "bForceLoad" : false
      },
      {
        "strName" : "ItmLitWall1x0Off",
        "fX"      : 5.0,
        "fY"      : -1.0,
        "fRotation" : 0.0,
        "strID"     : "b44128b6-1653-43c4-a6c5-150edcad567d",
        "bForceLoad" : false
      },
      {
        "strName" : "ItmLitWall1x0Off",
        "fX"      : 10.0,
        "fY"      : -5.0,
        "fRotation" : 90.0,
        "strID"     : "9376e193-8e31-477b-92b5-672327d4b04c",
        "bForceLoad" : false
      },
      {
        "strName" : "ItmAlarmO2Off",
        "fX"      : 3.0,
        "fY"      : -1.0,
        "fRotation" : 0.0,
        "strID"     : "aa6066b0-3a9f-44db-88db-9641e6d16665",
        "bForceLoad" : false,
        "aGPMSettings" : [
          {
            "strName" : "Panel A",
            "dictGUIPropMap" : [
              "strGUIPrefab",
              "GUIOnOff",
              "strFriendlyName",
              "Alarm",
              "strGUIPrefabRight",
              null,
              "strGUIPrefabLeft",
              null,
              "strGUIPrefabUp",
              null,
              "strGUIPrefabDown",
              null,
              "strTitle",
              "Alarm Override"
            ]
          }
        ]
      },
      {
        "strName" : "ItmAlarmTempOff",
        "fX"      : 7.0,
        "fY"      : -1.0,
        "fRotation" : 0.0,
        "strID"     : "945627ef-c755-4bc5-840d-2ef5044275d1",
        "bForceLoad" : false,
        "aGPMSettings" : [
          {
            "strName" : "Panel A",
            "dictGUIPropMap" : [
              "strGUIPrefab",
              "GUIOnOff",
              "strFriendlyName",
              "Alarm",
              "strGUIPrefabRight",
              null,
              "strGUIPrefabLeft",
              null,
              "strGUIPrefabUp",
              null,
              "strGUIPrefabDown",
              null,
              "strTitle",
              "Alarm Override"
            ]
          }
        ]
      },
      {
        "strName" : "ItmWallRYOB01",
        "fX"      : 9.0,
        "fY"      : -2.0,
        "fRotation" : 0.0,
        "strID"     : "332bad65-1d3d-427d-aaef-18c1c4a2ac5a",
        "bForceLoad" : false
      },
      {
        "strName" : "ItmWallRYOB01",
        "fX"      : 8.0,
        "fY"      : -2.0,
        "fRotation" : 0.0,
        "strID"     : "d1545d9b-5400-41e7-bff6-36237330b809",
        "bForceLoad" : false
      },
      {
        "strName" : "ItmWallRYOB01",
        "fX"      : 8.0,
        "fY"      : -1.0,
        "fRotation" : 0.0,
        "strID"     : "153b16a6-6dbf-4a8e-b72d-da7de5eb4088",
        "bForceLoad" : false
      },
      {
        "strName" : "ItmFloorRYOF01",
        "fX"      : 8.0,
        "fY"      : 0.0,
        "fRotation" : 0.0,
        "strID"     : "d7fc7578-d23d-4cea-8215-a8c9e094f212",
        "bForceLoad" : false
      },
      {
        "strName" : "ItmFloorRYOF01",
        "fX"      : 8.0,
        "fY"      : -1.0,
        "fRotation" : 0.0,
        "strID"     : "70c97ba6-61f6-4fc7-8183-a54cc34c08ce",
        "bForceLoad" : false
      },
      {
        "strName" : "ItmFloorRYOF01",
        "fX"      : 8.0,
        "fY"      : -2.0,
        "fRotation" : 0.0,
        "strID"     : "e67e8528-27af-4170-b5f8-333f286d3ad0",
        "bForceLoad" : false
      },
      {
        "strName" : "ItmFloorRYOF01",
        "fX"      : 8.0,
        "fY"      : -3.0,
        "fRotation" : 0.0,
        "strID"     : "aceef20c-2534-4de8-8251-a96ac3ea3f8f",
        "bForceLoad" : false
      },
      {
        "strName" : "ItmFloorRYOF01",
        "fX"      : 8.0,
        "fY"      : -4.0,
        "fRotation" : 0.0,
        "strID"     : "8ce422fc-5629-455e-a58c-b08b24acbe36",
        "bForceLoad" : false
      },
      {
        "strName" : "ItmFloorRYOF01",
        "fX"      : 9.0,
        "fY"      : -4.0,
        "fRotation" : 0.0,
        "strID"     : "9844849f-0d1b-4b25-b1b6-28cc108771aa",
        "bForceLoad" : false
      },
      {
        "strName" : "ItmFloorRYOF01",
        "fX"      : 9.0,
        "fY"      : -3.0,
        "fRotation" : 0.0,
        "strID"     : "ec09e080-311b-421a-a0c7-3085e555a456",
        "bForceLoad" : false
      },
      {
        "strName" : "ItmFloorRYOF01",
        "fX"      : 9.0,
        "fY"      : -2.0,
        "fRotation" : 0.0,
        "strID"     : "810343b2-440f-4241-b92d-089592ef357d",
        "bForceLoad" : false
      },
      {
        "strName" : "ItmWallRYOB01",
        "fX"      : 2.0,
        "fY"      : -2.0,
        "fRotation" : 0.0,
        "strID"     : "7bc8546f-1d4c-4cf4-825c-83389da00c95",
        "bForceLoad" : false
      },
      {
        "strName" : "ItmWallRYOB01",
        "fX"      : 1.0,
        "fY"      : -2.0,
        "fRotation" : 0.0,
        "strID"     : "e5c9be5c-2dca-4948-9113-55a91ab5802c",
        "bForceLoad" : false
      },
      {
        "strName" : "ItmWallRYOB01",
        "fX"      : 8.0,
        "fY"      : 0.0,
        "fRotation" : 0.0,
        "strID"     : "93f7939c-32aa-4b24-a26b-aa7eaac391a5",
        "bForceLoad" : false
      },
      {
        "strName" : "ItmWallRYOB01",
        "fX"      : 7.0,
        "fY"      : 0.0,
        "fRotation" : 0.0,
        "strID"     : "531b4940-2e8c-414f-a50d-0c594c9a29b7",
        "bForceLoad" : false
      },
      {
        "strName" : "ItmWallRYOB01",
        "fX"      : 6.0,
        "fY"      : 0.0,
        "fRotation" : 0.0,
        "strID"     : "b660bd14-35b0-45f7-9df9-e825ee3686c6",
        "bForceLoad" : false
      },
      {
        "strName" : "ItmWallRYOB01",
        "fX"      : 5.0,
        "fY"      : 0.0,
        "fRotation" : 0.0,
        "strID"     : "749f6a1c-51e0-4b54-9a67-a131b1782726",
        "bForceLoad" : false
      },
      {
        "strName" : "Compartment",
        "fX"      : 0.0,
        "fY"      : 0.0,
        "fRotation" : 0.0,
        "strID"     : "7bde2e93-c5fb-46bf-bc47-4133a4f5c3ef",
        "bForceLoad" : false
      },
      {
        "strName" : "Compartment",
        "fX"      : 9.0,
        "fY"      : 0.0,
        "fRotation" : 0.0,
        "strID"     : "8b8aea03-2282-40bc-941b-38e510caf054",
        "bForceLoad" : false
      },
      {
        "strName" : "Compartment",
        "fX"      : 3.0,
        "fY"      : -1.0,
        "fRotation" : 0.0,
        "strID"     : "9745458a-8427-4b87-b53b-0f009f980a6a",
        "bForceLoad" : false
      },
      {
        "strName" : "Compartment",
        "fX"      : 3.0,
        "fY"      : -13.0,
        "fRotation" : 0.0,
        "strID"     : "f7547e4d-a5bd-44a7-a5f8-3cd515d60352",
        "bForceLoad" : false
      }
    ],
    "aShallowPSpecs"   : [
      {
        "strName" : "SysLootSpawner",
        "fX"      : 5.0,
        "fY"      : -4.0,
        "fRotation" : 0.0,
        "strID"     : "901145d5-6773-4133-88a4-a5ebdcc17a7b",
        "bForceLoad" : false,
        "aGPMSettings" : [
          {
            "strName" : "Panel A",
            "dictGUIPropMap" : [
              "strGUIPrefab",
              "GUILootSpawn",
              "strFriendlyName",
              "Loot Spawner",
              "strGUIPrefabRight",
              null,
              "strGUIPrefabLeft",
              null,
              "strGUIPrefabUp",
              null,
              "strGUIPrefabDown",
              null,
              "strType",
              "Pspec",
              "strLoot",
              "NotBoarding",
              "strRange",
              "0",
              "strCount",
              "0",
              "strNew",
              "True",
              "strDamaged",
              "True",
              "strDerelict",
              "True"
            ]
          }
        ]
      },
      {
        "strName" : "SysLootSpawner",
        "fX"      : 5.0,
        "fY"      : -14.0,
        "fRotation" : 0.0,
        "strID"     : "a30829b8-3bd7-431c-8381-41743f4fb6e3",
        "bForceLoad" : false,
        "aGPMSettings" : [
          {
            "strName" : "Panel A",
            "dictGUIPropMap" : [
              "strGUIPrefab",
              "GUILootSpawn",
              "strFriendlyName",
              "Loot Spawner",
              "strGUIPrefabRight",
              null,
              "strGUIPrefabLeft",
              null,
              "strGUIPrefabUp",
              null,
              "strGUIPrefabDown",
              null,
              "strType",
              "Pspec",
              "strLoot",
              "Boarding",
              "strRange",
              "1",
              "strCount",
              "0",
              "strNew",
              "True",
              "strDamaged",
              "True",
              "strDerelict",
              "True"
            ]
          }
        ]
      }
    ],
    "vShipPos"         : {
      "x" : 5.0,
      "y" : -4.0
    },
    "objSS"            : {
      "boPORShip" : "Sol",
      "vPosx"     : 0.948511574472219,
      "vPosy"     : -1.56713374078211,
      "vBOOffsetx" : 2.94607388517942E-06,
      "vBOOffsety" : 6.09486019653716E-07,
      "vVelX"      : 1.6809213314184E-07,
      "vVelY"      : 1.2106232384343E-08,
      "vAccIn"     : {
        "x" : 0.0,
        "y" : 0.0
      },
      "vAccRCS"    : {
        "x" : 0.0,
        "y" : 0.0
      },
      "vAccEx"     : {
        "x" : -6.020194E-15,
        "y" : 9.953032E-15
      },
      "fRot"       : 2.67833,
      "fW"         : 0.0,
      "fA"         : 0.0,
      "bBOLocked"  : false,
      "bIsBO"      : false,
      "bIsRegion"  : false,
      "bIsNoFees"  : false
    },
    "aRooms"           : [
      {
        "strID" : "7bde2e93-c5fb-46bf-bc47-4133a4f5c3ef",
        "bVoid" : true,
        "aTiles" : [
          0,
          1,
          11,
          12,
          22,
          33,
          44,
          55,
          66,
          77,
          88,
          99,
          110,
          121,
          132,
          143,
          144,
          154,
          155,
          165,
          166,
          176,
          167,
          177,
          178
        ]
      },
      {
        "strID" : "8b8aea03-2282-40bc-941b-38e510caf054",
        "bVoid" : true,
        "aTiles" : [
          9,
          10,
          20,
          21,
          32,
          43,
          54,
          65,
          76,
          87,
          98,
          109,
          120,
          131,
          142,
          153,
          152,
          164,
          163,
          175,
          174,
          186,
          173,
          185,
          184
        ]
      },
      {
        "strID" : "9745458a-8427-4b87-b53b-0f009f980a6a",
        "bVoid" : true,
        "aTiles" : [
          14,
          15,
          25,
          16,
          26,
          36,
          17,
          27,
          37,
          35,
          47,
          18,
          28,
          38,
          48,
          46,
          58,
          29,
          39,
          49,
          59,
          57,
          69,
          40,
          50,
          60,
          70,
          68,
          80,
          41,
          51,
          61,
          71,
          81,
          79,
          91,
          52,
          62,
          72,
          82,
          92,
          90,
          102,
          63,
          73,
          83,
          93,
          103,
          101,
          113,
          74,
          84,
          94,
          104,
          114,
          112,
          124,
          85,
          95,
          105,
          115,
          125,
          123,
          96,
          106,
          116,
          126,
          107,
          117,
          127,
          137,
          118,
          128,
          129
        ]
      },
      {
        "strID" : "f7547e4d-a5bd-44a7-a5f8-3cd515d60352",
        "bVoid" : false,
        "aTiles" : [
          146,
          147,
          148,
          158,
          149,
          159,
          169,
          150,
          160,
          170,
          171,
          181
        ]
      }
    ],
    "DMGStatus"        : 0,
    "fLastVisit"       : 65627507610.0902,
    "fAIDockingTimer"  : 0.0,
    "fAIPauseTimer"    : 8.49298059940338,
    "bPrefill"         : false,
    "bNoCollisions"    : false,
    "dLastScanTime"    : 0.0,
    "bLocalAuthority"  : false,
    "bAIShip"          : false,
    "make"             : "Ryokka",
    "model"            : "TU-77a",
    "year"             : "2059",
    "origin"           : "Voltaire",
    "designation"      : "Salvage Tug",
    "publicName"       : "Plasma Battery",
    "dimensions"       : "0.32m x 3.52m",
    "fShallowMass"     : 3020.5,
    "fShallowRCSRemass" : 0.0,
    "fShallowRCSRemassMax" : 0.0,
    "fShallowFusionRemain" : 0.0,
    "fBreakInMultiplier"   : 0.0,
    "nRCSCount"            : 0,
    "nRCSDistroCount"      : 0,
    "nDockCount"           : 1,
    "bFusionTorch"         : false
  }
]