
[
  {
    "strName" : "TankerPod O2",
    "strRegID" : "H-F1DK",
    "nCurrentWaypoint" : -1,
    "fTimeEngaged"     : 5655.655,
    "aCOs"             : [
      {
        "strID" : "7127f3a2-1c7f-4af2-8592-504868591ad2",
        "strCODef" : "SysLootSpawner",
        "bAlive"   : true,
        "aConds"   : [
          "IsNonHighlightable=1.0x1",
          "IsHiddenInv=1.0x1",
          "IsLootSpawner=1.0x1",
          "IsSystem=1.0x1"
        ],
        "strCondID" : "SysLootSpawner7127f3a2-1c7f-4af2-8592-504868591ad2",
        "inventoryX" : 0,
        "inventoryY" : 0,
        "fDGasTemp"  : 0.0,
        "fLastICOUpdate" : 65627498854.0278,
        "nDestTile"      : 0,
        "strIdleAnim"    : "Idle",
        "aMyShips"       : [
          "H-F1DK"
        ],
        "strIMGPreview"  : "IcoLoot",
        "strFriendlyName" : "SysLootSpawner",
        "strRegIDLast"    : "H-F1DK"
      },
      {
        "strID" : "a29e2fa4-2c54-4b4a-bc70-67cf4e673ac8",
        "strCODef" : "SysLootSpawner",
        "bAlive"   : true,
        "aConds"   : [
          "IsNonHighlightable=1.0x1",
          "IsHiddenInv=1.0x1",
          "IsLootSpawner=1.0x1",
          "IsSystem=1.0x1"
        ],
        "strCondID" : "SysLootSpawnera29e2fa4-2c54-4b4a-bc70-67cf4e673ac8",
        "inventoryX" : 0,
        "inventoryY" : 0,
        "fDGasTemp"  : 0.0,
        "fLastICOUpdate" : 65627498854.0278,
        "nDestTile"      : 0,
        "strIdleAnim"    : "Idle",
        "aMyShips"       : [
          "H-F1DK"
        ],
        "strIMGPreview"  : "IcoLoot",
        "strFriendlyName" : "SysLootSpawner",
        "strRegIDLast"    : "H-F1DK"
      }
    ],
    "aItems"           : [
      {
        "strName" : "ItmRTAO2",
        "fX"      : -3.0,
        "fY"      : 11.0,
        "fRotation" : 90.0,
        "strID"     : "7804bb40-210f-4a72-9f0a-0cb068e1b11b",
        "bForceLoad" : false
      },
      {
        "strName" : "ItmRTAO2",
        "fX"      : -3.0,
        "fY"      : 10.0,
        "fRotation" : 90.0,
        "strID"     : "760757b1-b27b-4f24-800c-2599c646cfa6",
        "bForceLoad" : false
      },
      {
        "strName" : "ItmRTAO2",
        "fX"      : -8.0,
        "fY"      : 11.0,
        "fRotation" : 270.0,
        "strID"     : "c8ca9857-dc9a-4a31-be3a-93714dbd2559",
        "bForceLoad" : false
      },
      {
        "strName" : "ItmRTAO2",
        "fX"      : -4.0,
        "fY"      : 10.0,
        "fRotation" : 90.0,
        "strID"     : "43053de9-c944-4daf-bb25-fe782b6ff453",
        "bForceLoad" : false
      },
      {
        "strName" : "ItmFloorRYOF01",
        "fX"      : -7.0,
        "fY"      : 7.0,
        "fRotation" : 0.0,
        "strID"     : "6c54ec87-aee8-4349-a62b-fda2e4a1fbab",
        "bForceLoad" : false
      },
      {
        "strName" : "ItmFloorRYOF01",
        "fX"      : -6.0,
        "fY"      : 7.0,
        "fRotation" : 0.0,
        "strID"     : "f19ac517-578e-4162-bc91-f92d86703287",
        "bForceLoad" : false
      },
      {
        "strName" : "ItmFloorRYOF01",
        "fX"      : -5.0,
        "fY"      : 7.0,
        "fRotation" : 0.0,
        "strID"     : "10513473-a0ab-4e60-b5e8-6e1f3406cc19",
        "bForceLoad" : false
      },
      {
        "strName" : "ItmAirPump01Off",
        "fX"      : -4.0,
        "fY"      : 7.0,
        "fRotation" : 0.0,
        "strID"     : "35fc889b-2bcb-4cc9-9b19-39795492db6d",
        "bForceLoad" : false,
        "aGPMSettings" : [
          {
            "strName" : "Panel A",
            "dictGUIPropMap" : [
              "strGUIPrefab",
              "GUIAirPump",
              "strFriendlyName",
              "Air Pump",
              "strGUIPrefabRight",
              null,
              "strGUIPrefabLeft",
              null,
              "strGUIPrefabUp",
              null,
              "strGUIPrefabDown",
              null,
              "strTitle",
              "Unscrew for Pressure Sensor Input Signal",
              "strValidCOTrigger01",
              "TIsAlarm2",
              "strCondMonitor01",
              "IsReadyPumpAir",
              "strInput01",
              "35fc889b-2bcb-4cc9-9b19-39795492db6d",
              "nKnobBus",
              "0",
              "bTurbo",
              "false",
              "bReverse",
              "false"
            ]
          }
        ]
      },
      {
        "strName" : "ItmFloorRYOF01",
        "fX"      : -6.0,
        "fY"      : 5.0,
        "fRotation" : 0.0,
        "strID"     : "9ad3442a-eb13-4d44-8101-be3dc67449d2",
        "bForceLoad" : false
      },
      {
        "strName" : "ItmFloorRYOF01",
        "fX"      : -5.0,
        "fY"      : 5.0,
        "fRotation" : 0.0,
        "strID"     : "99a0a12c-0fd5-4e5f-85ee-87d198537941",
        "bForceLoad" : false
      },
      {
        "strName" : "ItmFloorRYOF01",
        "fX"      : -7.0,
        "fY"      : 5.0,
        "fRotation" : 0.0,
        "strID"     : "98361226-a67b-4ef9-b3c1-88ba7daf8542",
        "bForceLoad" : false
      },
      {
        "strName" : "ItmDockSys02Closed",
        "fX"      : -6.0,
        "fY"      : 3.5,
        "fRotation" : 180.0,
        "strID"     : "2b94e7ed-28c6-4882-afb6-3ed603233ba8",
        "bForceLoad" : false
      },
      {
        "strName" : "ItmFloorRYOF01",
        "fX"      : -8.0,
        "fY"      : 7.0,
        "fRotation" : 0.0,
        "strID"     : "4db3e38e-58b0-4473-948a-817afcb642ed",
        "bForceLoad" : false
      },
      {
        "strName" : "ItmFloorRYOF01",
        "fX"      : -4.0,
        "fY"      : 7.0,
        "fRotation" : 0.0,
        "strID"     : "2e7b68f6-ef0f-4cf7-ad08-d7df727a1edb",
        "bForceLoad" : false
      },
      {
        "strName" : "ItmFloorRYOF01",
        "fX"      : -9.0,
        "fY"      : 7.0,
        "fRotation" : 0.0,
        "strID"     : "78f11e95-3606-40ac-a344-2c3f5a71372c",
        "bForceLoad" : false
      },
      {
        "strName" : "ItmFloorRYOF01",
        "fX"      : -9.0,
        "fY"      : 8.0,
        "fRotation" : 0.0,
        "strID"     : "6fa7a0d1-a499-416d-a525-787e5997448f",
        "bForceLoad" : false
      },
      {
        "strName" : "ItmFloorRYOF01",
        "fX"      : -4.0,
        "fY"      : 5.0,
        "fRotation" : 0.0,
        "strID"     : "08314c39-7a12-4841-8961-b901d08897de",
        "bForceLoad" : false
      },
      {
        "strName" : "ItmFloorRYOF01",
        "fX"      : -8.0,
        "fY"      : 5.0,
        "fRotation" : 0.0,
        "strID"     : "fd446045-b55b-4d80-8df6-22472886a141",
        "bForceLoad" : false
      },
      {
        "strName" : "ItmFloorRYOF01",
        "fX"      : -3.0,
        "fY"      : 7.0,
        "fRotation" : 0.0,
        "strID"     : "df0f67e1-5209-43cb-9b52-06d03ef49ba3",
        "bForceLoad" : false
      },
      {
        "strName" : "ItmFloorRYOF01",
        "fX"      : -3.0,
        "fY"      : 8.0,
        "fRotation" : 0.0,
        "strID"     : "1a947cbc-c721-49fc-bf38-9b050e04a177",
        "bForceLoad" : false
      },
      {
        "strName" : "ItmFloorRYOF04",
        "fX"      : -9.0,
        "fY"      : 9.0,
        "fRotation" : 90.0,
        "strID"     : "1ab6edff-6845-451f-8699-f212383fb43a",
        "bForceLoad" : false
      },
      {
        "strName" : "ItmFloorRYOF04",
        "fX"      : -8.0,
        "fY"      : 9.0,
        "fRotation" : 90.0,
        "strID"     : "48efd238-c359-4236-a60a-add270ed13d7",
        "bForceLoad" : false
      },
      {
        "strName" : "ItmFloorRYOF05",
        "fX"      : -8.0,
        "fY"      : 10.0,
        "fRotation" : 0.0,
        "strID"     : "1dc77d1d-1d30-4603-879b-580df1145706",
        "bForceLoad" : false
      },
      {
        "strName" : "ItmFloorRYOF05",
        "fX"      : -9.0,
        "fY"      : 10.0,
        "fRotation" : 0.0,
        "strID"     : "9fd0d8ea-3bba-4de1-9d31-c411492f75f3",
        "bForceLoad" : false
      },
      {
        "strName" : "ItmWallRYOB01",
        "fX"      : -10.0,
        "fY"      : 7.0,
        "fRotation" : 0.0,
        "strID"     : "98c32ccd-d600-4c15-9842-2f363a071129",
        "bForceLoad" : false
      },
      {
        "strName" : "ItmFloorRYOF01",
        "fX"      : -2.0,
        "fY"      : 9.0,
        "fRotation" : 0.0,
        "strID"     : "e40d823e-152d-4e3a-916a-b53d5b4c623f",
        "bForceLoad" : false
      },
      {
        "strName" : "ItmFloorRYOF04",
        "fX"      : -2.0,
        "fY"      : 10.0,
        "fRotation" : 180.0,
        "strID"     : "6885ac4c-647f-4c1c-b6f8-ec3934ee99e7",
        "bForceLoad" : false
      },
      {
        "strName" : "ItmFloorRYOF04",
        "fX"      : -2.0,
        "fY"      : 11.0,
        "fRotation" : 180.0,
        "strID"     : "af913ca9-1eaa-4e5c-bf2a-27a08f1aef53",
        "bForceLoad" : false
      },
      {
        "strName" : "ItmFloorRYOF04",
        "fX"      : -2.0,
        "fY"      : 12.0,
        "fRotation" : 180.0,
        "strID"     : "3ddb066d-3d8e-4de5-a5dc-597bea9550a7",
        "bForceLoad" : false
      },
      {
        "strName" : "ItmFloorRYOF01",
        "fX"      : -2.0,
        "fY"      : 13.0,
        "fRotation" : 0.0,
        "strID"     : "93e1bb2a-2fa7-4174-8949-0305ef2fea2f",
        "bForceLoad" : false
      },
      {
        "strName" : "ItmFloorRYOF04",
        "fX"      : -2.0,
        "fY"      : 14.0,
        "fRotation" : 180.0,
        "strID"     : "fefb0839-27fd-4f94-a3cc-510db5e7189f",
        "bForceLoad" : false
      },
      {
        "strName" : "ItmFloorRYOF01",
        "fX"      : -2.0,
        "fY"      : 15.0,
        "fRotation" : 0.0,
        "strID"     : "938ca913-d979-49f5-8b66-f887bcdbb6c3",
        "bForceLoad" : false
      },
      {
        "strName" : "ItmFloorRYOF01",
        "fX"      : -2.0,
        "fY"      : 16.0,
        "fRotation" : 0.0,
        "strID"     : "ec75b591-a765-465f-a982-c6583f070583",
        "bForceLoad" : false
      },
      {
        "strName" : "ItmFloorRYOF01",
        "fX"      : -3.0,
        "fY"      : 15.0,
        "fRotation" : 0.0,
        "strID"     : "09add1f5-c7f7-49ca-a305-447ba0c3c01d",
        "bForceLoad" : false
      },
      {
        "strName" : "ItmFloorRYOF01",
        "fX"      : -3.0,
        "fY"      : 14.0,
        "fRotation" : 0.0,
        "strID"     : "ac1378cc-9a1b-4ee7-b98d-2f6348a0870f",
        "bForceLoad" : false
      },
      {
        "strName" : "ItmFloorRYOF04",
        "fX"      : -3.0,
        "fY"      : 13.0,
        "fRotation" : 270.0,
        "strID"     : "da664c8d-a4c9-40f9-b5ab-e0c8571b2ac1",
        "bForceLoad" : false
      },
      {
        "strName" : "ItmFloorRYOF01",
        "fX"      : -8.0,
        "fY"      : 8.0,
        "fRotation" : 0.0,
        "strID"     : "bb35e159-8170-42c4-983d-b5104d0471b4",
        "bForceLoad" : false
      },
      {
        "strName" : "ItmFloorRYOF04",
        "fX"      : -3.0,
        "fY"      : 9.0,
        "fRotation" : 90.0,
        "strID"     : "d284861f-a95a-4253-8e54-edc6d97a3e23",
        "bForceLoad" : false
      },
      {
        "strName" : "ItmFloorRYOF04",
        "fX"      : -4.0,
        "fY"      : 9.0,
        "fRotation" : 90.0,
        "strID"     : "a6d25678-b63c-4328-ad09-1a68dc9a4ab5",
        "bForceLoad" : false
      },
      {
        "strName" : "ItmFloorRYOF05",
        "fX"      : -3.0,
        "fY"      : 12.0,
        "fRotation" : 0.0,
        "strID"     : "7b8c7887-5d8c-435f-bf25-7c3f5a0b201b",
        "bForceLoad" : false
      },
      {
        "strName" : "ItmFloorRYOF05",
        "fX"      : -3.0,
        "fY"      : 11.0,
        "fRotation" : 0.0,
        "strID"     : "2dac67fa-f828-4da0-b081-e072723fae19",
        "bForceLoad" : false
      },
      {
        "strName" : "ItmFloorRYOF04",
        "fX"      : -8.0,
        "fY"      : 13.0,
        "fRotation" : 270.0,
        "strID"     : "cc938864-57ce-4fba-84f0-ef16c7a8a3ee",
        "bForceLoad" : false
      },
      {
        "strName" : "ItmFloorRYOF01",
        "fX"      : -4.0,
        "fY"      : 8.0,
        "fRotation" : 0.0,
        "strID"     : "d4e961d1-e4fe-4f54-b2d6-16491ed250a6",
        "bForceLoad" : false
      },
      {
        "strName" : "ItmFloorRYOF05",
        "fX"      : -9.0,
        "fY"      : 11.0,
        "fRotation" : 0.0,
        "strID"     : "07c5dad4-f189-48df-97fe-faebfc5462b5",
        "bForceLoad" : false
      },
      {
        "strName" : "ItmFloorRYOF05",
        "fX"      : -8.0,
        "fY"      : 11.0,
        "fRotation" : 0.0,
        "strID"     : "231658e9-3e6c-48df-90d9-11327b7e87ce",
        "bForceLoad" : false
      },
      {
        "strName" : "ItmFloorRYOF05",
        "fX"      : -8.0,
        "fY"      : 12.0,
        "fRotation" : 0.0,
        "strID"     : "85e3edd5-d968-488b-a59f-7e5b3735a5e1",
        "bForceLoad" : false
      },
      {
        "strName" : "ItmFloorRYOF05",
        "fX"      : -9.0,
        "fY"      : 12.0,
        "fRotation" : 0.0,
        "strID"     : "5ca777da-a376-423b-a670-9f8464ac27a9",
        "bForceLoad" : false
      },
      {
        "strName" : "ItmFloorRYOF04",
        "fX"      : -4.0,
        "fY"      : 13.0,
        "fRotation" : 270.0,
        "strID"     : "b7eb6bab-3fab-4f0a-82fc-b3546bed7e9b",
        "bForceLoad" : false
      },
      {
        "strName" : "ItmFloorRYOF01",
        "fX"      : -4.0,
        "fY"      : 14.0,
        "fRotation" : 0.0,
        "strID"     : "102084a6-b62c-4b14-a39f-7e4f48e8bacf",
        "bForceLoad" : false
      },
      {
        "strName" : "ItmFloorRYOF01",
        "fX"      : -4.0,
        "fY"      : 15.0,
        "fRotation" : 0.0,
        "strID"     : "fee68355-f55b-4ce3-9d7c-c2801dffdb7f",
        "bForceLoad" : false
      },
      {
        "strName" : "ItmFloorRYOF01",
        "fX"      : -5.0,
        "fY"      : 15.0,
        "fRotation" : 0.0,
        "strID"     : "d705ad2a-d9f4-417f-8799-006b76f6bda2",
        "bForceLoad" : false
      },
      {
        "strName" : "ItmFloorRYOF01",
        "fX"      : -6.0,
        "fY"      : 15.0,
        "fRotation" : 0.0,
        "strID"     : "ccffeb44-6c5c-4c88-b1a0-8d59292236e8",
        "bForceLoad" : false
      },
      {
        "strName" : "ItmFloorRYOF01",
        "fX"      : -7.0,
        "fY"      : 15.0,
        "fRotation" : 0.0,
        "strID"     : "cb272e13-443c-4f35-ac8d-70c198e41aa6",
        "bForceLoad" : false
      },
      {
        "strName" : "ItmFloorRYOF01",
        "fX"      : -8.0,
        "fY"      : 15.0,
        "fRotation" : 0.0,
        "strID"     : "4086dd23-c42a-47bf-a871-a29282736239",
        "bForceLoad" : false
      },
      {
        "strName" : "ItmFloorRYOF01",
        "fX"      : -8.0,
        "fY"      : 14.0,
        "fRotation" : 0.0,
        "strID"     : "139cb177-25d9-49a3-adce-247930f494eb",
        "bForceLoad" : false
      },
      {
        "strName" : "ItmFloorRYOF04",
        "fX"      : -7.0,
        "fY"      : 12.0,
        "fRotation" : 180.0,
        "strID"     : "6faa50db-aa91-467c-a865-9903eaccbd47",
        "bForceLoad" : false
      },
      {
        "strName" : "ItmFloorRYOF04",
        "fX"      : -7.0,
        "fY"      : 11.0,
        "fRotation" : 180.0,
        "strID"     : "514e7e95-f182-4aa2-81a5-8ab5fc9fa364",
        "bForceLoad" : false
      },
      {
        "strName" : "ItmFloorRYOF01",
        "fX"      : -6.0,
        "fY"      : 10.0,
        "fRotation" : 0.0,
        "strID"     : "6ac5687b-cbde-4e37-8eb0-247aeefb1574",
        "bForceLoad" : false
      },
      {
        "strName" : "ItmFloorRYOF01",
        "fX"      : -6.0,
        "fY"      : 11.0,
        "fRotation" : 0.0,
        "strID"     : "5be54669-11b6-41a2-b0ac-b20763479732",
        "bForceLoad" : false
      },
      {
        "strName" : "ItmFloorRYOF01",
        "fX"      : -6.0,
        "fY"      : 12.0,
        "fRotation" : 0.0,
        "strID"     : "fa9d5605-1bf2-436e-b024-62ddb8da65ba",
        "bForceLoad" : false
      },
      {
        "strName" : "ItmFloorRYOF01",
        "fX"      : -6.0,
        "fY"      : 13.0,
        "fRotation" : 0.0,
        "strID"     : "efa516ae-a27d-4081-8414-a57ecad17686",
        "bForceLoad" : false
      },
      {
        "strName" : "ItmFloorRYOF01",
        "fX"      : -7.0,
        "fY"      : 14.0,
        "fRotation" : 0.0,
        "strID"     : "d248f6c2-74bd-4a27-8c9e-7567a0213967",
        "bForceLoad" : false
      },
      {
        "strName" : "ItmFloorRYOF01",
        "fX"      : -7.0,
        "fY"      : 13.0,
        "fRotation" : 0.0,
        "strID"     : "52895d37-8d93-4f0a-8b51-097349046465",
        "bForceLoad" : false
      },
      {
        "strName" : "ItmFloorRYOF04",
        "fX"      : -7.0,
        "fY"      : 10.0,
        "fRotation" : 180.0,
        "strID"     : "e540eade-029e-474e-ae9f-d851ca32572a",
        "bForceLoad" : false
      },
      {
        "strName" : "ItmFloorRYOF01",
        "fX"      : -6.0,
        "fY"      : 9.0,
        "fRotation" : 0.0,
        "strID"     : "ccc0c05b-ad73-4fe6-a7cb-2693e3c5e708",
        "bForceLoad" : false
      },
      {
        "strName" : "ItmFloorRYOF04",
        "fX"      : -5.0,
        "fY"      : 10.0,
        "fRotation" : 0.0,
        "strID"     : "4e9ac90e-1766-4d8f-ab54-5589c86aaab8",
        "bForceLoad" : false
      },
      {
        "strName" : "ItmFloorRYOF04",
        "fX"      : -5.0,
        "fY"      : 11.0,
        "fRotation" : 0.0,
        "strID"     : "bdb0d770-2831-4e1c-88dd-20b3597b488a",
        "bForceLoad" : false
      },
      {
        "strName" : "ItmFloorRYOF04",
        "fX"      : -5.0,
        "fY"      : 12.0,
        "fRotation" : 0.0,
        "strID"     : "c48a4881-9b0a-4910-8571-147e020f3a7b",
        "bForceLoad" : false
      },
      {
        "strName" : "ItmFloorRYOF01",
        "fX"      : -5.0,
        "fY"      : 13.0,
        "fRotation" : 0.0,
        "strID"     : "1e4b10b6-ae18-4134-8904-5348e4bfcfec",
        "bForceLoad" : false
      },
      {
        "strName" : "ItmFloorRYOF01",
        "fX"      : -5.0,
        "fY"      : 14.0,
        "fRotation" : 0.0,
        "strID"     : "f1385bb9-6155-4f1b-bdc4-086f44079d56",
        "bForceLoad" : false
      },
      {
        "strName" : "ItmFloorRYOF01",
        "fX"      : -6.0,
        "fY"      : 14.0,
        "fRotation" : 0.0,
        "strID"     : "1cb98d84-89d2-4a57-802c-ba20c6bd40e9",
        "bForceLoad" : false
      },
      {
        "strName" : "ItmFloorRYOF01",
        "fX"      : -5.0,
        "fY"      : 9.0,
        "fRotation" : 0.0,
        "strID"     : "fe0fd456-8812-4ecd-b6d4-9acc5bed6558",
        "bForceLoad" : false
      },
      {
        "strName" : "ItmFloorRYOF01",
        "fX"      : -5.0,
        "fY"      : 8.0,
        "fRotation" : 0.0,
        "strID"     : "d7cd878a-103c-41ce-9900-f8b1438e0c87",
        "bForceLoad" : false
      },
      {
        "strName" : "ItmFloorRYOF01",
        "fX"      : -7.0,
        "fY"      : 9.0,
        "fRotation" : 0.0,
        "strID"     : "60dcabdf-b98b-4b4b-a9cb-ea266c54945d",
        "bForceLoad" : false
      },
      {
        "strName" : "ItmFloorRYOF01",
        "fX"      : -6.0,
        "fY"      : 8.0,
        "fRotation" : 0.0,
        "strID"     : "a647df9e-7e69-459f-bb05-e5174848a4df",
        "bForceLoad" : false
      },
      {
        "strName" : "ItmFloorRYOF01",
        "fX"      : -7.0,
        "fY"      : 8.0,
        "fRotation" : 0.0,
        "strID"     : "11604fe5-7202-4798-bfa2-f282486bf60c",
        "bForceLoad" : false
      },
      {
        "strName" : "ItmFloorRYOF05",
        "fX"      : -3.0,
        "fY"      : 10.0,
        "fRotation" : 0.0,
        "strID"     : "f13c42ae-ef62-4c56-81b0-88d8ea3b4740",
        "bForceLoad" : false
      },
      {
        "strName" : "ItmFloorRYOF05",
        "fX"      : -4.0,
        "fY"      : 10.0,
        "fRotation" : 0.0,
        "strID"     : "87e23961-7269-4c70-a0f6-030ecd16e7aa",
        "bForceLoad" : false
      },
      {
        "strName" : "ItmFloorRYOF05",
        "fX"      : -4.0,
        "fY"      : 11.0,
        "fRotation" : 0.0,
        "strID"     : "33197b0d-b20f-47ae-b534-4ba02017839d",
        "bForceLoad" : false
      },
      {
        "strName" : "ItmFloorRYOF05",
        "fX"      : -4.0,
        "fY"      : 12.0,
        "fRotation" : 0.0,
        "strID"     : "0fe01700-6878-464f-a0c0-189612227559",
        "bForceLoad" : false
      },
      {
        "strName" : "ItmFloorRYOF04",
        "fX"      : -9.0,
        "fY"      : 13.0,
        "fRotation" : 270.0,
        "strID"     : "63739ea5-6c91-42a3-b083-90c19c29e7c8",
        "bForceLoad" : false
      },
      {
        "strName" : "ItmFloorRYOF01",
        "fX"      : -9.0,
        "fY"      : 14.0,
        "fRotation" : 0.0,
        "strID"     : "81f033da-340a-401b-a7db-d88047c5da9e",
        "bForceLoad" : false
      },
      {
        "strName" : "ItmFloorRYOF01",
        "fX"      : -9.0,
        "fY"      : 15.0,
        "fRotation" : 0.0,
        "strID"     : "a05138eb-6b48-4920-b60b-9eafb912da23",
        "bForceLoad" : false
      },
      {
        "strName" : "ItmFloorRYOF01",
        "fX"      : -2.0,
        "fY"      : 7.0,
        "fRotation" : 0.0,
        "strID"     : "09377b80-3366-45bf-8ae0-6c911922a104",
        "bForceLoad" : false
      },
      {
        "strName" : "ItmFloorRYOF01",
        "fX"      : -10.0,
        "fY"      : 9.0,
        "fRotation" : 0.0,
        "strID"     : "240bca21-13a3-4825-8fd5-3509b2b36225",
        "bForceLoad" : false
      },
      {
        "strName" : "ItmFloorRYOF04",
        "fX"      : -10.0,
        "fY"      : 10.0,
        "fRotation" : 0.0,
        "strID"     : "b214e940-0253-4385-9054-4ec8985f8de9",
        "bForceLoad" : false
      },
      {
        "strName" : "ItmFloorRYOF04",
        "fX"      : -10.0,
        "fY"      : 11.0,
        "fRotation" : 0.0,
        "strID"     : "c6e18d1f-bca7-4366-94b3-96398fb34863",
        "bForceLoad" : false
      },
      {
        "strName" : "ItmFloorRYOF04",
        "fX"      : -10.0,
        "fY"      : 12.0,
        "fRotation" : 0.0,
        "strID"     : "83181a8d-6be7-44b3-ba01-c8a2529dc1e9",
        "bForceLoad" : false
      },
      {
        "strName" : "ItmFloorRYOF01",
        "fX"      : -10.0,
        "fY"      : 13.0,
        "fRotation" : 0.0,
        "strID"     : "5bef0385-a4f1-4bef-b8ad-ac0e0c7bc739",
        "bForceLoad" : false
      },
      {
        "strName" : "ItmFloorRYOF04",
        "fX"      : -10.0,
        "fY"      : 14.0,
        "fRotation" : 0.0,
        "strID"     : "ebfb56cb-9787-4192-a85d-b7ad1c0c7278",
        "bForceLoad" : false
      },
      {
        "strName" : "ItmFloorRYOF01",
        "fX"      : -10.0,
        "fY"      : 15.0,
        "fRotation" : 0.0,
        "strID"     : "e34393f4-06c8-4b6d-9395-dc79dbd53502",
        "bForceLoad" : false
      },
      {
        "strName" : "ItmFloorRYOF01",
        "fX"      : -10.0,
        "fY"      : 16.0,
        "fRotation" : 0.0,
        "strID"     : "829c0620-5d8b-4cce-bd1d-7555fb01409b",
        "bForceLoad" : false
      },
      {
        "strName" : "ItmFloorRYOF01",
        "fX"      : -3.0,
        "fY"      : 16.0,
        "fRotation" : 0.0,
        "strID"     : "ff8ea836-8b4b-4bda-aacf-6bce6ca3a34f",
        "bForceLoad" : false
      },
      {
        "strName" : "ItmFloorRYOF01",
        "fX"      : -4.0,
        "fY"      : 16.0,
        "fRotation" : 0.0,
        "strID"     : "0987acc3-e496-4147-b1d4-ac69594cf868",
        "bForceLoad" : false
      },
      {
        "strName" : "ItmFloorRYOF01",
        "fX"      : -5.0,
        "fY"      : 16.0,
        "fRotation" : 0.0,
        "strID"     : "08323ec0-45ec-4887-a702-e4694e4ac5c7",
        "bForceLoad" : false
      },
      {
        "strName" : "ItmFloorRYOF01",
        "fX"      : -6.0,
        "fY"      : 16.0,
        "fRotation" : 0.0,
        "strID"     : "1137d039-3e53-48dd-9b0e-e5c6751286fb",
        "bForceLoad" : false
      },
      {
        "strName" : "ItmFloorRYOF01",
        "fX"      : -7.0,
        "fY"      : 16.0,
        "fRotation" : 0.0,
        "strID"     : "2aa7582c-e2e7-4c46-9d81-19ee2c054195",
        "bForceLoad" : false
      },
      {
        "strName" : "ItmFloorRYOF01",
        "fX"      : -8.0,
        "fY"      : 16.0,
        "fRotation" : 0.0,
        "strID"     : "4057eda4-a722-42ef-8c08-40a47ff8c2d6",
        "bForceLoad" : false
      },
      {
        "strName" : "ItmFloorRYOF01",
        "fX"      : -9.0,
        "fY"      : 16.0,
        "fRotation" : 0.0,
        "strID"     : "6fc32f43-8eca-45a6-abea-4bf8945ab306",
        "bForceLoad" : false
      },
      {
        "strName" : "ItmFloorRYOF01",
        "fX"      : -3.0,
        "fY"      : 17.0,
        "fRotation" : 0.0,
        "strID"     : "968462c7-69a4-4511-b7bf-893a37481aed",
        "bForceLoad" : false
      },
      {
        "strName" : "ItmFloorRYOF01",
        "fX"      : -4.0,
        "fY"      : 17.0,
        "fRotation" : 0.0,
        "strID"     : "23cf3165-f824-4345-811c-da83a98be5d8",
        "bForceLoad" : false
      },
      {
        "strName" : "ItmFloorRYOF01",
        "fX"      : -5.0,
        "fY"      : 17.0,
        "fRotation" : 0.0,
        "strID"     : "be420f03-f68f-4cbc-b3ca-abca97a2a467",
        "bForceLoad" : false
      },
      {
        "strName" : "ItmFloorRYOF01",
        "fX"      : -5.0,
        "fY"      : 18.0,
        "fRotation" : 0.0,
        "strID"     : "01b43875-91ef-46d0-a757-2461f985f49b",
        "bForceLoad" : false
      },
      {
        "strName" : "ItmFloorRYOF01",
        "fX"      : -4.0,
        "fY"      : 18.0,
        "fRotation" : 0.0,
        "strID"     : "0322091d-0526-4a29-8836-75cf5767df9a",
        "bForceLoad" : false
      },
      {
        "strName" : "ItmFloorRYOF01",
        "fX"      : -3.0,
        "fY"      : 18.0,
        "fRotation" : 0.0,
        "strID"     : "1b8b9a4a-5fff-4dac-b310-3364930eebc8",
        "bForceLoad" : false
      },
      {
        "strName" : "ItmFloorRYOF01",
        "fX"      : -2.0,
        "fY"      : 17.0,
        "fRotation" : 0.0,
        "strID"     : "aaa0a957-488a-4a73-bcf4-fa3581877e83",
        "bForceLoad" : false
      },
      {
        "strName" : "ItmFloorRYOF01",
        "fX"      : -2.0,
        "fY"      : 18.0,
        "fRotation" : 0.0,
        "strID"     : "ee8e24be-69ff-44e2-b9d5-d5c7d834b05d",
        "bForceLoad" : false
      },
      {
        "strName" : "ItmFloorRYOF01",
        "fX"      : -2.0,
        "fY"      : 19.0,
        "fRotation" : 0.0,
        "strID"     : "b5045056-4267-4c38-833b-a44e5c4836c6",
        "bForceLoad" : false
      },
      {
        "strName" : "ItmFloorRYOF01",
        "fX"      : -3.0,
        "fY"      : 19.0,
        "fRotation" : 0.0,
        "strID"     : "659df5c2-b2fa-4492-ae2a-881f9e375839",
        "bForceLoad" : false
      },
      {
        "strName" : "ItmFloorRYOF01",
        "fX"      : -4.0,
        "fY"      : 19.0,
        "fRotation" : 0.0,
        "strID"     : "54e5fd0c-ea9f-45fd-a935-c08059a8c931",
        "bForceLoad" : false
      },
      {
        "strName" : "ItmFloorRYOF01",
        "fX"      : -5.0,
        "fY"      : 19.0,
        "fRotation" : 0.0,
        "strID"     : "88fcc5b6-d57c-40aa-bd55-e3e1a1b27eea",
        "bForceLoad" : false
      },
      {
        "strName" : "ItmFloorRYOF01",
        "fX"      : -6.0,
        "fY"      : 19.0,
        "fRotation" : 0.0,
        "strID"     : "89876495-b09e-4be0-935d-7a661a90ef87",
        "bForceLoad" : false
      },
      {
        "strName" : "ItmFloorRYOF01",
        "fX"      : -6.0,
        "fY"      : 18.0,
        "fRotation" : 0.0,
        "strID"     : "151b44c7-c231-4635-804b-34946c7f43d0",
        "bForceLoad" : false
      },
      {
        "strName" : "ItmFloorRYOF01",
        "fX"      : -6.0,
        "fY"      : 17.0,
        "fRotation" : 0.0,
        "strID"     : "c7f43fe4-180a-4e34-a038-1fed048e431c",
        "bForceLoad" : false
      },
      {
        "strName" : "ItmFloorRYOF01",
        "fX"      : -7.0,
        "fY"      : 17.0,
        "fRotation" : 0.0,
        "strID"     : "dec6b9be-4969-4314-91a3-55d55c5d63b7",
        "bForceLoad" : false
      },
      {
        "strName" : "ItmFloorRYOF01",
        "fX"      : -8.0,
        "fY"      : 17.0,
        "fRotation" : 0.0,
        "strID"     : "a6ae8325-0876-43be-a7e3-4407b2beeef7",
        "bForceLoad" : false
      },
      {
        "strName" : "ItmFloorRYOF01",
        "fX"      : -9.0,
        "fY"      : 17.0,
        "fRotation" : 0.0,
        "strID"     : "c9a8f5b7-d60a-4702-9787-56eaf98deb05",
        "bForceLoad" : false
      },
      {
        "strName" : "ItmFloorRYOF01",
        "fX"      : -10.0,
        "fY"      : 17.0,
        "fRotation" : 0.0,
        "strID"     : "2ddc2dc7-63a6-4842-8b09-3dbe179b0749",
        "bForceLoad" : false
      },
      {
        "strName" : "ItmConduit01",
        "fX"      : -8.0,
        "fY"      : 14.0,
        "fRotation" : 0.0,
        "strID"     : "c6ec6e23-071b-4a65-bb36-c247c22bd815",
        "bForceLoad" : false
      },
      {
        "strName" : "ItmFloorRYOF01",
        "fX"      : -8.0,
        "fY"      : 6.0,
        "fRotation" : 0.0,
        "strID"     : "78e60e27-61e2-406e-82da-19f1b96b9187",
        "bForceLoad" : false
      },
      {
        "strName" : "ItmFloorRYOF04",
        "fX"      : -2.0,
        "fY"      : 8.0,
        "fRotation" : 180.0,
        "strID"     : "c761fa9a-105b-4cfe-b26c-ad262d567314",
        "bForceLoad" : false
      },
      {
        "strName" : "ItmConduit01",
        "fX"      : -3.0,
        "fY"      : 5.0,
        "fRotation" : 0.0,
        "strID"     : "34907b8c-2efb-4cec-8c01-5b074a335b50",
        "bForceLoad" : false
      },
      {
        "strName" : "ItmConduit01",
        "fX"      : -4.0,
        "fY"      : 4.0,
        "fRotation" : 0.0,
        "strID"     : "149ec244-28f4-49e3-b799-3269c441a573",
        "bForceLoad" : false
      },
      {
        "strName" : "ItmRCSCluster01",
        "fX"      : -0.9999998,
        "fY"      : 14.0,
        "fRotation" : 270.0,
        "strID"     : "4a29638b-beb8-4afb-89dd-2b1f0401c66c",
        "bForceLoad" : false
      },
      {
        "strName" : "ItmConduit01",
        "fX"      : -1.0,
        "fY"      : 11.0,
        "fRotation" : 0.0,
        "strID"     : "c87bf863-d741-4f43-b1b3-ba7ede8f5f89",
        "bForceLoad" : false
      },
      {
        "strName" : "ItmConduit01",
        "fX"      : -1.0,
        "fY"      : 12.0,
        "fRotation" : 0.0,
        "strID"     : "2d352fe1-bef7-4109-9f20-15a4f928b461",
        "bForceLoad" : false
      },
      {
        "strName" : "ItmConduit01",
        "fX"      : -1.0,
        "fY"      : 14.0,
        "fRotation" : 0.0,
        "strID"     : "26d762a5-c495-4e78-aec7-66a14d02b5be",
        "bForceLoad" : false
      },
      {
        "strName" : "ItmConduit01",
        "fX"      : -2.0,
        "fY"      : 14.0,
        "fRotation" : 0.0,
        "strID"     : "4dcdfad6-0f52-4519-9dcf-40e1118e1953",
        "bForceLoad" : false
      },
      {
        "strName" : "ItmWallRYOB01",
        "fX"      : -2.0,
        "fY"      : 15.0,
        "fRotation" : 0.0,
        "strID"     : "de8afcc9-c077-4037-a235-d51ed4b9d7c8",
        "bForceLoad" : false
      },
      {
        "strName" : "ItmWallRYOB01",
        "fX"      : -2.0,
        "fY"      : 16.0,
        "fRotation" : 0.0,
        "strID"     : "8d819ca5-65ce-4042-a9cb-7ee7ce6b41b5",
        "bForceLoad" : false
      },
      {
        "strName" : "ItmWallRYOB01",
        "fX"      : -2.0,
        "fY"      : 17.0,
        "fRotation" : 0.0,
        "strID"     : "2aa50d94-cc75-4820-b168-f76bbb9636dd",
        "bForceLoad" : false
      },
      {
        "strName" : "ItmWallRYOB01",
        "fX"      : -2.0,
        "fY"      : 18.0,
        "fRotation" : 0.0,
        "strID"     : "9607acea-1902-45d9-9a3d-a8193c1994d8",
        "bForceLoad" : false
      },
      {
        "strName" : "ItmFloorRYOF01",
        "fX"      : -3.0,
        "fY"      : 20.0,
        "fRotation" : 0.0,
        "strID"     : "0cd2f985-de41-46f7-ab6e-95c0b6aa54e3",
        "bForceLoad" : false
      },
      {
        "strName" : "ItmFloorRYOF01",
        "fX"      : -4.0,
        "fY"      : 20.0,
        "fRotation" : 0.0,
        "strID"     : "2dfd7bcd-5f16-4f32-bef4-02dd8239630e",
        "bForceLoad" : false
      },
      {
        "strName" : "ItmFloorRYOF01",
        "fX"      : -5.0,
        "fY"      : 20.0,
        "fRotation" : 0.0,
        "strID"     : "01039b50-16e4-4752-8ab0-fb1683b15cf5",
        "bForceLoad" : false
      },
      {
        "strName" : "ItmFloorRYOF01",
        "fX"      : -6.0,
        "fY"      : 20.0,
        "fRotation" : 0.0,
        "strID"     : "1214c9f8-63ef-4a76-a95f-944a383b8a6b",
        "bForceLoad" : false
      },
      {
        "strName" : "ItmRTAO2",
        "fX"      : -4.0,
        "fY"      : 12.0,
        "fRotation" : 90.0,
        "strID"     : "5cef6686-3fd2-4525-b330-7b367f1760b9",
        "bForceLoad" : false
      },
      {
        "strName" : "ItmRCSDistro02",
        "fX"      : -7.5,
        "fY"      : 15.5,
        "fRotation" : 90.0,
        "strID"     : "cce9a738-5c6a-42dc-b32e-9f76fb447d71",
        "bForceLoad" : false
      },
      {
        "strName" : "ItmCooler01On",
        "fX"      : -8.5,
        "fY"      : 20.0,
        "fRotation" : 0.0,
        "strID"     : "c6897496-df10-407c-bee7-3a1c7b301d16",
        "bForceLoad" : false,
        "aGPMSettings" : [
          {
            "strName" : "Panel A",
            "dictGUIPropMap" : [
              "strGUIPrefab",
              "GUIAirPump",
              "strFriendlyName",
              "Cooler",
              "strGUIPrefabRight",
              null,
              "strGUIPrefabLeft",
              null,
              "strGUIPrefabUp",
              null,
              "strGUIPrefabDown",
              null,
              "strTitle",
              "Unscrew for Thermostat Sensor Input Signal",
              "strValidCOTrigger01",
              "TIsAlarmTemp",
              "strCondMonitor01",
              "DcGasTemp03",
              "strSubPoint",
              "Cool",
              "strAddPoint",
              "Heat",
              "strInput01",
              "85c456fc-02da-4587-9027-fac7d266f4a8",
              "nKnobBus",
              "1",
              "bTurbo",
              "false",
              "bReverse",
              "false"
            ]
          }
        ]
      },
      {
        "strName" : "ItmRTAO2",
        "fX"      : -3.0,
        "fY"      : 12.0,
        "fRotation" : 90.0,
        "strID"     : "e60c02ba-8502-4a1d-b625-75e173089927",
        "bForceLoad" : false
      },
      {
        "strName" : "ItmWallRYOB01",
        "fX"      : -10.0,
        "fY"      : 20.0,
        "fRotation" : 0.0,
        "strID"     : "8a5203f8-67b8-492f-96fa-4ca5bfa8a1aa",
        "bForceLoad" : false
      },
      {
        "strName" : "ItmWallRYOB01",
        "fX"      : -10.0,
        "fY"      : 18.0,
        "fRotation" : 0.0,
        "strID"     : "a9a63dfe-140d-4884-be14-ee0fd16bc9b0",
        "bForceLoad" : false
      },
      {
        "strName" : "ItmWallRYOB01",
        "fX"      : -10.0,
        "fY"      : 17.0,
        "fRotation" : 0.0,
        "strID"     : "a7d532dc-01ce-44da-989c-a710b936d78a",
        "bForceLoad" : false
      },
      {
        "strName" : "ItmWallRYOB01",
        "fX"      : -10.0,
        "fY"      : 16.0,
        "fRotation" : 0.0,
        "strID"     : "785428d8-d8a7-4239-b130-ba09c6d5caa4",
        "bForceLoad" : false
      },
      {
        "strName" : "ItmWallRYOB01",
        "fX"      : -10.0,
        "fY"      : 15.0,
        "fRotation" : 0.0,
        "strID"     : "34a1d7c3-c452-44a4-9866-c63fa1cdc5d4",
        "bForceLoad" : false
      },
      {
        "strName" : "ItmConduit01",
        "fX"      : -2.0,
        "fY"      : 7.0,
        "fRotation" : 0.0,
        "strID"     : "5ae175ca-c43f-4435-895b-5cfcb77afee4",
        "bForceLoad" : false
      },
      {
        "strName" : "ItmRTAO2",
        "fX"      : -8.0,
        "fY"      : 10.0,
        "fRotation" : 270.0,
        "strID"     : "1b995874-fee7-46e8-b3dc-bb729d5382a3",
        "bForceLoad" : false
      },
      {
        "strName" : "ItmRTAO2",
        "fX"      : -9.0,
        "fY"      : 12.0,
        "fRotation" : 270.0,
        "strID"     : "e296190d-061e-4fb6-ab74-0a09fbfc98e9",
        "bForceLoad" : false
      },
      {
        "strName" : "ItmLitWall1x0",
        "fX"      : -5.0,
        "fY"      : 5.0,
        "fRotation" : 270.0,
        "strID"     : "2120191b-0a17-4160-83f1-5f7c9250678d",
        "bForceLoad" : false
      },
      {
        "strName" : "ItmLitWall1x0",
        "fX"      : -7.0,
        "fY"      : 5.0,
        "fRotation" : 90.0,
        "strID"     : "2e4e6c9c-4a73-4f5e-9284-9aaeb611d408",
        "bForceLoad" : false
      },
      {
        "strName" : "ItmFloorRYOF04",
        "fX"      : -10.0,
        "fY"      : 8.0,
        "fRotation" : 0.0,
        "strID"     : "9d5bbed5-6d7e-4dcc-8e88-52f4c4825447",
        "bForceLoad" : false
      },
      {
        "strName" : "ItmConduit01",
        "fX"      : -3.0,
        "fY"      : 6.0,
        "fRotation" : 0.0,
        "strID"     : "c6aeae45-5531-468e-a96d-caff02971f51",
        "bForceLoad" : false
      },
      {
        "strName" : "ItmWallRYOB01",
        "fX"      : -1.0,
        "fY"      : 9.0,
        "fRotation" : 0.0,
        "strID"     : "93aba3f6-36a4-4db1-8e18-eeff15cc87ae",
        "bForceLoad" : false
      },
      {
        "strName" : "ItmWallRYOB01",
        "fX"      : -3.0,
        "fY"      : 6.0,
        "fRotation" : 0.0,
        "strID"     : "a802a4d0-6609-4c4e-9128-c964585b7ce4",
        "bForceLoad" : false
      },
      {
        "strName" : "ItmAirPump03OnG",
        "fX"      : -8.0,
        "fY"      : 7.0,
        "fRotation" : 180.0,
        "strID"     : "1d6663be-efe5-4b68-9ad5-31074a0516c2",
        "bForceLoad" : false,
        "aGPMSettings" : [
          {
            "strName" : "Panel A",
            "dictGUIPropMap" : [
              "strGUIPrefab",
              "GUIAirPump",
              "strFriendlyName",
              "Air Pump",
              "strGUIPrefabRight",
              null,
              "strGUIPrefabLeft",
              null,
              "strGUIPrefabUp",
              null,
              "strGUIPrefabDown",
              null,
              "strTitle",
              "Unscrew for Pressure Sensor Input Signal",
              "strValidCOTrigger01",
              "TIsAlarm2",
              "strCondMonitor01",
              "IsReadyPumpAir",
              "strInput01",
              "8e3be8cd-b976-4add-8088-802c34f03a5f",
              "nKnobBus",
              "1",
              "bTurbo",
              "false",
              "bReverse",
              "false"
            ]
          }
        ]
      },
      {
        "strName" : "ItmConduit01",
        "fX"      : -7.0,
        "fY"      : 15.0,
        "fRotation" : 0.0,
        "strID"     : "b105aa8f-91c8-4849-9246-da23f1d856f2",
        "bForceLoad" : false
      },
      {
        "strName" : "ItmRTAO2",
        "fX"      : -9.0,
        "fY"      : 10.0,
        "fRotation" : 270.0,
        "strID"     : "512d3d1b-0c17-4763-be8d-2692eaf58095",
        "bForceLoad" : false
      },
      {
        "strName" : "ItmFloorRYOF01",
        "fX"      : -2.0,
        "fY"      : 20.0,
        "fRotation" : 0.0,
        "strID"     : "fde43058-3391-4737-9361-64fc924b1204",
        "bForceLoad" : false
      },
      {
        "strName" : "ItmWallRYOB01",
        "fX"      : -10.0,
        "fY"      : 19.0,
        "fRotation" : 0.0,
        "strID"     : "dbee5e2f-4eb7-4517-a658-f7fb3ad56023",
        "bForceLoad" : false
      },
      {
        "strName" : "ItmHeater01",
        "fX"      : -6.5,
        "fY"      : 18.5,
        "fRotation" : 270.0,
        "strID"     : "f875183e-cc13-4fc1-9996-d28d9f2557ea",
        "bForceLoad" : false,
        "aGPMSettings" : [
          {
            "strName" : "Panel A",
            "dictGUIPropMap" : [
              "strGUIPrefab",
              "GUIAirPump",
              "strFriendlyName",
              "Heater",
              "strGUIPrefabRight",
              null,
              "strGUIPrefabLeft",
              null,
              "strGUIPrefabUp",
              null,
              "strGUIPrefabDown",
              null,
              "strTitle",
              "Unscrew for Thermostat Sensor Input Signal",
              "strValidCOTrigger01",
              "TIsAlarmTemp",
              "strCondMonitor01",
              "DcGasTemp01",
              "strSubPoint",
              "ignore",
              "strAddPoint",
              null,
              "strInput01",
              "85c456fc-02da-4587-9027-fac7d266f4a8",
              "nKnobBus",
              "1",
              "bTurbo",
              "false",
              "bReverse",
              "false"
            ]
          }
        ]
      },
      {
        "strName" : "ItmWallRYOB01",
        "fX"      : -8.0,
        "fY"      : 20.0,
        "fRotation" : 0.0,
        "strID"     : "ca4a627f-484b-471d-8212-7c2d7cb07c01",
        "bForceLoad" : false
      },
      {
        "strName" : "ItmConduit01",
        "fX"      : -7.0,
        "fY"      : 14.0,
        "fRotation" : 0.0,
        "strID"     : "c8a09ef2-cd6e-4911-b859-14bd440ea0d9",
        "bForceLoad" : false
      },
      {
        "strName" : "ItmFloorRYOF01",
        "fX"      : -11.0,
        "fY"      : 8.0,
        "fRotation" : 0.0,
        "strID"     : "7926bc2e-8606-4ece-a7c0-b7a732cf3dce",
        "bForceLoad" : false
      },
      {
        "strName" : "ItmConduit01",
        "fX"      : -9.0,
        "fY"      : 14.0,
        "fRotation" : 0.0,
        "strID"     : "806e5d87-5187-4ea7-acf3-cb936ed81abe",
        "bForceLoad" : false
      },
      {
        "strName" : "ItmLitWall1x0",
        "fX"      : -4.0,
        "fY"      : 22.0,
        "fRotation" : 180.0,
        "strID"     : "840984ca-01a4-4663-8946-5f3cdf47d5f5",
        "bForceLoad" : false
      },
      {
        "strName" : "ItmAlarmN2OnG",
        "fX"      : -3.0,
        "fY"      : 17.0,
        "fRotation" : 270.0,
        "strID"     : "8e3be8cd-b976-4add-8088-802c34f03a5f",
        "bForceLoad" : false,
        "aGPMSettings" : [
          {
            "strName" : "Panel A",
            "dictGUIPropMap" : [
              "strGUIPrefab",
              "GUIOnOff",
              "strFriendlyName",
              "Alarm",
              "strGUIPrefabRight",
              null,
              "strGUIPrefabLeft",
              null,
              "strGUIPrefabUp",
              null,
              "strGUIPrefabDown",
              null,
              "strTitle",
              "Alarm Override"
            ]
          }
        ]
      },
      {
        "strName" : "ItmFloorRYOF01",
        "fX"      : -3.0,
        "fY"      : 5.0,
        "fRotation" : 0.0,
        "strID"     : "77497d04-74f4-417b-a080-17aff36da257",
        "bForceLoad" : false
      },
      {
        "strName" : "ItmWallRYOB01",
        "fX"      : -1.0,
        "fY"      : 10.0,
        "fRotation" : 0.0,
        "strID"     : "bfd4e149-2adc-4ea4-a7bf-4c4dc512ba8d",
        "bForceLoad" : false
      },
      {
        "strName" : "ItmFloorRYOF01",
        "fX"      : -8.0,
        "fY"      : 20.0,
        "fRotation" : 0.0,
        "strID"     : "3aff78a0-217a-4c97-95b5-196728a71b2e",
        "bForceLoad" : false
      },
      {
        "strName" : "ItmWallRYOB01",
        "fX"      : -11.0,
        "fY"      : 14.0,
        "fRotation" : 0.0,
        "strID"     : "94e5f7f5-fe95-424c-9cd4-5738c92f135b",
        "bForceLoad" : false
      },
      {
        "strName" : "ItmWallRYOB01",
        "fX"      : -11.0,
        "fY"      : 13.0,
        "fRotation" : 0.0,
        "strID"     : "be356363-39e7-459f-a7fe-c867a02606bb",
        "bForceLoad" : false
      },
      {
        "strName" : "ItmWallRYOB01",
        "fX"      : -11.0,
        "fY"      : 12.0,
        "fRotation" : 0.0,
        "strID"     : "ab165f8e-fe61-4447-85f3-b8659883337b",
        "bForceLoad" : false
      },
      {
        "strName" : "ItmConduit01",
        "fX"      : -11.0,
        "fY"      : 12.0,
        "fRotation" : 0.0,
        "strID"     : "859450fe-e04b-487e-b5ac-2016d58da676",
        "bForceLoad" : false
      },
      {
        "strName" : "ItmWallRYOB01",
        "fX"      : -9.0,
        "fY"      : 6.0,
        "fRotation" : 0.0,
        "strID"     : "846e64f8-1c2f-4774-b605-b42df0efbdcb",
        "bForceLoad" : false
      },
      {
        "strName" : "ItmConduit01",
        "fX"      : -3.0,
        "fY"      : 7.0,
        "fRotation" : 0.0,
        "strID"     : "a7a2fb2a-6529-4bf5-b44c-f86a7cffdb66",
        "bForceLoad" : false
      },
      {
        "strName" : "SysLootSpawner",
        "fX"      : -6.0,
        "fY"      : 6.0,
        "fRotation" : 0.0,
        "strID"     : "ad6717a8-0410-4767-b165-3f908dab8aa5",
        "bForceLoad" : false,
        "aGPMSettings" : [
          {
            "strName" : "Panel A",
            "dictGUIPropMap" : [
              "strGUIPrefab",
              "GUILootSpawn",
              "strFriendlyName",
              "Loot Spawner",
              "strGUIPrefabRight",
              null,
              "strGUIPrefabLeft",
              null,
              "strGUIPrefabUp",
              null,
              "strGUIPrefabDown",
              null,
              "strType",
              "Loot",
              "strLoot",
              "ItmDerelictMediumAirlock",
              "strRange",
              "1",
              "strCount",
              "1",
              "strDamaged",
              "True",
              "strDerelict",
              "True"
            ]
          }
        ]
      },
      {
        "strName" : "ItmWallRYOB01",
        "fX"      : -9.0,
        "fY"      : 20.0,
        "fRotation" : 0.0,
        "strID"     : "3e36961d-9f08-4617-bddf-1307c45a6420",
        "bForceLoad" : false
      },
      {
        "strName" : "ItmStationNav",
        "fX"      : -4.0,
        "fY"      : 19.0,
        "fRotation" : 0.0,
        "strID"     : "bc68fdb5-9e5c-4914-884e-79e88ba5ecc3",
        "bForceLoad" : false,
        "aGPMSettings" : [
          {
            "strName" : "Panel A",
            "dictGUIPropMap" : [
              "strGUIPrefab",
              "GUIOrbitDraw/GUIOrbitDraw",
              "strFriendlyName",
              "Nav Controls",
              "strGUIPrefabRight",
              "Panel Right",
              "strGUIPrefabLeft",
              null,
              "strGUIPrefabUp",
              null,
              "strGUIPrefabDown",
              null
            ]
          },
          {
            "strName" : "Panel Right",
            "dictGUIPropMap" : [
              "strGUIPrefab",
              "GUIDockSys",
              "strFriendlyName",
              "Docking Controls",
              "strGUIPrefabRight",
              null,
              "strGUIPrefabLeft",
              "Panel A",
              "strGUIPrefabUp",
              null,
              "strGUIPrefabDown",
              null
            ]
          },
          {
            "strName" : "Panel Computer",
            "dictGUIPropMap" : [
              "strGUIPrefab",
              "GUIComputer/GUIComputer2",
              "strFriendlyName",
              "PDA",
              "strGUIPrefabRight",
              null,
              "strGUIPrefabLeft",
              null,
              "strGUIPrefabUp",
              null,
              "strGUIPrefabDown",
              null
            ]
          }
        ]
      },
      {
        "strName" : "ItmWallRYOB01",
        "fX"      : -11.0,
        "fY"      : 7.0,
        "fRotation" : 0.0,
        "strID"     : "92239f8e-de68-45fd-81c4-3b03d8d4de78",
        "bForceLoad" : false
      },
      {
        "strName" : "ItmRTAN2",
        "fX"      : -8.0,
        "fY"      : 6.0,
        "fRotation" : 0.0,
        "strID"     : "3ca7f7c4-8d07-4215-97cc-bf11b946af48",
        "bForceLoad" : false
      },
      {
        "strName" : "ItmWallRYOB01",
        "fX"      : -6.0,
        "fY"      : 20.0,
        "fRotation" : 0.0,
        "strID"     : "1d0e8c1b-c9a4-4b44-8887-560a17008e30",
        "bForceLoad" : false
      },
      {
        "strName" : "ItmRTAO2",
        "fX"      : -8.0,
        "fY"      : 16.0,
        "fRotation" : 180.0,
        "strID"     : "53eafbcb-9873-4dc4-b156-f9648a0ce37e",
        "bForceLoad" : false
      },
      {
        "strName" : "ItmFloorRYOF01",
        "fX"      : -2.0,
        "fY"      : 21.0,
        "fRotation" : 0.0,
        "strID"     : "edd1d157-68ce-4bfd-b58a-4032b3424a15",
        "bForceLoad" : false
      },
      {
        "strName" : "ItmRCSDistro02",
        "fX"      : -8.5,
        "fY"      : 15.5,
        "fRotation" : 270.0,
        "strID"     : "c0cb6882-0538-4550-adf1-f3c1706d5659",
        "bForceLoad" : false
      },
      {
        "strName" : "ItmWallRYOB01",
        "fX"      : -2.0,
        "fY"      : 20.0,
        "fRotation" : 0.0,
        "strID"     : "4b7326c8-6e88-4959-a18d-f60db3bb6e3a",
        "bForceLoad" : false
      },
      {
        "strName" : "ItmWallRYOB01",
        "fX"      : -2.0,
        "fY"      : 19.0,
        "fRotation" : 0.0,
        "strID"     : "fa05c775-af73-4628-b81f-5cbd4264ac76",
        "bForceLoad" : false
      },
      {
        "strName" : "ItmFloorRYOF01",
        "fX"      : -7.0,
        "fY"      : 18.0,
        "fRotation" : 0.0,
        "strID"     : "d46b4cb0-e914-45de-9962-729ead3c948d",
        "bForceLoad" : false
      },
      {
        "strName" : "ItmFloorRYOF01",
        "fX"      : -8.0,
        "fY"      : 18.0,
        "fRotation" : 0.0,
        "strID"     : "be254b44-23e5-4222-9c76-9ae5e81a4172",
        "bForceLoad" : false
      },
      {
        "strName" : "ItmFloorRYOF01",
        "fX"      : -9.0,
        "fY"      : 18.0,
        "fRotation" : 0.0,
        "strID"     : "0369779c-b346-43d8-a4fa-7e0f8da10661",
        "bForceLoad" : false
      },
      {
        "strName" : "ItmFloorRYOF01",
        "fX"      : -10.0,
        "fY"      : 18.0,
        "fRotation" : 0.0,
        "strID"     : "f5b2f2dd-c10d-423c-801d-6a37817a6435",
        "bForceLoad" : false
      },
      {
        "strName" : "ItmRTAO2",
        "fX"      : -4.0,
        "fY"      : 11.0,
        "fRotation" : 90.0,
        "strID"     : "61d4bb65-573b-4e23-bd2f-096fc0604f36",
        "bForceLoad" : false
      },
      {
        "strName" : "ItmCanister01",
        "fX"      : -4.0,
        "fY"      : 8.0,
        "fRotation" : 0.0,
        "strID"     : "a7692f55-bbf1-4386-8a3b-e95b11d90d78",
        "bForceLoad" : false
      },
      {
        "strName" : "ItmRTAO2",
        "fX"      : -8.0,
        "fY"      : 12.0,
        "fRotation" : 270.0,
        "strID"     : "bf92889e-aac3-4262-8894-7918f63d1387",
        "bForceLoad" : false
      },
      {
        "strName" : "ItmFloorRYOF01",
        "fX"      : -9.0,
        "fY"      : 19.0,
        "fRotation" : 0.0,
        "strID"     : "25679d54-87da-41cf-99ea-7b75bf15ca9d",
        "bForceLoad" : false
      },
      {
        "strName" : "ItmFloorRYOF01",
        "fX"      : -10.0,
        "fY"      : 19.0,
        "fRotation" : 0.0,
        "strID"     : "c135997a-6cd9-45cd-8a42-ad9e46a6a3a4",
        "bForceLoad" : false
      },
      {
        "strName" : "ItmWallRYOB01",
        "fX"      : -6.0,
        "fY"      : 21.0,
        "fRotation" : 0.0,
        "strID"     : "29637472-ecb0-4feb-aab2-9c6be83e83ae",
        "bForceLoad" : false
      },
      {
        "strName" : "ItmWallRYOB01",
        "fX"      : -5.0,
        "fY"      : 21.0,
        "fRotation" : 0.0,
        "strID"     : "7de57ee8-93a9-4f6d-a885-af37f65eb566",
        "bForceLoad" : false
      },
      {
        "strName" : "ItmWallRYOB01",
        "fX"      : -4.0,
        "fY"      : 21.0,
        "fRotation" : 0.0,
        "strID"     : "311b9b75-f5cf-4719-9157-b828d512c142",
        "bForceLoad" : false
      },
      {
        "strName" : "ItmWallRYOB01",
        "fX"      : -3.0,
        "fY"      : 21.0,
        "fRotation" : 0.0,
        "strID"     : "78f4b7b0-7861-4448-8302-4dcdd0ca9599",
        "bForceLoad" : false
      },
      {
        "strName" : "ItmWallRYOB01",
        "fX"      : -2.0,
        "fY"      : 21.0,
        "fRotation" : 0.0,
        "strID"     : "2f2f0382-3c8a-4433-b16e-fa326785c294",
        "bForceLoad" : false
      },
      {
        "strName" : "ItmFloorRYOF01",
        "fX"      : -8.0,
        "fY"      : 19.0,
        "fRotation" : 0.0,
        "strID"     : "1bd40f36-6d8c-4157-ad49-d3540a19cafb",
        "bForceLoad" : false
      },
      {
        "strName" : "ItmFloorRYOF01",
        "fX"      : -7.0,
        "fY"      : 19.0,
        "fRotation" : 0.0,
        "strID"     : "78df6707-5427-40b8-b44a-7229b89d8376",
        "bForceLoad" : false
      },
      {
        "strName" : "ItmFloorRYOF01",
        "fX"      : -6.0,
        "fY"      : 21.0,
        "fRotation" : 0.0,
        "strID"     : "c4dbf416-4321-46c7-9363-6cfc120cf4c7",
        "bForceLoad" : false
      },
      {
        "strName" : "ItmFloorRYOF01",
        "fX"      : -5.0,
        "fY"      : 21.0,
        "fRotation" : 0.0,
        "strID"     : "2fd4cc98-2c9f-4122-9016-b760dd57d448",
        "bForceLoad" : false
      },
      {
        "strName" : "ItmFloorRYOF01",
        "fX"      : -4.0,
        "fY"      : 21.0,
        "fRotation" : 0.0,
        "strID"     : "bedb36a9-434b-403e-8e80-d3cebd4dd27f",
        "bForceLoad" : false
      },
      {
        "strName" : "ItmFloorRYOF01",
        "fX"      : -3.0,
        "fY"      : 21.0,
        "fRotation" : 0.0,
        "strID"     : "1667ebe6-b8aa-46a7-bfb1-46928a4e9827",
        "bForceLoad" : false
      },
      {
        "strName" : "ItmBattery02",
        "fX"      : -3.5,
        "fY"      : 15.5,
        "fRotation" : 0.0,
        "strID"     : "962379a4-a2b9-4f2d-894e-a8897d8e1090",
        "bForceLoad" : false,
        "aGPMSettings" : [
          {
            "strName" : "Panel A",
            "dictGUIPropMap" : [
              "strGUIPrefab",
              "GUIMeter",
              "strFriendlyName",
              "Battery",
              "strGUIPrefabRight",
              null,
              "strGUIPrefabLeft",
              null,
              "strGUIPrefabUp",
              null,
              "strGUIPrefabDown",
              null,
              "strTitle",
              "Battery Charge",
              "strCond",
              "StatPower",
              "strInput01",
              "",
              "fMin",
              "0.0",
              "fMax",
              "80.96"
            ]
          }
        ]
      },
      {
        "strName" : "ItmRTAO2",
        "fX"      : -8.0,
        "fY"      : 15.0,
        "fRotation" : 0.0,
        "strID"     : "eb28e140-9910-4d04-bcd3-e7afed60322e",
        "bForceLoad" : false
      },
      {
        "strName" : "ItmWallRYOB01",
        "fX"      : -3.0,
        "fY"      : 7.0,
        "fRotation" : 0.0,
        "strID"     : "6a27db1d-eff3-4e72-a3c2-f337544d3a67",
        "bForceLoad" : false
      },
      {
        "strName" : "ItmConduit01",
        "fX"      : -2.0,
        "fY"      : 15.0,
        "fRotation" : 0.0,
        "strID"     : "a5eff3d0-798a-4fed-8dbb-5c1ed4ab5f8c",
        "bForceLoad" : false
      },
      {
        "strName" : "ItmWallRYOB01",
        "fX"      : -7.0,
        "fY"      : 20.0,
        "fRotation" : 0.0,
        "strID"     : "24da49db-0cbd-4da1-87a8-2c4199b9d042",
        "bForceLoad" : false
      },
      {
        "strName" : "ItmFloorRYOF01",
        "fX"      : -7.0,
        "fY"      : 20.0,
        "fRotation" : 0.0,
        "strID"     : "91f5c563-8bf5-4f91-b7ec-44eb93ca4f51",
        "bForceLoad" : false
      },
      {
        "strName" : "ItmFloorRYOF01",
        "fX"      : -9.0,
        "fY"      : 20.0,
        "fRotation" : 0.0,
        "strID"     : "a8d56c9f-7ec3-454e-ad70-5d4167668933",
        "bForceLoad" : false
      },
      {
        "strName" : "ItmFloorRYOF01",
        "fX"      : -10.0,
        "fY"      : 20.0,
        "fRotation" : 0.0,
        "strID"     : "9487ba26-d872-4ef3-8ef2-31dd09872b55",
        "bForceLoad" : false
      },
      {
        "strName" : "ItmConduit01",
        "fX"      : -3.0,
        "fY"      : 14.0,
        "fRotation" : 0.0,
        "strID"     : "2c749ce3-8abe-40b9-b748-820ff3a6ac54",
        "bForceLoad" : false
      },
      {
        "strName" : "ItmDoor01ClosedOn",
        "fX"      : -6.0,
        "fY"      : 7.0,
        "fRotation" : 0.0,
        "strID"     : "e02bd69d-65e1-4907-aaf7-a7360c8b8fd8",
        "bForceLoad" : false,
        "aGPMSettings" : [
          {
            "strName" : "Panel A",
            "dictGUIPropMap" : [
              "strGUIPrefab",
              "GUILocks",
              "strFriendlyName",
              "Door Lock",
              "strGUIPrefabRight",
              null,
              "strGUIPrefabLeft",
              null,
              "strGUIPrefabUp",
              null,
              "strGUIPrefabDown",
              null,
              "strBrand",
              "Bieler",
              "strBrandSub",
              "Commercial Door Systems",
              "strMSLock",
              "ItmDoorInt01OpenLocked",
              "strMSUnlock",
              "ItmDoorInt01Open"
            ]
          }
        ]
      },
      {
        "strName" : "ItmConduit01",
        "fX"      : -4.0,
        "fY"      : 5.0,
        "fRotation" : 0.0,
        "strID"     : "bff0a96b-e42f-4bcb-aa88-c6c16ec3e3d7",
        "bForceLoad" : false
      },
      {
        "strName" : "ItmConduit01",
        "fX"      : -8.0,
        "fY"      : 4.0,
        "fRotation" : 0.0,
        "strID"     : "a86de7f7-42c0-4141-8343-b77c4c777c1d",
        "bForceLoad" : false
      },
      {
        "strName" : "ItmConduit01",
        "fX"      : -1.0,
        "fY"      : 9.0,
        "fRotation" : 0.0,
        "strID"     : "d2d6c79a-79ca-43bf-83fb-0058546ca15a",
        "bForceLoad" : false
      },
      {
        "strName" : "ItmConduit01",
        "fX"      : -1.0,
        "fY"      : 10.0,
        "fRotation" : 0.0,
        "strID"     : "042e6488-f611-4247-b7b5-19d9bc3c65cc",
        "bForceLoad" : false
      },
      {
        "strName" : "ItmConduit01",
        "fX"      : -1.0,
        "fY"      : 13.0,
        "fRotation" : 0.0,
        "strID"     : "cb8344f1-430e-467a-8d51-a1e43e5fad4e",
        "bForceLoad" : false
      },
      {
        "strName" : "ItmConduit01",
        "fX"      : -1.0,
        "fY"      : 15.0,
        "fRotation" : 0.0,
        "strID"     : "791673f2-4034-46e3-a4cc-a3ee2f503cd6",
        "bForceLoad" : false
      },
      {
        "strName" : "ItmWallRYOB01",
        "fX"      : -1.0,
        "fY"      : 15.0,
        "fRotation" : 0.0,
        "strID"     : "5541bb57-5273-4727-a57c-a45a95f876f8",
        "bForceLoad" : false
      },
      {
        "strName" : "ItmConduit01",
        "fX"      : -2.0,
        "fY"      : 16.0,
        "fRotation" : 0.0,
        "strID"     : "29e9ac74-4443-46ed-a731-7badb8e62325",
        "bForceLoad" : false
      },
      {
        "strName" : "ItmConduit01",
        "fX"      : -2.0,
        "fY"      : 17.0,
        "fRotation" : 0.0,
        "strID"     : "16f0d79e-1a16-4ef7-ae69-f21adb30ce20",
        "bForceLoad" : false
      },
      {
        "strName" : "ItmConduit01",
        "fX"      : -2.0,
        "fY"      : 18.0,
        "fRotation" : 0.0,
        "strID"     : "4ce34e65-8c36-46ee-b3ca-0e6dc6935f02",
        "bForceLoad" : false
      },
      {
        "strName" : "ItmConduit01",
        "fX"      : -2.0,
        "fY"      : 19.0,
        "fRotation" : 0.0,
        "strID"     : "8ce2a051-a150-4475-b3b5-b02f655436f7",
        "bForceLoad" : false
      },
      {
        "strName" : "ItmConduit01",
        "fX"      : -2.0,
        "fY"      : 20.0,
        "fRotation" : 0.0,
        "strID"     : "f4c97aa7-8955-4d8d-91e8-55e997be3cba",
        "bForceLoad" : false
      },
      {
        "strName" : "ItmConduit01",
        "fX"      : -2.0,
        "fY"      : 21.0,
        "fRotation" : 0.0,
        "strID"     : "d7e4f8e3-84e5-46f1-b437-031b32bd0273",
        "bForceLoad" : false
      },
      {
        "strName" : "ItmConduit01",
        "fX"      : -5.0,
        "fY"      : 21.0,
        "fRotation" : 0.0,
        "strID"     : "e18f246f-aedd-4ff2-8ed5-24fd29bcebb1",
        "bForceLoad" : false
      },
      {
        "strName" : "ItmConduit01",
        "fX"      : -4.0,
        "fY"      : 21.0,
        "fRotation" : 0.0,
        "strID"     : "3666fad1-6468-41c2-8a89-befee7541de5",
        "bForceLoad" : false
      },
      {
        "strName" : "ItmConduit01",
        "fX"      : -3.0,
        "fY"      : 21.0,
        "fRotation" : 0.0,
        "strID"     : "5be0b12d-cd8b-4961-9faa-f8e7ce45a1e7",
        "bForceLoad" : false
      },
      {
        "strName" : "ItmConduit01",
        "fX"      : -6.0,
        "fY"      : 21.0,
        "fRotation" : 0.0,
        "strID"     : "94dce1a3-656d-4439-93c8-22f528f47ec3",
        "bForceLoad" : false
      },
      {
        "strName" : "ItmConduit01",
        "fX"      : -6.0,
        "fY"      : 20.0,
        "fRotation" : 0.0,
        "strID"     : "76f2f05f-a620-4370-b532-605234687161",
        "bForceLoad" : false
      },
      {
        "strName" : "ItmConduit01",
        "fX"      : -7.0,
        "fY"      : 20.0,
        "fRotation" : 0.0,
        "strID"     : "d5d4a3db-b74e-4f68-a798-2d6b4b6a2e91",
        "bForceLoad" : false
      },
      {
        "strName" : "ItmConduit01",
        "fX"      : -8.0,
        "fY"      : 20.0,
        "fRotation" : 0.0,
        "strID"     : "4bb5e52b-a0d2-4cd3-9fd3-5c88fa693fca",
        "bForceLoad" : false
      },
      {
        "strName" : "ItmConduit01",
        "fX"      : -9.0,
        "fY"      : 20.0,
        "fRotation" : 0.0,
        "strID"     : "2ec862f5-2f8d-417a-ae6d-4531fa2fea73",
        "bForceLoad" : false
      },
      {
        "strName" : "ItmConduit01",
        "fX"      : -10.0,
        "fY"      : 20.0,
        "fRotation" : 0.0,
        "strID"     : "c35e0327-e1f9-4aad-86a4-473a517c7b31",
        "bForceLoad" : false
      },
      {
        "strName" : "ItmConduit01",
        "fX"      : -10.0,
        "fY"      : 19.0,
        "fRotation" : 0.0,
        "strID"     : "15f39991-2f92-41b5-a857-8031cd8e0fd9",
        "bForceLoad" : false
      },
      {
        "strName" : "ItmConduit01",
        "fX"      : -10.0,
        "fY"      : 18.0,
        "fRotation" : 0.0,
        "strID"     : "848b6693-0a61-48ce-9bea-fe34e2c4986f",
        "bForceLoad" : false
      },
      {
        "strName" : "ItmConduit01",
        "fX"      : -10.0,
        "fY"      : 17.0,
        "fRotation" : 0.0,
        "strID"     : "8c1e7d6d-ca97-48ca-801a-54277af13c55",
        "bForceLoad" : false
      },
      {
        "strName" : "ItmConduit01",
        "fX"      : -10.0,
        "fY"      : 16.0,
        "fRotation" : 0.0,
        "strID"     : "8444c27b-f8de-468f-b3e9-585b0460b0b9",
        "bForceLoad" : false
      },
      {
        "strName" : "ItmConduit01",
        "fX"      : -10.0,
        "fY"      : 15.0,
        "fRotation" : 0.0,
        "strID"     : "62bb4eba-9a68-486f-acdd-d078ded888df",
        "bForceLoad" : false
      },
      {
        "strName" : "ItmConduit01",
        "fX"      : -11.0,
        "fY"      : 11.0,
        "fRotation" : 0.0,
        "strID"     : "231b862c-50b4-4043-8ace-d57159a806f5",
        "bForceLoad" : false
      },
      {
        "strName" : "ItmConduit01",
        "fX"      : -11.0,
        "fY"      : 13.0,
        "fRotation" : 0.0,
        "strID"     : "7606c298-1b64-4956-9d89-43a7491dfb19",
        "bForceLoad" : false
      },
      {
        "strName" : "ItmConduit01",
        "fX"      : -11.0,
        "fY"      : 14.0,
        "fRotation" : 0.0,
        "strID"     : "e3c505bf-c4f9-4e61-af91-39e0da315c4d",
        "bForceLoad" : false
      },
      {
        "strName" : "ItmConduit01",
        "fX"      : -11.0,
        "fY"      : 15.0,
        "fRotation" : 0.0,
        "strID"     : "0e126164-a140-489a-9f9a-36673863663f",
        "bForceLoad" : false
      },
      {
        "strName" : "ItmRCSCluster01",
        "fX"      : -11.0,
        "fY"      : 14.0,
        "fRotation" : 90.0,
        "strID"     : "edb31dd3-0ebb-4aa1-ac70-a86e132c0f5e",
        "bForceLoad" : false
      },
      {
        "strName" : "ItmFloorRYOF01",
        "fX"      : -11.0,
        "fY"      : 7.0,
        "fRotation" : 0.0,
        "strID"     : "23bae0fa-0229-406c-b0b5-62a54ef6c39a",
        "bForceLoad" : false
      },
      {
        "strName" : "ItmWallRYOB01",
        "fX"      : -4.0,
        "fY"      : 5.0,
        "fRotation" : 0.0,
        "strID"     : "0f344b3e-1811-4b39-9916-e0cb27130187",
        "bForceLoad" : false
      },
      {
        "strName" : "ItmLitWall1x0Orange",
        "fX"      : -4.0,
        "fY"      : 20.0,
        "fRotation" : 0.0,
        "strID"     : "22c6defb-8f07-47d2-8e69-a1958b00e8a0",
        "bForceLoad" : false
      },
      {
        "strName" : "ItmFloorRYOF01",
        "fX"      : -9.0,
        "fY"      : 6.0,
        "fRotation" : 0.0,
        "strID"     : "a47d114a-d575-492d-8fcc-5cc9d4c8a940",
        "bForceLoad" : false
      },
      {
        "strName" : "ItmFloorRYOF01",
        "fX"      : -10.0,
        "fY"      : 7.0,
        "fRotation" : 0.0,
        "strID"     : "d027b7ec-16ec-4430-b1dd-5382ed2c085f",
        "bForceLoad" : false
      },
      {
        "strName" : "ItmConduit01",
        "fX"      : -9.0,
        "fY"      : 16.0,
        "fRotation" : 0.0,
        "strID"     : "3ff7c1d8-05b1-4c7e-9dc5-88af124dc398",
        "bForceLoad" : false
      },
      {
        "strName" : "ItmConduit01",
        "fX"      : -1.0,
        "fY"      : 7.0,
        "fRotation" : 0.0,
        "strID"     : "bcbfa3a6-57c6-4af8-a43e-8092cee69eb5",
        "bForceLoad" : false
      },
      {
        "strName" : "ItmSwitch01On",
        "fX"      : -4.0,
        "fY"      : 17.0,
        "fRotation" : 270.0,
        "strID"     : "9e4b540c-5da2-4202-8a6e-aa92f40dfbfa",
        "bForceLoad" : false
      },
      {
        "strName" : "ItmConduit01",
        "fX"      : -3.0,
        "fY"      : 17.0,
        "fRotation" : 0.0,
        "strID"     : "22bd1ec9-e948-4042-99c7-1a0bc7e91353",
        "bForceLoad" : false
      },
      {
        "strName" : "ItmAirPump03OnG",
        "fX"      : -5.0,
        "fY"      : 15.0,
        "fRotation" : 0.0,
        "strID"     : "39c10376-11b2-4c81-9c74-4c7370ba21c5",
        "bForceLoad" : false,
        "aGPMSettings" : [
          {
            "strName" : "Panel A",
            "dictGUIPropMap" : [
              "strGUIPrefab",
              "GUIAirPump",
              "strFriendlyName",
              "Air Pump",
              "strGUIPrefabRight",
              null,
              "strGUIPrefabLeft",
              null,
              "strGUIPrefabUp",
              null,
              "strGUIPrefabDown",
              null,
              "strTitle",
              "Unscrew for Pressure Sensor Input Signal",
              "strValidCOTrigger01",
              "TIsAlarm2",
              "strCondMonitor01",
              "IsReadyPumpAir",
              "strInput01",
              "1096e82d-01d0-4342-8556-dac4bea358cd",
              "nKnobBus",
              "1",
              "bTurbo",
              "false",
              "bReverse",
              "false"
            ]
          }
        ]
      },
      {
        "strName" : "ItmWallRYOB01",
        "fX"      : -5.0,
        "fY"      : 15.0,
        "fRotation" : 0.0,
        "strID"     : "6cb3ed13-4b5b-4691-b73d-f5d61ae61e65",
        "bForceLoad" : false
      },
      {
        "strName" : "ItmRTAO2",
        "fX"      : -5.0,
        "fY"      : 16.0,
        "fRotation" : 180.0,
        "strID"     : "f8e91249-5df9-4505-ada9-26b66cc47ee5",
        "bForceLoad" : false
      },
      {
        "strName" : "ItmConduit01",
        "fX"      : -5.0,
        "fY"      : 15.0,
        "fRotation" : 0.0,
        "strID"     : "376f8d87-33c6-43b0-a0a9-9ff26ceb22c6",
        "bForceLoad" : false
      },
      {
        "strName" : "ItmConduit01",
        "fX"      : -4.0,
        "fY"      : 15.0,
        "fRotation" : 0.0,
        "strID"     : "f2c5a694-559f-42d8-bfa6-071807437948",
        "bForceLoad" : false
      },
      {
        "strName" : "ItmConduit01",
        "fX"      : -4.0,
        "fY"      : 14.0,
        "fRotation" : 0.0,
        "strID"     : "fa083b04-9b8c-4c62-b433-d66948f480c9",
        "bForceLoad" : false
      },
      {
        "strName" : "ItmAlarmTempOnW",
        "fX"      : -9.0,
        "fY"      : 18.0,
        "fRotation" : 90.0,
        "strID"     : "85c456fc-02da-4587-9027-fac7d266f4a8",
        "bForceLoad" : false,
        "aGPMSettings" : [
          {
            "strName" : "Panel A",
            "dictGUIPropMap" : [
              "strGUIPrefab",
              "GUIOnOff",
              "strFriendlyName",
              "Alarm",
              "strGUIPrefabRight",
              null,
              "strGUIPrefabLeft",
              null,
              "strGUIPrefabUp",
              null,
              "strGUIPrefabDown",
              null,
              "strTitle",
              "Alarm Override"
            ]
          }
        ]
      },
      {
        "strName" : "ItmAlarmO2OnG",
        "fX"      : -9.0,
        "fY"      : 17.0,
        "fRotation" : 90.0,
        "strID"     : "1096e82d-01d0-4342-8556-dac4bea358cd",
        "bForceLoad" : false,
        "aGPMSettings" : [
          {
            "strName" : "Panel A",
            "dictGUIPropMap" : [
              "strGUIPrefab",
              "GUIOnOff",
              "strFriendlyName",
              "Alarm",
              "strGUIPrefabRight",
              null,
              "strGUIPrefabLeft",
              null,
              "strGUIPrefabUp",
              null,
              "strGUIPrefabDown",
              null,
              "strTitle",
              "Alarm Override"
            ]
          }
        ]
      },
      {
        "strName" : "ItmConduit01",
        "fX"      : -4.0,
        "fY"      : 7.0,
        "fRotation" : 0.0,
        "strID"     : "5206f4dd-6e7b-4e03-b5f9-1edd58805764",
        "bForceLoad" : false
      },
      {
        "strName" : "ItmWallRYOB01",
        "fX"      : -9.0,
        "fY"      : 7.0,
        "fRotation" : 0.0,
        "strID"     : "4a81d5ae-0ee2-4786-a90c-c3312bc9ce25",
        "bForceLoad" : false
      },
      {
        "strName" : "ItmFloorRYOF01",
        "fX"      : -9.0,
        "fY"      : 5.0,
        "fRotation" : 0.0,
        "strID"     : "c72fab01-21c8-48ce-82f4-48e38e0f271f",
        "bForceLoad" : false
      },
      {
        "strName" : "ItmWallRYOB01",
        "fX"      : -1.0,
        "fY"      : 14.0,
        "fRotation" : 0.0,
        "strID"     : "b3c2ce6c-b8c7-40e4-9d96-64044afec8b5",
        "bForceLoad" : false
      },
      {
        "strName" : "ItmWallRYOB01",
        "fX"      : -1.0,
        "fY"      : 13.0,
        "fRotation" : 0.0,
        "strID"     : "c1b743e9-a465-482f-a427-67e3e02b9a95",
        "bForceLoad" : false
      },
      {
        "strName" : "ItmWallRYOB01",
        "fX"      : -1.0,
        "fY"      : 12.0,
        "fRotation" : 0.0,
        "strID"     : "d3b5da0b-b70e-41ce-8128-402346b39301",
        "bForceLoad" : false
      },
      {
        "strName" : "ItmWallRYOB01",
        "fX"      : -1.0,
        "fY"      : 11.0,
        "fRotation" : 0.0,
        "strID"     : "bb55bc5a-485c-4111-b0ce-797f65fe9358",
        "bForceLoad" : false
      },
      {
        "strName" : "ItmWallRYOB01",
        "fX"      : -11.0,
        "fY"      : 15.0,
        "fRotation" : 0.0,
        "strID"     : "d44a6569-5938-4147-b400-276d4af93545",
        "bForceLoad" : false
      },
      {
        "strName" : "ItmWallRYOB01",
        "fX"      : -11.0,
        "fY"      : 11.0,
        "fRotation" : 0.0,
        "strID"     : "40b4be63-c171-4639-92a9-a5ebdbbc6aa7",
        "bForceLoad" : false
      },
      {
        "strName" : "ItmWallRYOB01",
        "fX"      : -11.0,
        "fY"      : 10.0,
        "fRotation" : 0.0,
        "strID"     : "049b4114-e47e-4259-9abf-3bf4295bee7b",
        "bForceLoad" : false
      },
      {
        "strName" : "ItmWallRYOB01",
        "fX"      : -11.0,
        "fY"      : 9.0,
        "fRotation" : 0.0,
        "strID"     : "4bd2dfc7-518d-4234-a004-35d93519c1d8",
        "bForceLoad" : false
      },
      {
        "strName" : "ItmFloorRYOF01",
        "fX"      : -11.0,
        "fY"      : 9.0,
        "fRotation" : 0.0,
        "strID"     : "f46a4f2d-4b08-474a-92ab-287d2fff032d",
        "bForceLoad" : false
      },
      {
        "strName" : "ItmFloorRYOF01",
        "fX"      : -11.0,
        "fY"      : 10.0,
        "fRotation" : 0.0,
        "strID"     : "c54ab490-b52e-4140-b879-75f7fff483e3",
        "bForceLoad" : false
      },
      {
        "strName" : "ItmFloorRYOF01",
        "fX"      : -11.0,
        "fY"      : 11.0,
        "fRotation" : 0.0,
        "strID"     : "947d292f-0602-417f-9c2e-42b1a0ae90ae",
        "bForceLoad" : false
      },
      {
        "strName" : "ItmFloorRYOF01",
        "fX"      : -11.0,
        "fY"      : 12.0,
        "fRotation" : 0.0,
        "strID"     : "640833ae-c5e2-417a-9e17-87bc8ebd42bd",
        "bForceLoad" : false
      },
      {
        "strName" : "ItmFloorRYOF01",
        "fX"      : -11.0,
        "fY"      : 13.0,
        "fRotation" : 0.0,
        "strID"     : "fb911129-ac7a-46ee-9e37-c34d224fa585",
        "bForceLoad" : false
      },
      {
        "strName" : "ItmFloorRYOF01",
        "fX"      : -11.0,
        "fY"      : 14.0,
        "fRotation" : 0.0,
        "strID"     : "2b596e53-86b5-431a-b580-33d6f16c71be",
        "bForceLoad" : false
      },
      {
        "strName" : "ItmFloorRYOF01",
        "fX"      : -11.0,
        "fY"      : 15.0,
        "fRotation" : 0.0,
        "strID"     : "b0e27f38-0ad2-461f-a828-6397588f3e7f",
        "bForceLoad" : false
      },
      {
        "strName" : "ItmFloorRYOF01",
        "fX"      : -1.0,
        "fY"      : 9.0,
        "fRotation" : 0.0,
        "strID"     : "11dc20fb-f3aa-4270-8031-d3fdde34e585",
        "bForceLoad" : false
      },
      {
        "strName" : "ItmFloorRYOF01",
        "fX"      : -1.0,
        "fY"      : 10.0,
        "fRotation" : 0.0,
        "strID"     : "4bd69aa3-f246-4274-bbc2-227fcd9bf713",
        "bForceLoad" : false
      },
      {
        "strName" : "ItmFloorRYOF01",
        "fX"      : -1.0,
        "fY"      : 11.0,
        "fRotation" : 0.0,
        "strID"     : "86d4cfc0-b28e-4590-8a07-fc9237dfb161",
        "bForceLoad" : false
      },
      {
        "strName" : "ItmFloorRYOF01",
        "fX"      : -1.0,
        "fY"      : 12.0,
        "fRotation" : 0.0,
        "strID"     : "04f47b91-bc99-4ed8-8349-1b590a587e80",
        "bForceLoad" : false
      },
      {
        "strName" : "ItmFloorRYOF01",
        "fX"      : -1.0,
        "fY"      : 13.0,
        "fRotation" : 0.0,
        "strID"     : "96ec4710-3aa3-4384-8008-84898dd7abf1",
        "bForceLoad" : false
      },
      {
        "strName" : "ItmFloorRYOF01",
        "fX"      : -1.0,
        "fY"      : 14.0,
        "fRotation" : 0.0,
        "strID"     : "bf998f81-841e-4fb5-9f05-34b009d60adb",
        "bForceLoad" : false
      },
      {
        "strName" : "ItmFloorRYOF01",
        "fX"      : -1.0,
        "fY"      : 15.0,
        "fRotation" : 0.0,
        "strID"     : "00ffbba1-956a-44f9-adf1-304c78339c46",
        "bForceLoad" : false
      },
      {
        "strName" : "ItmConduit01",
        "fX"      : -10.0,
        "fY"      : 14.0,
        "fRotation" : 0.0,
        "strID"     : "7125657e-ae4d-4f1e-a41a-a45021b919a5",
        "bForceLoad" : false
      },
      {
        "strName" : "ItmRTAO2",
        "fX"      : -9.0,
        "fY"      : 11.0,
        "fRotation" : 270.0,
        "strID"     : "e741ea3a-9caf-45c8-8d59-85816d223713",
        "bForceLoad" : false
      },
      {
        "strName" : "ItmConduit01",
        "fX"      : -11.0,
        "fY"      : 9.0,
        "fRotation" : 0.0,
        "strID"     : "a96dadd3-f97f-4107-a01b-d87e96e0cd44",
        "bForceLoad" : false
      },
      {
        "strName" : "ItmConduit01",
        "fX"      : -11.0,
        "fY"      : 10.0,
        "fRotation" : 0.0,
        "strID"     : "41259a9c-6784-47a6-af4c-320a8889192a",
        "bForceLoad" : false
      },
      {
        "strName" : "SysLootSpawner",
        "fX"      : -8.0,
        "fY"      : 18.0,
        "fRotation" : 0.0,
        "strID"     : "a38a79ab-0fa2-4e37-8d57-fb1108342f73",
        "bForceLoad" : false,
        "aGPMSettings" : [
          {
            "strName" : "Panel A",
            "dictGUIPropMap" : [
              "strGUIPrefab",
              "GUILootSpawn",
              "strFriendlyName",
              "Loot Spawner",
              "strGUIPrefabRight",
              null,
              "strGUIPrefabLeft",
              null,
              "strGUIPrefabUp",
              null,
              "strGUIPrefabDown",
              null,
              "strType",
              "Loot",
              "strLoot",
              "ItmDerelictSpareFloorRYOF",
              "strRange",
              "1",
              "strCount",
              "1",
              "strDamaged",
              "True",
              "strDerelict",
              "True"
            ]
          }
        ]
      },
      {
        "strName" : "ItmFloorRYOF04",
        "fX"      : -5.0,
        "fY"      : 4.0,
        "fRotation" : 270.0,
        "strID"     : "01ff7fcf-b1e2-4580-976d-fa00e8fdeb96",
        "bForceLoad" : false
      },
      {
        "strName" : "ItmFloorRYOF04",
        "fX"      : -6.0,
        "fY"      : 4.0,
        "fRotation" : 270.0,
        "strID"     : "19de563b-2a09-4914-9b77-9e1ced63463e",
        "bForceLoad" : false
      },
      {
        "strName" : "ItmFloorRYOF04",
        "fX"      : -7.0,
        "fY"      : 4.0,
        "fRotation" : 270.0,
        "strID"     : "9ea46e9e-3340-43e9-bc24-d5a00c477bd1",
        "bForceLoad" : false
      },
      {
        "strName" : "ItmFloorRYOF04",
        "fX"      : -7.0,
        "fY"      : 6.0,
        "fRotation" : 90.0,
        "strID"     : "013666ee-a1fb-4f1b-bbfa-ab10b29555a1",
        "bForceLoad" : false
      },
      {
        "strName" : "ItmFloorRYOF04",
        "fX"      : -6.0,
        "fY"      : 6.0,
        "fRotation" : 90.0,
        "strID"     : "0f9fd9ee-33d1-42e7-8805-9e688943fe47",
        "bForceLoad" : false
      },
      {
        "strName" : "ItmFloorRYOF04",
        "fX"      : -5.0,
        "fY"      : 6.0,
        "fRotation" : 90.0,
        "strID"     : "604dd24f-3731-417c-9203-188aafe76b7e",
        "bForceLoad" : false
      },
      {
        "strName" : "ItmWallRYOB01",
        "fX"      : -8.0,
        "fY"      : 5.0,
        "fRotation" : 0.0,
        "strID"     : "3ba14469-377d-480c-b5ea-d46b7be57639",
        "bForceLoad" : false
      },
      {
        "strName" : "ItmWallRYOB01",
        "fX"      : -9.0,
        "fY"      : 5.0,
        "fRotation" : 0.0,
        "strID"     : "2afaf5fc-1a1a-423c-b86f-8c6d1d32b379",
        "bForceLoad" : false
      },
      {
        "strName" : "ItmWallRYOB01",
        "fX"      : -3.0,
        "fY"      : 5.0,
        "fRotation" : 0.0,
        "strID"     : "0f82cf3f-f638-47da-a0d4-4cc205771d0f",
        "bForceLoad" : false
      },
      {
        "strName" : "ItmLitWall1x0",
        "fX"      : -9.0,
        "fY"      : 4.0,
        "fRotation" : 270.0,
        "strID"     : "5ed51c83-a478-4094-ab2c-b3c6125d55d4",
        "bForceLoad" : false
      },
      {
        "strName" : "ItmLitWall1x0",
        "fX"      : -3.0,
        "fY"      : 4.0,
        "fRotation" : 90.0,
        "strID"     : "0b0cc251-b17a-4295-9cb6-02fb47d4d2d4",
        "bForceLoad" : false
      },
      {
        "strName" : "ItmFloorRYOF01",
        "fX"      : -3.0,
        "fY"      : 6.0,
        "fRotation" : 0.0,
        "strID"     : "719d236b-8595-4e7b-9650-00665be61f41",
        "bForceLoad" : false
      },
      {
        "strName" : "ItmFloorRYOF01",
        "fX"      : -4.0,
        "fY"      : 6.0,
        "fRotation" : 0.0,
        "strID"     : "88add8ba-2121-4dc6-b256-1ffddb0af1b3",
        "bForceLoad" : false
      },
      {
        "strName" : "ItmWallRYOB01",
        "fX"      : -11.0,
        "fY"      : 8.0,
        "fRotation" : 0.0,
        "strID"     : "cb01e239-1cb9-470a-b165-d00cf4e2ca70",
        "bForceLoad" : false
      },
      {
        "strName" : "ItmFloorRYOF01",
        "fX"      : -1.0,
        "fY"      : 8.0,
        "fRotation" : 0.0,
        "strID"     : "25d766a9-8326-414f-ab90-85f7dc60d0a7",
        "bForceLoad" : false
      },
      {
        "strName" : "ItmFloorRYOF01",
        "fX"      : -1.0,
        "fY"      : 7.0,
        "fRotation" : 0.0,
        "strID"     : "0e1036d4-9f62-4da1-a626-8f07736a6865",
        "bForceLoad" : false
      },
      {
        "strName" : "ItmWallRYOB01",
        "fX"      : -2.0,
        "fY"      : 7.0,
        "fRotation" : 0.0,
        "strID"     : "ee24c29c-21d0-40a3-a9f0-59130aeb629b",
        "bForceLoad" : false
      },
      {
        "strName" : "ItmWallRYOB01",
        "fX"      : -1.0,
        "fY"      : 7.0,
        "fRotation" : 0.0,
        "strID"     : "2b01e1fb-b293-4689-bab8-0208bf07e2e6",
        "bForceLoad" : false
      },
      {
        "strName" : "ItmWallRYOB01",
        "fX"      : -1.0,
        "fY"      : 8.0,
        "fRotation" : 0.0,
        "strID"     : "df50d92e-6696-4408-ad81-2b55b38d402f",
        "bForceLoad" : false
      },
      {
        "strName" : "ItmConduit01",
        "fX"      : -8.0,
        "fY"      : 5.0,
        "fRotation" : 0.0,
        "strID"     : "114b6876-076d-4890-a3d4-b44c4bd04579",
        "bForceLoad" : false
      },
      {
        "strName" : "ItmConduit01",
        "fX"      : -9.0,
        "fY"      : 5.0,
        "fRotation" : 0.0,
        "strID"     : "b68a56a1-f5f5-4f2c-998a-83b6cb3e9f22",
        "bForceLoad" : false
      },
      {
        "strName" : "ItmConduit01",
        "fX"      : -9.0,
        "fY"      : 6.0,
        "fRotation" : 0.0,
        "strID"     : "7665d1c2-c87e-419b-a1d4-92b22f19ffa1",
        "bForceLoad" : false
      },
      {
        "strName" : "ItmConduit01",
        "fX"      : -9.0,
        "fY"      : 7.0,
        "fRotation" : 0.0,
        "strID"     : "5543dafd-b91c-4922-90a9-2bf533354330",
        "bForceLoad" : false
      },
      {
        "strName" : "ItmConduit01",
        "fX"      : -8.0,
        "fY"      : 7.0,
        "fRotation" : 0.0,
        "strID"     : "ec06d078-d5dd-40eb-99ac-0f8fa8d64bfb",
        "bForceLoad" : false
      },
      {
        "strName" : "ItmConduit01",
        "fX"      : -10.0,
        "fY"      : 7.0,
        "fRotation" : 0.0,
        "strID"     : "e2e93c5b-a3d5-46db-98ae-8f001fa94d7e",
        "bForceLoad" : false
      },
      {
        "strName" : "ItmConduit01",
        "fX"      : -11.0,
        "fY"      : 7.0,
        "fRotation" : 0.0,
        "strID"     : "2178c7fc-99ae-4d4c-b843-1a5fc588ca9f",
        "bForceLoad" : false
      },
      {
        "strName" : "ItmConduit01",
        "fX"      : -11.0,
        "fY"      : 8.0,
        "fRotation" : 0.0,
        "strID"     : "28670518-49f3-408f-a5fd-b49dd6408cf2",
        "bForceLoad" : false
      },
      {
        "strName" : "ItmRCSCluster01",
        "fX"      : -11.0,
        "fY"      : 8.0,
        "fRotation" : 90.0,
        "strID"     : "d9c958cd-587d-4bbe-b89c-09fc64b141e2",
        "bForceLoad" : false
      },
      {
        "strName" : "ItmRCSCluster01",
        "fX"      : -0.9999998,
        "fY"      : 8.0,
        "fRotation" : 270.0,
        "strID"     : "46eba69f-84a7-4dc7-9ebf-94aea1e69a1f",
        "bForceLoad" : false
      },
      {
        "strName" : "ItmConduit01",
        "fX"      : -1.0,
        "fY"      : 8.0,
        "fRotation" : 0.0,
        "strID"     : "11e7aaaa-8d66-43f2-9d69-bc67c8749b63",
        "bForceLoad" : false
      },
      {
        "strName" : "ItmLitWall1x0",
        "fX"      : -2.0,
        "fY"      : 12.0,
        "fRotation" : 270.0,
        "strID"     : "23e769af-459c-424b-b1f7-55b138ffe3da",
        "bForceLoad" : false
      },
      {
        "strName" : "ItmLitWall1x0",
        "fX"      : -2.0,
        "fY"      : 10.0,
        "fRotation" : 270.0,
        "strID"     : "81db5fd5-a85c-47da-8870-f945d2a50418",
        "bForceLoad" : false
      },
      {
        "strName" : "ItmLitWall1x0",
        "fX"      : -10.0,
        "fY"      : 10.0,
        "fRotation" : 90.0,
        "strID"     : "4661143d-01ec-44fb-ba25-5959af9a17d5",
        "bForceLoad" : false
      },
      {
        "strName" : "ItmLitWall1x0",
        "fX"      : -10.0,
        "fY"      : 12.0,
        "fRotation" : 90.0,
        "strID"     : "5f3529fe-bdba-4df6-b9d3-5271ee40ab93",
        "bForceLoad" : false
      },
      {
        "strName" : "SysLootSpawner",
        "fX"      : -9.0,
        "fY"      : 12.0,
        "fRotation" : 0.0,
        "strID"     : "db9764a9-26a6-41a7-af3a-0ee8ad8c7ffc",
        "bForceLoad" : false,
        "aGPMSettings" : [
          {
            "strName" : "Panel A",
            "dictGUIPropMap" : [
              "strGUIPrefab",
              "GUILootSpawn",
              "strFriendlyName",
              "Loot Spawner",
              "strGUIPrefabRight",
              null,
              "strGUIPrefabLeft",
              null,
              "strGUIPrefabUp",
              null,
              "strGUIPrefabDown",
              null,
              "strType",
              "Loot",
              "strLoot",
              "ItmDerelictSpareWallRYOB01",
              "strRange",
              "1",
              "strCount",
              "1",
              "strDamaged",
              "True",
              "strDerelict",
              "True"
            ]
          }
        ]
      },
      {
        "strName" : "ItmAirPump01OffLoose",
        "fX"      : -8.0,
        "fY"      : 17.0,
        "fRotation" : 270.0,
        "strID"     : "df27f617-4e54-41a3-b6f0-b949a8a83f16",
        "bForceLoad" : false,
        "aGPMSettings" : [
          {
            "strName" : "Panel A",
            "dictGUIPropMap" : [
              "strGUIPrefab",
              "GUIAirPump",
              "strFriendlyName",
              "Air Pump",
              "strGUIPrefabRight",
              null,
              "strGUIPrefabLeft",
              null,
              "strGUIPrefabUp",
              null,
              "strGUIPrefabDown",
              null,
              "strTitle",
              "Unscrew for Pressure Sensor Input Signal",
              "strValidCOTrigger01",
              "TIsAlarm2",
              "strCondMonitor01",
              "IsReadyPumpAir",
              "strInput01",
              ""
            ]
          }
        ]
      },
      {
        "strName" : "Compartment",
        "fX"      : -12.0,
        "fY"      : 22.0,
        "fRotation" : 0.0,
        "strID"     : "38889ca5-84bb-4112-be70-5e4024b196f9",
        "bForceLoad" : false
      },
      {
        "strName" : "Compartment",
        "fX"      : -5.0,
        "fY"      : 20.0,
        "fRotation" : 0.0,
        "strID"     : "ccc46d4c-f52b-43c0-b36d-49a26d159296",
        "bForceLoad" : false
      },
      {
        "strName" : "Compartment",
        "fX"      : -8.0,
        "fY"      : 6.0,
        "fRotation" : 0.0,
        "strID"     : "13189a75-99eb-4aae-81b3-74e93303aa1b",
        "bForceLoad" : false
      }
    ],
    "aShallowPSpecs"   : [
      {
        "strName" : "SysLootSpawner",
        "fX"      : -6.0,
        "fY"      : 16.0,
        "fRotation" : 0.0,
        "strID"     : "7127f3a2-1c7f-4af2-8592-504868591ad2",
        "bForceLoad" : false,
        "aGPMSettings" : [
          {
            "strName" : "Panel A",
            "dictGUIPropMap" : [
              "strGUIPrefab",
              "GUILootSpawn",
              "strFriendlyName",
              "Loot Spawner",
              "strGUIPrefabRight",
              null,
              "strGUIPrefabLeft",
              null,
              "strGUIPrefabUp",
              null,
              "strGUIPrefabDown",
              null,
              "strType",
              "Pspec",
              "strLoot",
              "NotBoarding",
              "strRange",
              "2",
              "strCount",
              "0",
              "strNew",
              "True",
              "strDamaged",
              "True",
              "strDerelict",
              "True"
            ]
          }
        ]
      },
      {
        "strName" : "SysLootSpawner",
        "fX"      : -6.0,
        "fY"      : 5.0,
        "fRotation" : 0.0,
        "strID"     : "a29e2fa4-2c54-4b4a-bc70-67cf4e673ac8",
        "bForceLoad" : false,
        "aGPMSettings" : [
          {
            "strName" : "Panel A",
            "dictGUIPropMap" : [
              "strGUIPrefab",
              "GUILootSpawn",
              "strFriendlyName",
              "Loot Spawner",
              "strGUIPrefabRight",
              null,
              "strGUIPrefabLeft",
              null,
              "strGUIPrefabUp",
              null,
              "strGUIPrefabDown",
              null,
              "strType",
              "Pspec",
              "strLoot",
              "Boarding",
              "strRange",
              "1",
              "strCount",
              "0",
              "strDamaged",
              "True",
              "strDerelict",
              "True",
              "strNew",
              "True"
            ]
          }
        ]
      }
    ],
    "vShipPos"         : {
      "x" : -6.0,
      "y" : 16.0
    },
    "objSS"            : {
      "boPORShip" : "1036 Ganymed",
      "vPosx"     : 0.947515796236886,
      "vPosy"     : -1.56720933625325,
      "vBOOffsetx" : 1.00882637745769E-05,
      "vBOOffsety" : -3.06927236115584E-06,
      "vVelX"      : 1.68144571821571E-07,
      "vVelY"      : 1.20195429165193E-08,
      "vAccIn"     : {
        "x" : 0.0,
        "y" : 0.0
      },
      "vAccRCS"    : {
        "x" : 0.0,
        "y" : 0.0
      },
      "vAccEx"     : {
        "x" : 0.0,
        "y" : 0.0
      },
      "fRot"       : 2.433721,
      "fW"         : 0.0,
      "fA"         : 0.0,
      "bBOLocked"  : true,
      "bIsBO"      : false,
      "bIsRegion"  : false,
      "bIsNoFees"  : false
    },
    "aRooms"           : [
      {
        "strID" : "38889ca5-84bb-4112-be70-5e4024b196f9",
        "bVoid" : true,
        "aTiles" : [
          0,
          1,
          13,
          2,
          14,
          26,
          3,
          15,
          27,
          39,
          4,
          16,
          40,
          52,
          5,
          17,
          53,
          65,
          6,
          18,
          66,
          78,
          7,
          79,
          91,
          8,
          104,
          9,
          117,
          10,
          130,
          11,
          143,
          12,
          24,
          156,
          25,
          37,
          169,
          38,
          50,
          182,
          51,
          63,
          195,
          64,
          76,
          208,
          77,
          89,
          209,
          221,
          90,
          210,
          222,
          234,
          103,
          223,
          235,
          247,
          116,
          236,
          248,
          129,
          237,
          249,
          142,
          250,
          155,
          168,
          181,
          194,
          207,
          220,
          219,
          233,
          218,
          232,
          246,
          231,
          245,
          259,
          244,
          258,
          243,
          257,
          256
        ]
      },
      {
        "strID" : "ccc46d4c-f52b-43c0-b36d-49a26d159296",
        "bVoid" : false,
        "aTiles" : [
          33,
          34,
          46,
          35,
          47,
          45,
          59,
          48,
          60,
          44,
          58,
          72,
          61,
          73,
          43,
          57,
          71,
          85,
          74,
          86,
          42,
          56,
          70,
          84,
          87,
          99,
          55,
          69,
          83,
          97,
          100,
          112,
          68,
          82,
          96,
          110,
          113,
          111,
          125,
          81,
          95,
          109,
          123,
          114,
          126,
          124,
          138,
          94,
          108,
          122,
          136,
          127,
          139,
          137,
          151,
          107,
          121,
          135,
          149,
          140,
          152,
          150,
          164,
          106,
          120,
          134,
          148,
          162,
          153,
          165,
          163,
          177,
          119,
          133,
          147,
          161,
          175,
          166,
          178,
          176,
          190,
          132,
          146,
          160,
          174,
          188,
          179,
          191,
          189,
          145,
          159,
          173,
          187,
          201,
          192,
          158,
          172,
          186,
          171,
          185,
          184
        ]
      },
      {
        "strID" : "13189a75-99eb-4aae-81b3-74e93303aa1b",
        "bVoid" : false,
        "aTiles" : [
          212,
          213,
          214,
          226,
          215,
          227,
          239,
          216,
          228,
          240,
          241,
          253
        ]
      }
    ],
    "DMGStatus"        : 2,
    "fLastVisit"       : 0.0,
    "fAIDockingTimer"  : 0.0,
    "fAIPauseTimer"    : 0.0,
    "bPrefill"         : true,
    "bNoCollisions"    : false,
    "dLastScanTime"    : 0.0,
    "bLocalAuthority"  : false,
    "bAIShip"          : false,
    "make"             : "Ryokka",
    "model"            : "T TU-8a",
    "year"             : "2060",
    "origin"           : "Jade Rabbit",
    "designation"      : "Gas Tug",
    "publicName"       : "Just As Planned",
    "dimensions"       : "0.32m x 3.84m",
    "fShallowMass"     : 6042.0,
    "fShallowRCSRemass" : 855.8399048,
    "fShallowRCSRemassMax" : 749.364694715254,
    "fShallowFusionRemain" : 0.0,
    "fBreakInMultiplier"   : 0.01672062,
    "nRCSCount"            : 4,
    "nRCSDistroCount"      : 2,
    "nDockCount"           : 1,
    "bFusionTorch"         : false
  }
]