
[
  {
    "strName" : "Whistler Hot-Rod",
    "strRegID" : "H-N3JJ",
    "nCurrentWaypoint" : -1,
    "fTimeEngaged"     : 5655.655,
    "aCOs"             : [
      {
        "strID" : "2cb425a3-0840-47b8-a734-af0bb8754934",
        "strCODef" : "SysLootSpawner",
        "bAlive"   : true,
        "aConds"   : [
          "IsNonHighlightable=1.0x1",
          "IsHiddenInv=1.0x1",
          "IsLootSpawner=1.0x1",
          "IsSystem=1.0x1"
        ],
        "strCondID" : "SysLootSpawner2cb425a3-0840-47b8-a734-af0bb8754934",
        "inventoryX" : 0,
        "inventoryY" : 0,
        "fDGasTemp"  : 0.0,
        "fLastICOUpdate" : 65627498854.0278,
        "nDestTile"      : 0,
        "strIdleAnim"    : "Idle",
        "aMyShips"       : [
          "H-N3JJ"
        ],
        "strIMGPreview"  : "IcoLoot",
        "strFriendlyName" : "SysLootSpawner",
        "strRegIDLast"    : "H-N3JJ"
      },
      {
        "strID" : "85135f52-3d28-4791-9051-4ed932e87952",
        "strCODef" : "SysLootSpawner",
        "bAlive"   : true,
        "aConds"   : [
          "IsNonHighlightable=1.0x1",
          "IsHiddenInv=1.0x1",
          "IsLootSpawner=1.0x1",
          "IsSystem=1.0x1"
        ],
        "strCondID" : "SysLootSpawner85135f52-3d28-4791-9051-4ed932e87952",
        "inventoryX" : 0,
        "inventoryY" : 0,
        "fDGasTemp"  : 0.0,
        "fLastICOUpdate" : 65627498854.0278,
        "nDestTile"      : 0,
        "strIdleAnim"    : "Idle",
        "aMyShips"       : [
          "H-N3JJ"
        ],
        "strIMGPreview"  : "IcoLoot",
        "strFriendlyName" : "SysLootSpawner",
        "strRegIDLast"    : "H-N3JJ"
      },
      {
        "strID" : "0845954d-eced-4390-9967-a786c112e943",
        "strCODef" : "SysLootSpawner",
        "bAlive"   : true,
        "aConds"   : [
          "IsNonHighlightable=1.0x1",
          "IsHiddenInv=1.0x1",
          "IsLootSpawner=1.0x1",
          "IsSystem=1.0x1"
        ],
        "strCondID" : "SysLootSpawner0845954d-eced-4390-9967-a786c112e943",
        "inventoryX" : 0,
        "inventoryY" : 0,
        "fDGasTemp"  : 0.0,
        "fLastICOUpdate" : 65627498854.0278,
        "nDestTile"      : 0,
        "strIdleAnim"    : "Idle",
        "aMyShips"       : [
          "H-N3JJ"
        ],
        "strIMGPreview"  : "IcoLoot",
        "strFriendlyName" : "SysLootSpawner",
        "strRegIDLast"    : "H-N3JJ"
      }
    ],
    "aItems"           : [
      {
        "strName" : "ItmWallMSSLFWhite",
        "fX"      : -8.0,
        "fY"      : 7.0,
        "fRotation" : 0.0,
        "strID"     : "20ddc737-821f-496e-8d63-46e7b3f81aa5",
        "bForceLoad" : false
      },
      {
        "strName" : "ItmWallMSSLFWhite",
        "fX"      : -2.0,
        "fY"      : 2.0,
        "fRotation" : 0.0,
        "strID"     : "ccf770d8-58f3-47d7-b963-385154f7a5bf",
        "bForceLoad" : false
      },
      {
        "strName" : "ItmWallMSSLFWhite",
        "fX"      : -3.0,
        "fY"      : 7.0,
        "fRotation" : 0.0,
        "strID"     : "1ef14b1c-15a3-4711-8c7d-660261f54aa9",
        "bForceLoad" : false
      },
      {
        "strName" : "ItmWallMSSLFWhite",
        "fX"      : -2.0,
        "fY"      : 1.0,
        "fRotation" : 0.0,
        "strID"     : "ef10d3de-7247-4030-bc10-39ef0103c03f",
        "bForceLoad" : false
      },
      {
        "strName" : "ItmBattery02",
        "fX"      : -3.5,
        "fY"      : 5.5,
        "fRotation" : 270.0,
        "strID"     : "0a55a8cb-e910-44f9-9188-ce61fe56cdff",
        "bForceLoad" : false,
        "aGPMSettings" : [
          {
            "strName" : "Panel A",
            "dictGUIPropMap" : [
              "strGUIPrefab",
              "GUIMeter",
              "strFriendlyName",
              "Battery",
              "strGUIPrefabRight",
              null,
              "strGUIPrefabLeft",
              null,
              "strGUIPrefabUp",
              null,
              "strGUIPrefabDown",
              null,
              "strTitle",
              "Battery Charge",
              "strCond",
              "StatPower",
              "strInput01",
              "",
              "fMin",
              "0.0",
              "fMax",
              "80.96"
            ]
          }
        ]
      },
      {
        "strName" : "ItmWallMSSLFWhite",
        "fX"      : -8.0,
        "fY"      : 0.0,
        "fRotation" : 0.0,
        "strID"     : "089f3f9e-133d-408f-844e-ede6ddca11f2",
        "bForceLoad" : false
      },
      {
        "strName" : "ItmBattery02",
        "fX"      : -6.5,
        "fY"      : 5.5,
        "fRotation" : 90.0,
        "strID"     : "ffb3efe2-9fcb-4b15-8234-39870ae53011",
        "bForceLoad" : false,
        "aGPMSettings" : [
          {
            "strName" : "Panel A",
            "dictGUIPropMap" : [
              "strGUIPrefab",
              "GUIMeter",
              "strFriendlyName",
              "Battery",
              "strGUIPrefabRight",
              null,
              "strGUIPrefabLeft",
              null,
              "strGUIPrefabUp",
              null,
              "strGUIPrefabDown",
              null,
              "strTitle",
              "Battery Charge",
              "strCond",
              "StatPower",
              "strInput01",
              "",
              "fMin",
              "0.0",
              "fMax",
              "80.96"
            ]
          }
        ]
      },
      {
        "strName" : "ItmStationNav",
        "fX"      : -5.0,
        "fY"      : 2.0,
        "fRotation" : 180.0,
        "strID"     : "3ea26bb1-73c6-4acc-8a4b-65b90e80f85c",
        "bForceLoad" : false,
        "aGPMSettings" : [
          {
            "strName" : "Panel A",
            "dictGUIPropMap" : [
              "strGUIPrefab",
              "GUIOrbitDraw/GUIOrbitDraw",
              "strFriendlyName",
              "Nav Controls",
              "strGUIPrefabRight",
              "Panel Right",
              "strGUIPrefabLeft",
              null,
              "strGUIPrefabUp",
              null,
              "strGUIPrefabDown",
              null
            ]
          },
          {
            "strName" : "Panel Right",
            "dictGUIPropMap" : [
              "strGUIPrefab",
              "GUIDockSys",
              "strFriendlyName",
              "Docking Controls",
              "strGUIPrefabRight",
              null,
              "strGUIPrefabLeft",
              "Panel A",
              "strGUIPrefabUp",
              null,
              "strGUIPrefabDown",
              null
            ]
          },
          {
            "strName" : "Panel Computer",
            "dictGUIPropMap" : [
              "strGUIPrefab",
              "GUIComputer/GUIComputer2",
              "strFriendlyName",
              "PDA",
              "strGUIPrefabRight",
              null,
              "strGUIPrefabLeft",
              null,
              "strGUIPrefabUp",
              null,
              "strGUIPrefabDown",
              null
            ]
          }
        ]
      },
      {
        "strName" : "ItmWallMSSLFWhite",
        "fX"      : -2.0,
        "fY"      : 0.0,
        "fRotation" : 0.0,
        "strID"     : "f97246b2-f1fd-43be-ab4d-1c78c3cbf742",
        "bForceLoad" : false
      },
      {
        "strName" : "ItmWallMSSLFWhite",
        "fX"      : -8.0,
        "fY"      : 5.0,
        "fRotation" : 0.0,
        "strID"     : "03434568-1464-46f7-bfd5-d8bad12a9313",
        "bForceLoad" : false
      },
      {
        "strName" : "ItmWallMSSLFWhite",
        "fX"      : -8.0,
        "fY"      : 4.0,
        "fRotation" : 0.0,
        "strID"     : "4ad28518-c323-4469-98bb-f29e043305d8",
        "bForceLoad" : false
      },
      {
        "strName" : "ItmWallMSSLFWhite",
        "fX"      : -8.0,
        "fY"      : 3.0,
        "fRotation" : 0.0,
        "strID"     : "caee3115-9a71-4de6-a558-78abcb5f5f1d",
        "bForceLoad" : false
      },
      {
        "strName" : "ItmWallMSSLFWhite",
        "fX"      : -8.0,
        "fY"      : 2.0,
        "fRotation" : 0.0,
        "strID"     : "f8b5851f-3a24-4445-8e80-49fcc2a8bef3",
        "bForceLoad" : false
      },
      {
        "strName" : "ItmWallMSSLFWhite",
        "fX"      : -8.0,
        "fY"      : 1.0,
        "fRotation" : 0.0,
        "strID"     : "3b831e07-35de-48e0-a114-44e36a83c7c7",
        "bForceLoad" : false
      },
      {
        "strName" : "ItmWallMSSLFWhite",
        "fX"      : -7.0,
        "fY"      : 8.0,
        "fRotation" : 0.0,
        "strID"     : "89e43640-d921-4617-b02b-7751828b850f",
        "bForceLoad" : false
      },
      {
        "strName" : "ItmFloorMSSLFWhite02",
        "fX"      : -4.0,
        "fY"      : 9.0,
        "fRotation" : 0.0,
        "strID"     : "d26afb0f-8d0b-4a54-b395-9ef33ab51fe5",
        "bForceLoad" : false
      },
      {
        "strName" : "ItmFloorMSSLFWhite02",
        "fX"      : -4.0,
        "fY"      : 10.0,
        "fRotation" : 0.0,
        "strID"     : "f863cc5f-a088-43dc-801f-1dddd1d40fb1",
        "bForceLoad" : false
      },
      {
        "strName" : "ItmFloorMSSOW04",
        "fX"      : -5.0,
        "fY"      : 7.0,
        "fRotation" : 180.0,
        "strID"     : "0530c3f1-dc44-4919-b775-23deae54371c",
        "bForceLoad" : false
      },
      {
        "strName" : "ItmFloorMSSOW01",
        "fX"      : -4.0,
        "fY"      : 2.0,
        "fRotation" : 0.0,
        "strID"     : "abe6e0e3-b5d9-4992-be38-986c662e1e30",
        "bForceLoad" : false
      },
      {
        "strName" : "ItmWallMSSLFWhite",
        "fX"      : -3.0,
        "fY"      : -1.0,
        "fRotation" : 0.0,
        "strID"     : "23e79a11-03ec-4900-a95b-1c2248c3eebf",
        "bForceLoad" : false
      },
      {
        "strName" : "ItmWallMSSLFWhite",
        "fX"      : -7.0,
        "fY"      : 14.0,
        "fRotation" : 0.0,
        "strID"     : "43b2e443-b9e1-4d80-83f4-8f4c517f819a",
        "bForceLoad" : false
      },
      {
        "strName" : "ItmWallMSSLFWhite",
        "fX"      : -10.0,
        "fY"      : 4.0,
        "fRotation" : 0.0,
        "strID"     : "b3e2094f-3490-4da4-aa13-02851e3dbb6c",
        "bForceLoad" : false
      },
      {
        "strName" : "ItmWallMSSLFWhite",
        "fX"      : -7.0,
        "fY"      : 13.0,
        "fRotation" : 0.0,
        "strID"     : "50ea4a34-d3b3-490c-969e-70b7ca95510b",
        "bForceLoad" : false
      },
      {
        "strName" : "ItmWallMSSLFWhite",
        "fX"      : -7.0,
        "fY"      : 12.0,
        "fRotation" : 0.0,
        "strID"     : "1f1f5dcb-1039-418c-860c-55403ea511f7",
        "bForceLoad" : false
      },
      {
        "strName" : "ItmWallMSSLFWhite",
        "fX"      : -7.0,
        "fY"      : 11.0,
        "fRotation" : 0.0,
        "strID"     : "70d3c9da-d431-4775-9ebd-1f5db2d05fb7",
        "bForceLoad" : false
      },
      {
        "strName" : "ItmWallMSSLFWhite",
        "fX"      : -7.0,
        "fY"      : 10.0,
        "fRotation" : 0.0,
        "strID"     : "04115f3e-e9e5-4256-b1ec-eafd167f3204",
        "bForceLoad" : false
      },
      {
        "strName" : "ItmWallMSSLFWhite",
        "fX"      : -7.0,
        "fY"      : 9.0,
        "fRotation" : 0.0,
        "strID"     : "913b326a-a6d1-4cad-82bb-0e696584c6c5",
        "bForceLoad" : false
      },
      {
        "strName" : "ItmWallMSSLFWhite",
        "fX"      : 0.0,
        "fY"      : 4.0,
        "fRotation" : 0.0,
        "strID"     : "b515b020-5b5e-43ce-960d-f6999b4d502d",
        "bForceLoad" : false
      },
      {
        "strName" : "ItmFloorMSSOW01",
        "fX"      : -5.0,
        "fY"      : 2.0,
        "fRotation" : 0.0,
        "strID"     : "aa303c89-9b70-42d1-b444-d1c2afafd23d",
        "bForceLoad" : false
      },
      {
        "strName" : "ItmFloorMSSOW01",
        "fX"      : -6.0,
        "fY"      : 2.0,
        "fRotation" : 0.0,
        "strID"     : "379bad86-1fef-4093-8143-267d70980f59",
        "bForceLoad" : false
      },
      {
        "strName" : "ItmFloorMSSLFWhite02",
        "fX"      : -5.0,
        "fY"      : 4.0,
        "fRotation" : 0.0,
        "strID"     : "ab6bac2f-bd6a-4cd4-8338-b386273b45e4",
        "bForceLoad" : false
      },
      {
        "strName" : "ItmWallMSSLFWhite",
        "fX"      : -7.0,
        "fY"      : 17.0,
        "fRotation" : 0.0,
        "strID"     : "b00be5c6-ba4a-40c1-8bac-9e5e5bc97ad2",
        "bForceLoad" : false
      },
      {
        "strName" : "ItmWallMSSLFWhite",
        "fX"      : -7.0,
        "fY"      : 16.0,
        "fRotation" : 0.0,
        "strID"     : "43a53bce-d276-4aef-bfbf-0ca57b03345c",
        "bForceLoad" : false
      },
      {
        "strName" : "ItmWallMSSLFWhite",
        "fX"      : -7.0,
        "fY"      : 15.0,
        "fRotation" : 0.0,
        "strID"     : "0abb6907-178b-45b5-8101-60bdda2fdcd7",
        "bForceLoad" : false
      },
      {
        "strName" : "ItmWallMSSLFWhite",
        "fX"      : -7.0,
        "fY"      : 7.0,
        "fRotation" : 0.0,
        "strID"     : "70f75727-249d-4be9-967c-69203140561a",
        "bForceLoad" : false
      },
      {
        "strName" : "ItmWallMSSLFWhite",
        "fX"      : -2.0,
        "fY"      : 7.0,
        "fRotation" : 0.0,
        "strID"     : "397175b1-c3c9-4993-bb2e-fabe34b3c61e",
        "bForceLoad" : false
      },
      {
        "strName" : "ItmWallMSSLFWhite",
        "fX"      : -8.0,
        "fY"      : 6.0,
        "fRotation" : 0.0,
        "strID"     : "da9a0a10-2342-42f7-8dd7-23262e7a6ca6",
        "bForceLoad" : false
      },
      {
        "strName" : "ItmFloorMSSLFWhite02",
        "fX"      : -5.0,
        "fY"      : 5.0,
        "fRotation" : 0.0,
        "strID"     : "f71f7e6c-e851-4ed6-8151-a8ad8683091c",
        "bForceLoad" : false
      },
      {
        "strName" : "ItmFloorMSSOW04",
        "fX"      : -4.0,
        "fY"      : 3.0,
        "fRotation" : 0.0,
        "strID"     : "a94b43b0-a293-4cdc-bcff-283daeef9e24",
        "bForceLoad" : false
      },
      {
        "strName" : "ItmFloorMSSOW04",
        "fX"      : -4.0,
        "fY"      : 0.0,
        "fRotation" : 0.0,
        "strID"     : "41574dd3-64f4-4e91-bd4e-3751b55adb29",
        "bForceLoad" : false
      },
      {
        "strName" : "ItmFloorMSSOW05",
        "fX"      : -7.0,
        "fY"      : 4.0,
        "fRotation" : 180.0,
        "strID"     : "23d5ef72-0e04-44f3-821e-faec828acbd1",
        "bForceLoad" : false
      },
      {
        "strName" : "ItmFloorMSSOW05",
        "fX"      : -6.0,
        "fY"      : 4.0,
        "fRotation" : 270.0,
        "strID"     : "5e0e4768-15db-4261-a4db-5a7debc7f540",
        "bForceLoad" : false
      },
      {
        "strName" : "ItmWallMSSLFWhite",
        "fX"      : -2.0,
        "fY"      : 3.0,
        "fRotation" : 0.0,
        "strID"     : "34f568ac-602d-4766-96c7-be93c0224784",
        "bForceLoad" : false
      },
      {
        "strName" : "ItmWallMSSLFWhite",
        "fX"      : -2.0,
        "fY"      : 4.0,
        "fRotation" : 0.0,
        "strID"     : "edfaf623-8099-4d11-9037-a7c1b2ae31a0",
        "bForceLoad" : false
      },
      {
        "strName" : "ItmWallMSSLFWhite",
        "fX"      : -2.0,
        "fY"      : 5.0,
        "fRotation" : 0.0,
        "strID"     : "bba9a6a9-ce55-4461-94e8-38f89c1a4cf6",
        "bForceLoad" : false
      },
      {
        "strName" : "ItmWallMSSLFWhite",
        "fX"      : -2.0,
        "fY"      : 6.0,
        "fRotation" : 0.0,
        "strID"     : "d3cf799f-37de-468e-91dd-111626e71411",
        "bForceLoad" : false
      },
      {
        "strName" : "ItmFloorMSSOW04",
        "fX"      : -5.0,
        "fY"      : 0.0,
        "fRotation" : 0.0,
        "strID"     : "8be1475c-9b5c-41ef-ac08-a3e6a0e699ef",
        "bForceLoad" : false
      },
      {
        "strName" : "ItmFloorMSSOW04",
        "fX"      : -5.0,
        "fY"      : 3.0,
        "fRotation" : 0.0,
        "strID"     : "bd54c980-33ed-4a84-bd48-9ec05fc436da",
        "bForceLoad" : false
      },
      {
        "strName" : "ItmWallMSSLFWhite",
        "fX"      : -3.0,
        "fY"      : 8.0,
        "fRotation" : 0.0,
        "strID"     : "4811bd0a-61fe-4ac6-a569-313f78450a1a",
        "bForceLoad" : false
      },
      {
        "strName" : "ItmWallMSSLFWhite",
        "fX"      : -3.0,
        "fY"      : 9.0,
        "fRotation" : 0.0,
        "strID"     : "e2b5eca1-5d23-4b3e-ab00-201e16bf7baf",
        "bForceLoad" : false
      },
      {
        "strName" : "ItmWallMSSLFWhite",
        "fX"      : -3.0,
        "fY"      : 10.0,
        "fRotation" : 0.0,
        "strID"     : "1a1325d6-992b-40f5-9d97-08f7f2af41aa",
        "bForceLoad" : false
      },
      {
        "strName" : "ItmWallMSSLFWhite",
        "fX"      : -3.0,
        "fY"      : 11.0,
        "fRotation" : 0.0,
        "strID"     : "008ff1aa-0190-4363-9068-420a616287d0",
        "bForceLoad" : false
      },
      {
        "strName" : "ItmWallMSSLFWhite",
        "fX"      : -3.0,
        "fY"      : 12.0,
        "fRotation" : 0.0,
        "strID"     : "fc461c6e-9a49-4432-b55e-8e0b1c14da90",
        "bForceLoad" : false
      },
      {
        "strName" : "ItmWallMSSLFWhite",
        "fX"      : -3.0,
        "fY"      : 13.0,
        "fRotation" : 0.0,
        "strID"     : "6481b6b8-f8ee-43b3-afa2-add57dc6b7bc",
        "bForceLoad" : false
      },
      {
        "strName" : "ItmWallMSSLFWhite",
        "fX"      : -3.0,
        "fY"      : 14.0,
        "fRotation" : 0.0,
        "strID"     : "728bf632-7174-4b63-8787-1979dee94790",
        "bForceLoad" : false
      },
      {
        "strName" : "ItmWallMSSLFWhite",
        "fX"      : -3.0,
        "fY"      : 15.0,
        "fRotation" : 0.0,
        "strID"     : "34e5de62-ccb9-498a-95a5-a5db8a0ca622",
        "bForceLoad" : false
      },
      {
        "strName" : "ItmWallMSSLFWhite",
        "fX"      : -3.0,
        "fY"      : 16.0,
        "fRotation" : 0.0,
        "strID"     : "95d74bd7-5367-4fff-9e67-a67f428610ba",
        "bForceLoad" : false
      },
      {
        "strName" : "ItmWallMSSLFWhite",
        "fX"      : -3.0,
        "fY"      : 17.0,
        "fRotation" : 0.0,
        "strID"     : "bad8739b-9874-4dc3-a6f3-e2813d998d1a",
        "bForceLoad" : false
      },
      {
        "strName" : "ItmFloorMSSLFWhite02",
        "fX"      : -5.0,
        "fY"      : 6.0,
        "fRotation" : 0.0,
        "strID"     : "8d473aeb-4845-4076-a737-2571812725e3",
        "bForceLoad" : false
      },
      {
        "strName" : "ItmFloorMSSOW05",
        "fX"      : -4.0,
        "fY"      : 4.0,
        "fRotation" : 180.0,
        "strID"     : "424bf122-ebfd-4cb9-9bdc-e6ec0bda76c1",
        "bForceLoad" : false
      },
      {
        "strName" : "ItmFloorMSSOW05",
        "fX"      : -3.0,
        "fY"      : 4.0,
        "fRotation" : 270.0,
        "strID"     : "2e32d7df-c31f-46c5-88e7-a0e7be097be2",
        "bForceLoad" : false
      },
      {
        "strName" : "ItmFloorMSSOW05",
        "fX"      : -3.0,
        "fY"      : 3.0,
        "fRotation" : 0.0,
        "strID"     : "a5f55e72-d6ff-401f-a10e-f8f6d59113b9",
        "bForceLoad" : false
      },
      {
        "strName" : "ItmFloorMSSOW05",
        "fX"      : -7.0,
        "fY"      : 3.0,
        "fRotation" : 90.0,
        "strID"     : "7aab85b6-39e0-4d72-bc16-b7d2851599fc",
        "bForceLoad" : false
      },
      {
        "strName" : "ItmFloorMSSOW05",
        "fX"      : -7.0,
        "fY"      : 1.0,
        "fRotation" : 180.0,
        "strID"     : "83e5f62f-6b8b-4c29-acbd-4dd4ec517aa3",
        "bForceLoad" : false
      },
      {
        "strName" : "ItmFloorMSSOW05",
        "fX"      : -3.0,
        "fY"      : 0.0,
        "fRotation" : 0.0,
        "strID"     : "81253479-29b5-41d5-b7d5-1aa080ed6c49",
        "bForceLoad" : false
      },
      {
        "strName" : "ItmFloorMSSOW04",
        "fX"      : -6.0,
        "fY"      : 1.0,
        "fRotation" : 180.0,
        "strID"     : "c1961f0c-2b3c-4e54-bd2c-16b96b7fb1e7",
        "bForceLoad" : false
      },
      {
        "strName" : "ItmFloorMSSOW04",
        "fX"      : -4.0,
        "fY"      : 1.0,
        "fRotation" : 180.0,
        "strID"     : "1217ab44-369f-429c-a36b-fa5720d1cc5d",
        "bForceLoad" : false
      },
      {
        "strName" : "ItmFloorMSSOW04",
        "fX"      : -5.0,
        "fY"      : 1.0,
        "fRotation" : 180.0,
        "strID"     : "85468be0-6e91-4223-8fbe-2742d7ec5ed2",
        "bForceLoad" : false
      },
      {
        "strName" : "ItmFloorMSSOW05",
        "fX"      : -7.0,
        "fY"      : -1.192093E-07,
        "fRotation" : 90.0,
        "strID"     : "9f26b206-8ff6-4b93-a68e-2b2ed0d6ee7d",
        "bForceLoad" : false
      },
      {
        "strName" : "ItmFloorMSSOW04",
        "fX"      : -5.0,
        "fY"      : 8.0,
        "fRotation" : 0.0,
        "strID"     : "0537bef8-0d21-4e7e-ab71-baa554e95def",
        "bForceLoad" : false
      },
      {
        "strName" : "ItmFloorMSSOW05",
        "fX"      : -3.0,
        "fY"      : 0.9999999,
        "fRotation" : 270.0,
        "strID"     : "2d6e5849-3dc7-4b6f-9607-2cf21e9a2fd4",
        "bForceLoad" : false
      },
      {
        "strName" : "ItmFloorMSSOW02",
        "fX"      : -4.0,
        "fY"      : 13.0,
        "fRotation" : 0.0,
        "strID"     : "feafb748-ce12-41bf-af35-9cbf978ae496",
        "bForceLoad" : false
      },
      {
        "strName" : "ItmFloorMSSOW04",
        "fX"      : -3.0,
        "fY"      : 2.0,
        "fRotation" : 270.0,
        "strID"     : "6501cd15-5aea-4431-bca3-e731334d4ecc",
        "bForceLoad" : false
      },
      {
        "strName" : "ItmFloorMSSOW04",
        "fX"      : -7.0,
        "fY"      : 2.0,
        "fRotation" : 90.0,
        "strID"     : "5742fd1c-66bd-49b0-ac3c-235de2cfcefd",
        "bForceLoad" : false
      },
      {
        "strName" : "ItmFloorMSSOW04",
        "fX"      : -6.0,
        "fY"      : 3.0,
        "fRotation" : 0.0,
        "strID"     : "870e28ac-f77b-45dc-b159-7f8a03b0f697",
        "bForceLoad" : false
      },
      {
        "strName" : "ItmFloorMSSOW04",
        "fX"      : -6.0,
        "fY"      : 0.0,
        "fRotation" : 0.0,
        "strID"     : "7e05f740-44b6-4f78-b9a0-fb272efd1557",
        "bForceLoad" : false
      },
      {
        "strName" : "ItmFloorMSSOW04",
        "fX"      : -6.0,
        "fY"      : 5.0,
        "fRotation" : 270.0,
        "strID"     : "d298659b-a796-450d-bd13-6d566525bcf6",
        "bForceLoad" : false
      },
      {
        "strName" : "ItmFloorMSSOW04",
        "fX"      : -7.0,
        "fY"      : 5.0,
        "fRotation" : 90.0,
        "strID"     : "699983f9-4927-42af-9132-8e55f97964cc",
        "bForceLoad" : false
      },
      {
        "strName" : "ItmFloorMSSOW04",
        "fX"      : -6.0,
        "fY"      : -1.0,
        "fRotation" : 180.0,
        "strID"     : "8eae6c4a-d12b-4ac9-83c0-b0de5361ce6e",
        "bForceLoad" : false
      },
      {
        "strName" : "ItmFloorMSSOW05",
        "fX"      : -6.0,
        "fY"      : 8.0,
        "fRotation" : 90.0,
        "strID"     : "35a9cc31-7812-4559-940a-db69720c59f7",
        "bForceLoad" : false
      },
      {
        "strName" : "ItmFloorMSSOW05",
        "fX"      : -6.0,
        "fY"      : 7.0,
        "fRotation" : 180.0,
        "strID"     : "7cc068c0-4d81-40ca-971e-172312166806",
        "bForceLoad" : false
      },
      {
        "strName" : "ItmFloorMSSOW05",
        "fX"      : -6.0,
        "fY"      : 6.0,
        "fRotation" : 0.0,
        "strID"     : "4eda2d92-aa64-4ecd-b1b1-f1a87137ca83",
        "bForceLoad" : false
      },
      {
        "strName" : "ItmFloorMSSOW05",
        "fX"      : -7.0,
        "fY"      : 6.0,
        "fRotation" : 90.0,
        "strID"     : "a554be9c-7293-47b8-a257-7d4a24631307",
        "bForceLoad" : false
      },
      {
        "strName" : "ItmFloorMSSOW04",
        "fX"      : -5.0,
        "fY"      : -1.0,
        "fRotation" : 180.0,
        "strID"     : "a18195b4-9902-42d1-b2be-9f5721c3765c",
        "bForceLoad" : false
      },
      {
        "strName" : "ItmFloorMSSOW04",
        "fX"      : -4.0,
        "fY"      : -1.0,
        "fRotation" : 180.0,
        "strID"     : "d45b74a1-4487-43aa-b11f-8b77d8609d46",
        "bForceLoad" : false
      },
      {
        "strName" : "ItmFloorMSSOW02",
        "fX"      : -5.0,
        "fY"      : 13.0,
        "fRotation" : 0.0,
        "strID"     : "c4d80fc3-658a-4f59-bab2-de8ed31406fb",
        "bForceLoad" : false
      },
      {
        "strName" : "ItmFloorMSSOW05",
        "fX"      : -4.0,
        "fY"      : 6.0,
        "fRotation" : 90.0,
        "strID"     : "165005ce-5e48-412a-a527-60f7296294e6",
        "bForceLoad" : false
      },
      {
        "strName" : "ItmFloorMSSOW04",
        "fX"      : -3.0,
        "fY"      : 5.0,
        "fRotation" : 270.0,
        "strID"     : "8d127031-e729-4792-932a-5c2f03d13c99",
        "bForceLoad" : false
      },
      {
        "strName" : "ItmWallMSSLFWhite",
        "fX"      : -4.0,
        "fY"      : 14.0,
        "fRotation" : 0.0,
        "strID"     : "70701b1b-96ee-4c27-9f79-c75716a32640",
        "bForceLoad" : false
      },
      {
        "strName" : "ItmFloorMSSLFWhite02",
        "fX"      : -5.0,
        "fY"      : 10.0,
        "fRotation" : 0.0,
        "strID"     : "5b862e92-fc30-406f-acc4-d4a7c4e23390",
        "bForceLoad" : false
      },
      {
        "strName" : "ItmFloorMSSLFWhite02",
        "fX"      : -6.0,
        "fY"      : 10.0,
        "fRotation" : 0.0,
        "strID"     : "f4325726-38a6-4f2f-8b25-0e46c1987f46",
        "bForceLoad" : false
      },
      {
        "strName" : "ItmFloorMSSLFWhite02",
        "fX"      : -6.0,
        "fY"      : 9.0,
        "fRotation" : 0.0,
        "strID"     : "b547f7f5-9408-4640-a52d-7b57957d5fac",
        "bForceLoad" : false
      },
      {
        "strName" : "ItmFloorMSSOW05",
        "fX"      : -4.0,
        "fY"      : 7.0,
        "fRotation" : 270.0,
        "strID"     : "12ecd612-d799-4f4d-8a4c-c656b5d520a3",
        "bForceLoad" : false
      },
      {
        "strName" : "ItmFloorMSSOW05",
        "fX"      : -4.0,
        "fY"      : 8.0,
        "fRotation" : 0.0,
        "strID"     : "9f55a91d-1efa-4d69-b17d-787424436bf6",
        "bForceLoad" : false
      },
      {
        "strName" : "ItmFloorMSSLFWhite02",
        "fX"      : -5.0,
        "fY"      : 9.0,
        "fRotation" : 0.0,
        "strID"     : "ff62d13a-53b6-4192-bdee-5b56b41c2299",
        "bForceLoad" : false
      },
      {
        "strName" : "ItmCooler01On",
        "fX"      : -3.0,
        "fY"      : 9.5,
        "fRotation" : 270.0,
        "strID"     : "0ddc1772-b00a-4f90-afe4-5ddd879d3e4e",
        "bForceLoad" : false,
        "aGPMSettings" : [
          {
            "strName" : "Panel A",
            "dictGUIPropMap" : [
              "strGUIPrefab",
              "GUIAirPump",
              "strFriendlyName",
              "Cooler",
              "strGUIPrefabRight",
              null,
              "strGUIPrefabLeft",
              null,
              "strGUIPrefabUp",
              null,
              "strGUIPrefabDown",
              null,
              "strTitle",
              "Unscrew for Thermostat Sensor Input Signal",
              "strValidCOTrigger01",
              "TIsAlarmTemp",
              "strCondMonitor01",
              "DcGasTemp03",
              "strSubPoint",
              "Cool",
              "strAddPoint",
              "Heat",
              "strInput01",
              "ec7d9389-1afa-49f0-81b8-8e2cddef7954",
              "nKnobBus",
              "1",
              "bTurbo",
              "false",
              "bReverse",
              "false"
            ]
          }
        ]
      },
      {
        "strName" : "ItmCooler01On",
        "fX"      : -7.0,
        "fY"      : 9.5,
        "fRotation" : 90.0,
        "strID"     : "e17edf06-70e3-4c50-b106-91caafe08eaf",
        "bForceLoad" : false,
        "aGPMSettings" : [
          {
            "strName" : "Panel A",
            "dictGUIPropMap" : [
              "strGUIPrefab",
              "GUIAirPump",
              "strFriendlyName",
              "Cooler",
              "strGUIPrefabRight",
              null,
              "strGUIPrefabLeft",
              null,
              "strGUIPrefabUp",
              null,
              "strGUIPrefabDown",
              null,
              "strTitle",
              "Unscrew for Thermostat Sensor Input Signal",
              "strValidCOTrigger01",
              "TIsAlarmTemp",
              "strCondMonitor01",
              "DcGasTemp03",
              "strSubPoint",
              "Cool",
              "strAddPoint",
              "Heat",
              "strInput01",
              "ec7d9389-1afa-49f0-81b8-8e2cddef7954",
              "nKnobBus",
              "1",
              "bTurbo",
              "false",
              "bReverse",
              "false"
            ]
          }
        ]
      },
      {
        "strName" : "ItmFloorMSSOW04",
        "fX"      : -4.0,
        "fY"      : 5.0,
        "fRotation" : 90.0,
        "strID"     : "e2b419f5-6670-4ba5-8400-a05816ee07bd",
        "bForceLoad" : false
      },
      {
        "strName" : "ItmFloorMSSOW05",
        "fX"      : -3.0,
        "fY"      : 6.0,
        "fRotation" : 0.0,
        "strID"     : "c0e906e3-85f7-4cf7-bc8e-4a378cd7ff1d",
        "bForceLoad" : false
      },
      {
        "strName" : "ItmFloorMSSOW02",
        "fX"      : -6.0,
        "fY"      : 12.0,
        "fRotation" : 0.0,
        "strID"     : "29a0a840-f05c-4835-b8c6-985c2e32d07f",
        "bForceLoad" : false
      },
      {
        "strName" : "ItmFloorMSSOW02",
        "fX"      : -4.0,
        "fY"      : 11.0,
        "fRotation" : 0.0,
        "strID"     : "8f469730-2dd8-4cd4-bb00-0ea779c740d7",
        "bForceLoad" : false
      },
      {
        "strName" : "ItmFloorMSSOW02",
        "fX"      : -5.0,
        "fY"      : 12.0,
        "fRotation" : 0.0,
        "strID"     : "539dad37-e89a-45a8-90f4-38ac7a3c62a7",
        "bForceLoad" : false
      },
      {
        "strName" : "ItmFloorMSSOW02",
        "fX"      : -4.0,
        "fY"      : 12.0,
        "fRotation" : 0.0,
        "strID"     : "68c8a610-e8ab-4d4a-afbb-f078dbea860e",
        "bForceLoad" : false
      },
      {
        "strName" : "ItmFloorMSSOW02",
        "fX"      : -5.0,
        "fY"      : 11.0,
        "fRotation" : 0.0,
        "strID"     : "abbcbae5-d28c-4de6-8881-11c9268c59f7",
        "bForceLoad" : false
      },
      {
        "strName" : "ItmFloorMSSOW02",
        "fX"      : -6.0,
        "fY"      : 11.0,
        "fRotation" : 0.0,
        "strID"     : "4ff1c8a0-1cf2-4a19-b70e-362f1795a4f2",
        "bForceLoad" : false
      },
      {
        "strName" : "ItmFloorMSSOW02",
        "fX"      : -6.0,
        "fY"      : 13.0,
        "fRotation" : 0.0,
        "strID"     : "d6ce6223-85ad-4928-82d4-45cf2bafc918",
        "bForceLoad" : false
      },
      {
        "strName" : "ItmWallMSSLFWhite",
        "fX"      : -5.0,
        "fY"      : 14.0,
        "fRotation" : 0.0,
        "strID"     : "28b8a5f4-a051-44d2-b9be-28b5004c5faa",
        "bForceLoad" : false
      },
      {
        "strName" : "ItmWallMSSLFWhite",
        "fX"      : -6.0,
        "fY"      : 14.0,
        "fRotation" : 0.0,
        "strID"     : "4ed83dde-29b8-4325-92df-4316512ecf05",
        "bForceLoad" : false
      },
      {
        "strName" : "ItmWallMSSLFWhite",
        "fX"      : -3.0,
        "fY"      : 18.0,
        "fRotation" : 0.0,
        "strID"     : "e89be81b-f0b8-414e-8289-3ce9030369cc",
        "bForceLoad" : false
      },
      {
        "strName" : "ItmWallMSSLFWhite",
        "fX"      : -3.0,
        "fY"      : 19.0,
        "fRotation" : 0.0,
        "strID"     : "d2a3ca2f-ad8b-40ab-a84f-14dca3252c23",
        "bForceLoad" : false
      },
      {
        "strName" : "ItmLitWall1x0Orange",
        "fX"      : -4.0,
        "fY"      : 24.0,
        "fRotation" : 270.0,
        "strID"     : "b5254d94-9846-4a72-967f-e1f5ec3a5782",
        "bForceLoad" : false
      },
      {
        "strName" : "ItmWallMSSLFWhite",
        "fX"      : -7.0,
        "fY"      : 24.0,
        "fRotation" : 0.0,
        "strID"     : "5210f062-e02a-4d9f-b982-2c1728378b0a",
        "bForceLoad" : false
      },
      {
        "strName" : "ItmWallMSSLFWhite",
        "fX"      : -7.0,
        "fY"      : 18.0,
        "fRotation" : 0.0,
        "strID"     : "6ef59d1e-4050-4f35-b688-65ac0ccd0a72",
        "bForceLoad" : false
      },
      {
        "strName" : "ItmWallMSSLFWhite",
        "fX"      : -7.0,
        "fY"      : 19.0,
        "fRotation" : 0.0,
        "strID"     : "a9b93b0a-899f-4caa-be57-55091c123f89",
        "bForceLoad" : false
      },
      {
        "strName" : "ItmWallMSSLFWhite",
        "fX"      : -7.0,
        "fY"      : 21.0,
        "fRotation" : 0.0,
        "strID"     : "eba098b0-77a8-452a-b7fb-daf9ca2cc141",
        "bForceLoad" : false
      },
      {
        "strName" : "ItmFloorMSSOW04",
        "fX"      : -3.0,
        "fY"      : 21.0,
        "fRotation" : 270.0,
        "strID"     : "058617a6-5200-44d3-820c-c2d095bddc3a",
        "bForceLoad" : false
      },
      {
        "strName" : "ItmRCSDistro01",
        "fX"      : -5.0,
        "fY"      : 13.0,
        "fRotation" : 270.0,
        "strID"     : "ffccdda1-5c42-4853-83f6-89be7a59bc92",
        "bForceLoad" : false
      },
      {
        "strName" : "ItmDockSys02Closed",
        "fX"      : -5.0,
        "fY"      : -2.5,
        "fRotation" : 180.0,
        "strID"     : "383b2abc-07f5-4832-afc8-58c24d3f8e74",
        "bForceLoad" : false
      },
      {
        "strName" : "ItmWallMSSLFWhite",
        "fX"      : -2.0,
        "fY"      : -1.0,
        "fRotation" : 0.0,
        "strID"     : "62d6b820-f2fb-4ba8-90db-0b711b8dcb0e",
        "bForceLoad" : false
      },
      {
        "strName" : "ItmWallMSSLFWhite",
        "fX"      : -7.0,
        "fY"      : -1.0,
        "fRotation" : 0.0,
        "strID"     : "0f79bc61-8bf9-4cf4-87af-fd5c92ca5d40",
        "bForceLoad" : false
      },
      {
        "strName" : "ItmWallMSSLFWhite",
        "fX"      : -8.0,
        "fY"      : -1.0,
        "fRotation" : 0.0,
        "strID"     : "06221a59-b0af-427f-a473-d59b28a4e2c3",
        "bForceLoad" : false
      },
      {
        "strName" : "ItmFloorMSSOW02",
        "fX"      : -6.0,
        "fY"      : -2.0,
        "fRotation" : 0.0,
        "strID"     : "4eaed666-308c-4017-a6c4-f10d4bc6ce69",
        "bForceLoad" : false
      },
      {
        "strName" : "ItmFloorMSSOW02",
        "fX"      : -5.0,
        "fY"      : -2.0,
        "fRotation" : 0.0,
        "strID"     : "4fcadb62-a918-47ca-966b-1b6cb6cc8b74",
        "bForceLoad" : false
      },
      {
        "strName" : "ItmFloorMSSOW02",
        "fX"      : -4.0,
        "fY"      : -2.0,
        "fRotation" : 0.0,
        "strID"     : "9d74f4e7-96ab-4c6c-ae8c-7464fac69647",
        "bForceLoad" : false
      },
      {
        "strName" : "ItmConduit01",
        "fX"      : -5.0,
        "fY"      : 5.0,
        "fRotation" : 0.0,
        "strID"     : "2d0c29a5-1f04-4af3-9f0a-9fcc04ab8fba",
        "bForceLoad" : false
      },
      {
        "strName" : "ItmConduit01",
        "fX"      : -5.0,
        "fY"      : 6.0,
        "fRotation" : 0.0,
        "strID"     : "e5e460e2-3b42-49a7-898e-2bb0c7899d42",
        "bForceLoad" : false
      },
      {
        "strName" : "ItmFloorMSSOW01",
        "fX"      : -1.0,
        "fY"      : 4.0,
        "fRotation" : 0.0,
        "strID"     : "7267643f-0983-452f-8a55-82591a181e72",
        "bForceLoad" : false
      },
      {
        "strName" : "ItmFloorMSSOW01",
        "fX"      : -9.0,
        "fY"      : 4.0,
        "fRotation" : 0.0,
        "strID"     : "3860c842-bbe6-4019-91a7-29c0bc6f2c2b",
        "bForceLoad" : false
      },
      {
        "strName" : "ItmFloorMSSOW05",
        "fX"      : -4.0,
        "fY"      : 17.0,
        "fRotation" : 90.0,
        "strID"     : "39bde973-04ba-4435-b965-b697be849cb0",
        "bForceLoad" : false
      },
      {
        "strName" : "ItmConduit01",
        "fX"      : -4.0,
        "fY"      : 14.0,
        "fRotation" : 0.0,
        "strID"     : "5eef79a6-c3e6-41e0-865f-1ca8bb2deda3",
        "bForceLoad" : false
      },
      {
        "strName" : "ItmConduit01",
        "fX"      : -5.0,
        "fY"      : 14.0,
        "fRotation" : 0.0,
        "strID"     : "c708a79e-7e28-46f2-9847-8b77b1284e48",
        "bForceLoad" : false
      },
      {
        "strName" : "ItmFloorMSSOW05",
        "fX"      : -4.0,
        "fY"      : 20.0,
        "fRotation" : 180.0,
        "strID"     : "5e40f503-ff84-4c93-a567-8c08ea1dc0cc",
        "bForceLoad" : false
      },
      {
        "strName" : "ItmConduit01",
        "fX"      : -6.0,
        "fY"      : 14.0,
        "fRotation" : 0.0,
        "strID"     : "a8ad817f-07ef-4777-b60a-686ff22e7f47",
        "bForceLoad" : false
      },
      {
        "strName" : "ItmFloorMSSOW05",
        "fX"      : -6.0,
        "fY"      : 16.0,
        "fRotation" : 270.0,
        "strID"     : "8af6d2b4-d1ff-4750-b2b9-a7f63a07f3a0",
        "bForceLoad" : false
      },
      {
        "strName" : "ItmFloorMSSOW05",
        "fX"      : -4.0,
        "fY"      : 16.0,
        "fRotation" : 180.0,
        "strID"     : "99ec4a6a-e79d-4d95-8a39-ef4c9ec9f46f",
        "bForceLoad" : false
      },
      {
        "strName" : "ItmWallMSSLFWhite",
        "fX"      : -10.0,
        "fY"      : 2.0,
        "fRotation" : 0.0,
        "strID"     : "0132ecf7-9b7b-43ef-b84c-ff03fcf0816c",
        "bForceLoad" : false
      },
      {
        "strName" : "ItmFloorMSSOW05",
        "fX"      : -6.0,
        "fY"      : 17.0,
        "fRotation" : 0.0,
        "strID"     : "5d5683b4-3990-4e66-9f21-b5792fb91031",
        "bForceLoad" : false
      },
      {
        "strName" : "ItmLitWall1x0Orange",
        "fX"      : -5.0,
        "fY"      : 15.0,
        "fRotation" : 180.0,
        "strID"     : "b7a5a232-aec8-4092-b915-96f5f2842da8",
        "bForceLoad" : false
      },
      {
        "strName" : "ItmLitWall1x0Orange",
        "fX"      : -10.0,
        "fY"      : 1.0,
        "fRotation" : 0.0,
        "strID"     : "da93742b-06e0-4097-9257-9942f098ef57",
        "bForceLoad" : false
      },
      {
        "strName" : "ItmFloorMSSOW05",
        "fX"      : -6.0,
        "fY"      : 20.0,
        "fRotation" : 270.0,
        "strID"     : "77e2a773-68e5-407d-af3f-3dca3022a71f",
        "bForceLoad" : false
      },
      {
        "strName" : "ItmFloorMSSOW05",
        "fX"      : -4.0,
        "fY"      : 21.0,
        "fRotation" : 90.0,
        "strID"     : "490c16d2-6b58-4f24-9c1c-9194811a1ce1",
        "bForceLoad" : false
      },
      {
        "strName" : "ItmFloorMSSOW05",
        "fX"      : -6.0,
        "fY"      : 21.0,
        "fRotation" : 0.0,
        "strID"     : "9a591307-0832-40bb-b0ca-46cf886ed8ea",
        "bForceLoad" : false
      },
      {
        "strName" : "ItmWallMSSLFWhite",
        "fX"      : -3.0,
        "fY"      : 24.0,
        "fRotation" : 0.0,
        "strID"     : "e991d8d3-7e70-464e-874c-a06dcd462096",
        "bForceLoad" : false
      },
      {
        "strName" : "ItmConduit01",
        "fX"      : -1.0,
        "fY"      : 2.0,
        "fRotation" : 0.0,
        "strID"     : "09fb9b53-fc74-4761-b6eb-09d0760de9a0",
        "bForceLoad" : false
      },
      {
        "strName" : "ItmRCSCluster01",
        "fX"      : 2.384186E-07,
        "fY"      : 4.0,
        "fRotation" : 270.0,
        "strID"     : "d24c235f-5705-4f8f-b6b8-2102df3e86c7",
        "bForceLoad" : false
      },
      {
        "strName" : "ItmRCSCluster01",
        "fX"      : -3.0,
        "fY"      : 21.0,
        "fRotation" : 270.0,
        "strID"     : "0d7a5cbc-f745-4ff2-84a3-d256cd5895a3",
        "bForceLoad" : false
      },
      {
        "strName" : "ItmRCSCluster01",
        "fX"      : -3.0,
        "fY"      : 17.0,
        "fRotation" : 270.0,
        "strID"     : "747e2759-31bc-4b38-973f-6e97d403d886",
        "bForceLoad" : false
      },
      {
        "strName" : "ItmRCSCluster01",
        "fX"      : -3.0,
        "fY"      : 16.0,
        "fRotation" : 270.0,
        "strID"     : "f4564339-a5f0-484c-a029-81051f46f234",
        "bForceLoad" : false
      },
      {
        "strName" : "ItmFloorMSSOW04",
        "fX"      : -3.0,
        "fY"      : 17.0,
        "fRotation" : 270.0,
        "strID"     : "ba6ed74a-b516-41a3-a440-138c0419a76f",
        "bForceLoad" : false
      },
      {
        "strName" : "ItmRCSCluster01",
        "fX"      : -7.0,
        "fY"      : 17.0,
        "fRotation" : 90.0,
        "strID"     : "bc1c5871-77ed-49ce-a238-6e66d9f35514",
        "bForceLoad" : false
      },
      {
        "strName" : "ItmRCSCluster01",
        "fX"      : -7.0,
        "fY"      : 16.0,
        "fRotation" : 90.0,
        "strID"     : "36f70efe-eb4d-4110-a727-5c8558d29033",
        "bForceLoad" : false
      },
      {
        "strName" : "ItmRCSCluster01",
        "fX"      : -10.0,
        "fY"      : 4.0,
        "fRotation" : 90.0,
        "strID"     : "a45cd6dd-52aa-4468-a1f6-7913651bc38a",
        "bForceLoad" : false
      },
      {
        "strName" : "ItmRCSCluster01",
        "fX"      : 2.384186E-07,
        "fY"      : 2.0,
        "fRotation" : 270.0,
        "strID"     : "91cc284d-b9ac-41e0-b7e7-aa7d0e5c0cd2",
        "bForceLoad" : false
      },
      {
        "strName" : "ItmConduit01",
        "fX"      : 0.0,
        "fY"      : 2.0,
        "fRotation" : 0.0,
        "strID"     : "f90248ec-ba5b-41e9-b413-3fbb97eb549c",
        "bForceLoad" : false
      },
      {
        "strName" : "ItmFloorMSSOW01",
        "fX"      : -10.0,
        "fY"      : 2.0,
        "fRotation" : 0.0,
        "strID"     : "56a6cba5-0bfd-429c-9e74-eb26c15ed051",
        "bForceLoad" : false
      },
      {
        "strName" : "ItmLitWall1x0Orange",
        "fX"      : -6.0,
        "fY"      : 24.0,
        "fRotation" : 90.0,
        "strID"     : "177ffc68-cf01-4cb7-a1e8-017f4a3f3ccb",
        "bForceLoad" : false
      },
      {
        "strName" : "ItmFloorMSSOW04",
        "fX"      : -7.0,
        "fY"      : 22.0,
        "fRotation" : 90.0,
        "strID"     : "c7bc1190-cf87-4bfe-bb04-69a88a085a47",
        "bForceLoad" : false
      },
      {
        "strName" : "ItmFloorMSSOW04",
        "fX"      : -7.0,
        "fY"      : 23.0,
        "fRotation" : 90.0,
        "strID"     : "e0e994a2-e11f-4a42-97d1-d09912e8354b",
        "bForceLoad" : false
      },
      {
        "strName" : "ItmRCSCluster01",
        "fX"      : -7.0,
        "fY"      : 21.0,
        "fRotation" : 90.0,
        "strID"     : "61bc2619-0287-4452-bf57-dd20cb2b0884",
        "bForceLoad" : false
      },
      {
        "strName" : "ItmFloorMSSOW04",
        "fX"      : -3.0,
        "fY"      : 19.0,
        "fRotation" : 270.0,
        "strID"     : "69583b1d-b2a5-456d-88fb-a885529b9fe5",
        "bForceLoad" : false
      },
      {
        "strName" : "ItmFloorMSSOW04",
        "fX"      : -3.0,
        "fY"      : 22.0,
        "fRotation" : 270.0,
        "strID"     : "45905808-d749-4744-92a0-186bfcd83c2d",
        "bForceLoad" : false
      },
      {
        "strName" : "ItmFloorMSSOW01",
        "fX"      : -8.0,
        "fY"      : 2.0,
        "fRotation" : 0.0,
        "strID"     : "8a217622-520a-442c-9413-1bbaa7c5e06e",
        "bForceLoad" : false
      },
      {
        "strName" : "ItmRCSCluster01",
        "fX"      : -10.0,
        "fY"      : 2.0,
        "fRotation" : 90.0,
        "strID"     : "5861a100-ee46-4f40-8187-27e300e7f222",
        "bForceLoad" : false
      },
      {
        "strName" : "ItmFloorMSSOW04",
        "fX"      : -3.0,
        "fY"      : 23.0,
        "fRotation" : 270.0,
        "strID"     : "a3b19c13-c0c3-4d01-aa17-1c8b04d036fa",
        "bForceLoad" : false
      },
      {
        "strName" : "ItmFloorMSSOW01",
        "fX"      : -8.0,
        "fY"      : 4.0,
        "fRotation" : 0.0,
        "strID"     : "652a6316-cbaf-4cd4-bd32-7a12aa85911f",
        "bForceLoad" : false
      },
      {
        "strName" : "ItmRTAN2",
        "fX"      : -5.0,
        "fY"      : 12.0,
        "fRotation" : 0.0,
        "strID"     : "449fe0f8-73fb-4a57-869f-562a6398abc9",
        "bForceLoad" : false
      },
      {
        "strName" : "ItmLitWall1x0Orange",
        "fX"      : -8.0,
        "fY"      : -2.0,
        "fRotation" : 0.0,
        "strID"     : "b123f26a-67c4-46a2-966c-294d1431f6ef",
        "bForceLoad" : false
      },
      {
        "strName" : "ItmFloorMSSOW01",
        "fX"      : 0.0,
        "fY"      : 4.0,
        "fRotation" : 0.0,
        "strID"     : "69c66b1c-4b2e-4fec-b3e6-59905e0355b5",
        "bForceLoad" : false
      },
      {
        "strName" : "ItmFloorMSSOW01",
        "fX"      : -2.0,
        "fY"      : 2.0,
        "fRotation" : 0.0,
        "strID"     : "6a66b6e3-3852-4956-913a-c1ecd4ead4db",
        "bForceLoad" : false
      },
      {
        "strName" : "ItmFloorMSSOW01",
        "fX"      : -2.0,
        "fY"      : 4.0,
        "fRotation" : 0.0,
        "strID"     : "0a04f38e-bf20-4c13-bd61-073c9febe5ef",
        "bForceLoad" : false
      },
      {
        "strName" : "ItmFloorMSSOW01",
        "fX"      : -9.0,
        "fY"      : 2.0,
        "fRotation" : 0.0,
        "strID"     : "ccc4f1a9-a551-423b-af9d-470cf6d76c6c",
        "bForceLoad" : false
      },
      {
        "strName" : "ItmFloorMSSOW01",
        "fX"      : 0.0,
        "fY"      : 2.0,
        "fRotation" : 0.0,
        "strID"     : "c368dfc4-da09-4877-b1e4-fb57c8235cd7",
        "bForceLoad" : false
      },
      {
        "strName" : "ItmFloorMSSOW01",
        "fX"      : -1.0,
        "fY"      : 2.0,
        "fRotation" : 0.0,
        "strID"     : "7351e7b0-52f1-4ab0-a2ca-698c746d726f",
        "bForceLoad" : false
      },
      {
        "strName" : "ItmRCSCluster01",
        "fX"      : -3.0,
        "fY"      : 24.0,
        "fRotation" : 0.0,
        "strID"     : "88938861-9fa2-4a9e-8142-3ff80fe6f689",
        "bForceLoad" : false
      },
      {
        "strName" : "ItmRCSCluster01",
        "fX"      : -7.0,
        "fY"      : 24.0,
        "fRotation" : 0.0,
        "strID"     : "bc011b81-238e-4557-84e9-6738b8673e20",
        "bForceLoad" : false
      },
      {
        "strName" : "ItmFloorMSSOW04",
        "fX"      : -3.0,
        "fY"      : 18.0,
        "fRotation" : 270.0,
        "strID"     : "690391d4-565d-4c4d-8bc7-c80bce9706fd",
        "bForceLoad" : false
      },
      {
        "strName" : "ItmWallMSSLFWhite",
        "fX"      : -3.0,
        "fY"      : 21.0,
        "fRotation" : 0.0,
        "strID"     : "2c8790ac-c1c0-4417-af07-50ac7a804a89",
        "bForceLoad" : false
      },
      {
        "strName" : "ItmFloorMSSOW04",
        "fX"      : -3.0,
        "fY"      : 20.0,
        "fRotation" : 270.0,
        "strID"     : "8a6704e7-455f-414d-a261-eca49bd7dce1",
        "bForceLoad" : false
      },
      {
        "strName" : "ItmWallMSSLFWhite",
        "fX"      : -7.0,
        "fY"      : 20.0,
        "fRotation" : 0.0,
        "strID"     : "d1473738-747b-4cb3-8114-8628721e3984",
        "bForceLoad" : false
      },
      {
        "strName" : "ItmRCSCluster01",
        "fX"      : -7.0,
        "fY"      : 20.0,
        "fRotation" : 90.0,
        "strID"     : "b2ca2d46-c173-4ff7-ae2a-70f97b93d82b",
        "bForceLoad" : false
      },
      {
        "strName" : "ItmWallMSSLFWhite",
        "fX"      : -3.0,
        "fY"      : 20.0,
        "fRotation" : 0.0,
        "strID"     : "e697d78d-9046-48fa-8b28-30745ac69105",
        "bForceLoad" : false
      },
      {
        "strName" : "ItmRCSCluster01",
        "fX"      : -3.0,
        "fY"      : 20.0,
        "fRotation" : 270.0,
        "strID"     : "08cce55c-e2da-4fd9-bb63-1c7c0b42e4b0",
        "bForceLoad" : false
      },
      {
        "strName" : "ItmFloorMSSOW04",
        "fX"      : -3.0,
        "fY"      : 16.0,
        "fRotation" : 270.0,
        "strID"     : "4e2977fd-5a22-41ad-80da-4d09a94bcbaa",
        "bForceLoad" : false
      },
      {
        "strName" : "ItmFloorMSSOW04",
        "fX"      : -7.0,
        "fY"      : 21.0,
        "fRotation" : 90.0,
        "strID"     : "5bf3cfd7-791f-4b95-8fed-2fb440938a51",
        "bForceLoad" : false
      },
      {
        "strName" : "ItmFloorMSSOW04",
        "fX"      : -7.0,
        "fY"      : 20.0,
        "fRotation" : 90.0,
        "strID"     : "09297b3c-7918-4114-836e-ea451a118741",
        "bForceLoad" : false
      },
      {
        "strName" : "ItmFloorMSSOW04",
        "fX"      : -7.0,
        "fY"      : 19.0,
        "fRotation" : 90.0,
        "strID"     : "970a1b4c-649a-4260-b885-c583eca6b6cc",
        "bForceLoad" : false
      },
      {
        "strName" : "ItmFloorMSSOW04",
        "fX"      : -7.0,
        "fY"      : 18.0,
        "fRotation" : 90.0,
        "strID"     : "db92779f-524d-45fe-a29e-d76b6e1d74f8",
        "bForceLoad" : false
      },
      {
        "strName" : "ItmFloorMSSOW04",
        "fX"      : -7.0,
        "fY"      : 17.0,
        "fRotation" : 90.0,
        "strID"     : "bb7f4560-0cb7-4833-9032-87a3e843d2f2",
        "bForceLoad" : false
      },
      {
        "strName" : "ItmFloorMSSOW04",
        "fX"      : -7.0,
        "fY"      : 16.0,
        "fRotation" : 90.0,
        "strID"     : "2be386ae-b7e8-4ac3-883e-2d361dc5d177",
        "bForceLoad" : false
      },
      {
        "strName" : "ItmFloorMSSOW04",
        "fX"      : -7.0,
        "fY"      : 15.0,
        "fRotation" : 90.0,
        "strID"     : "996dbb6f-58cf-4f61-9b09-02c96c9fdd38",
        "bForceLoad" : false
      },
      {
        "strName" : "ItmFloorMSSOW04",
        "fX"      : -3.0,
        "fY"      : 15.0,
        "fRotation" : 270.0,
        "strID"     : "7901f860-17f5-40f3-acf5-058e4ae9dcbb",
        "bForceLoad" : false
      },
      {
        "strName" : "ItmLitWall1x0Orange",
        "fX"      : -8.0,
        "fY"      : 24.0,
        "fRotation" : 270.0,
        "strID"     : "97bfea6a-95b1-48ad-a366-b6ebc2f6dd83",
        "bForceLoad" : false
      },
      {
        "strName" : "ItmLitWall1x0Orange",
        "fX"      : -2.0,
        "fY"      : 24.0,
        "fRotation" : 90.0,
        "strID"     : "be33acba-b5ed-4180-88be-d7fb90268506",
        "bForceLoad" : false
      },
      {
        "strName" : "ItmLitWall1x0Orange",
        "fX"      : -2.0,
        "fY"      : -2.0,
        "fRotation" : 0.0,
        "strID"     : "cb479bca-a403-46ca-8017-e61fb0a1076b",
        "bForceLoad" : false
      },
      {
        "strName" : "ItmConduit01",
        "fX"      : -2.0,
        "fY"      : 2.0,
        "fRotation" : 0.0,
        "strID"     : "74549082-0ec8-4f61-8ac5-1eaca5aa2895",
        "bForceLoad" : false
      },
      {
        "strName" : "ItmLitWall1x0Orange",
        "fX"      : -2.0,
        "fY"      : 14.0,
        "fRotation" : 90.0,
        "strID"     : "741c9d65-987b-4c63-b92f-43a47bb59273",
        "bForceLoad" : false
      },
      {
        "strName" : "ItmLitWall1x0Orange",
        "fX"      : -8.0,
        "fY"      : 14.0,
        "fRotation" : 270.0,
        "strID"     : "557ab3b4-f196-4985-9695-7bc8dd3f7c57",
        "bForceLoad" : false
      },
      {
        "strName" : "ItmLitWall1x0Orange",
        "fX"      : 0.0,
        "fY"      : 5.0,
        "fRotation" : 180.0,
        "strID"     : "b1b40e48-29df-4021-99fd-36df570705aa",
        "bForceLoad" : false
      },
      {
        "strName" : "ItmLitWall1x0Orange",
        "fX"      : -0.9999999,
        "fY"      : 3.0,
        "fRotation" : 90.0,
        "strID"     : "b514810e-4d46-46a7-90ff-ba423dc4bcac",
        "bForceLoad" : false
      },
      {
        "strName" : "ItmLitWall1x0Orange",
        "fX"      : 0.0,
        "fY"      : 1.0,
        "fRotation" : 0.0,
        "strID"     : "3a5f2821-06b0-4a0a-a640-4245d57ed546",
        "bForceLoad" : false
      },
      {
        "strName" : "ItmLitWall1x0Orange",
        "fX"      : -10.0,
        "fY"      : 5.0,
        "fRotation" : 180.0,
        "strID"     : "7bfd9244-ee86-47a2-8793-6ecb21aaecb5",
        "bForceLoad" : false
      },
      {
        "strName" : "ItmLitWall1x0Orange",
        "fX"      : -7.0,
        "fY"      : 3.0,
        "fRotation" : 90.0,
        "strID"     : "2b3eb694-c6b4-45f8-903a-30a3e0dfb689",
        "bForceLoad" : false
      },
      {
        "strName" : "ItmLitWall1x0Orange",
        "fX"      : -7.0,
        "fY"      : 0.9999999,
        "fRotation" : 90.0,
        "strID"     : "1eff55fc-f3e6-4156-8203-bd61e6d05e4e",
        "bForceLoad" : false
      },
      {
        "strName" : "ItmLitWall1x0Orange",
        "fX"      : -3.0,
        "fY"      : 3.0,
        "fRotation" : 270.0,
        "strID"     : "941b83cb-4ba2-4965-b9a1-d110876e2eff",
        "bForceLoad" : false
      },
      {
        "strName" : "ItmLitWall1x0Orange",
        "fX"      : -3.0,
        "fY"      : 0.9999999,
        "fRotation" : 270.0,
        "strID"     : "fc128346-19b5-4ded-aa46-2e456ff4eb6a",
        "bForceLoad" : false
      },
      {
        "strName" : "ItmLitWall1x0Orange",
        "fX"      : -4.0,
        "fY"      : 12.0,
        "fRotation" : 270.0,
        "strID"     : "206f2bad-62bf-45da-8056-a14a6d1952c8",
        "bForceLoad" : false
      },
      {
        "strName" : "ItmLitWall1x0Orange",
        "fX"      : -6.0,
        "fY"      : 12.0,
        "fRotation" : 90.0,
        "strID"     : "0fb316f4-ab16-4dc6-ad04-487cb07789e2",
        "bForceLoad" : false
      },
      {
        "strName" : "ItmLitWall1x0Orange",
        "fX"      : -4.0,
        "fY"      : -2.0,
        "fRotation" : 270.0,
        "strID"     : "bb5d56c0-a89b-48be-841f-136aea669f3e",
        "bForceLoad" : false
      },
      {
        "strName" : "ItmConduit01",
        "fX"      : -7.0,
        "fY"      : -2.0,
        "fRotation" : 0.0,
        "strID"     : "45f264a0-0496-4c4b-ae8c-acf4c682e282",
        "bForceLoad" : false
      },
      {
        "strName" : "ItmLitWall1x0Orange",
        "fX"      : -6.0,
        "fY"      : -2.0,
        "fRotation" : 90.0,
        "strID"     : "070155e4-e821-456d-9c24-4ff9ad23ecc1",
        "bForceLoad" : false
      },
      {
        "strName" : "ItmConduit01",
        "fX"      : -7.0,
        "fY"      : -1.0,
        "fRotation" : 0.0,
        "strID"     : "486a7641-220c-44bf-acf4-400cf8402ae4",
        "bForceLoad" : false
      },
      {
        "strName" : "ItmConduit01",
        "fX"      : -8.0,
        "fY"      : -1.0,
        "fRotation" : 0.0,
        "strID"     : "33b86e17-23fd-46f4-9d6f-d9673d946c43",
        "bForceLoad" : false
      },
      {
        "strName" : "ItmConduit01",
        "fX"      : -8.0,
        "fY"      : 0.0,
        "fRotation" : 0.0,
        "strID"     : "9e2e1d68-d4a7-4dae-844d-e71cbf03ec76",
        "bForceLoad" : false
      },
      {
        "strName" : "ItmConduit01",
        "fX"      : -8.0,
        "fY"      : 1.0,
        "fRotation" : 0.0,
        "strID"     : "fa823ef3-ed66-42f0-ba25-8ee15a572266",
        "bForceLoad" : false
      },
      {
        "strName" : "ItmConduit01",
        "fX"      : -8.0,
        "fY"      : 2.0,
        "fRotation" : 0.0,
        "strID"     : "ca162bc7-28bf-40df-be7d-3c5c29737978",
        "bForceLoad" : false
      },
      {
        "strName" : "ItmConduit01",
        "fX"      : -8.0,
        "fY"      : 3.0,
        "fRotation" : 0.0,
        "strID"     : "3a8d4bcc-f8da-477a-b8f1-506d9e0f4981",
        "bForceLoad" : false
      },
      {
        "strName" : "ItmConduit01",
        "fX"      : -6.0,
        "fY"      : -1.0,
        "fRotation" : 0.0,
        "strID"     : "8309fc7c-f665-49d4-a707-4577a817e08c",
        "bForceLoad" : false
      },
      {
        "strName" : "ItmConduit01",
        "fX"      : -9.0,
        "fY"      : 4.0,
        "fRotation" : 0.0,
        "strID"     : "788cd2cd-40c7-4195-89f5-ec1b2aa80ba4",
        "bForceLoad" : false
      },
      {
        "strName" : "ItmConduit01",
        "fX"      : -10.0,
        "fY"      : 4.0,
        "fRotation" : 0.0,
        "strID"     : "e442e098-357f-41a9-b4a4-3f2ec8c58b49",
        "bForceLoad" : false
      },
      {
        "strName" : "ItmConduit01",
        "fX"      : -3.0,
        "fY"      : -2.0,
        "fRotation" : 0.0,
        "strID"     : "ef65f24d-20c5-4f97-b830-bf67f59cf9b0",
        "bForceLoad" : false
      },
      {
        "strName" : "ItmConduit01",
        "fX"      : -3.0,
        "fY"      : -1.0,
        "fRotation" : 0.0,
        "strID"     : "ede27b2b-3694-48d6-bcc7-4d49a580e1c8",
        "bForceLoad" : false
      },
      {
        "strName" : "ItmConduit01",
        "fX"      : -2.0,
        "fY"      : -1.0,
        "fRotation" : 0.0,
        "strID"     : "c13871fa-70ce-4dd5-879c-cb64f4243334",
        "bForceLoad" : false
      },
      {
        "strName" : "ItmConduit01",
        "fX"      : -2.0,
        "fY"      : 0.0,
        "fRotation" : 0.0,
        "strID"     : "d7de8ef7-1c36-4de9-899d-1cb96fd51267",
        "bForceLoad" : false
      },
      {
        "strName" : "ItmConduit01",
        "fX"      : -2.0,
        "fY"      : 1.0,
        "fRotation" : 0.0,
        "strID"     : "11bc3473-800f-473e-bf59-9f742d16942b",
        "bForceLoad" : false
      },
      {
        "strName" : "ItmWallMSSLFWhite",
        "fX"      : 0.0,
        "fY"      : 2.0,
        "fRotation" : 0.0,
        "strID"     : "a331dd3f-be47-447c-a956-e9f9d0e09a6b",
        "bForceLoad" : false
      },
      {
        "strName" : "ItmConduit01",
        "fX"      : -2.0,
        "fY"      : 3.0,
        "fRotation" : 0.0,
        "strID"     : "88793817-cc8a-4050-b698-19a4b1801922",
        "bForceLoad" : false
      },
      {
        "strName" : "ItmConduit01",
        "fX"      : -5.0,
        "fY"      : -1.0,
        "fRotation" : 0.0,
        "strID"     : "a0fe7309-0caf-47d4-a4f0-fff4d367eca1",
        "bForceLoad" : false
      },
      {
        "strName" : "ItmConduit01",
        "fX"      : -1.0,
        "fY"      : 4.0,
        "fRotation" : 0.0,
        "strID"     : "a4fc1430-b1ff-46f8-9e68-e0bf196fee2c",
        "bForceLoad" : false
      },
      {
        "strName" : "ItmConduit01",
        "fX"      : 0.0,
        "fY"      : 4.0,
        "fRotation" : 0.0,
        "strID"     : "750afd77-e01d-45eb-adb2-f705385fdd1a",
        "bForceLoad" : false
      },
      {
        "strName" : "ItmConduit01",
        "fX"      : -2.0,
        "fY"      : 5.0,
        "fRotation" : 0.0,
        "strID"     : "6b2d9952-6517-4e62-8e27-4cf91d491942",
        "bForceLoad" : false
      },
      {
        "strName" : "ItmConduit01",
        "fX"      : -2.0,
        "fY"      : 6.0,
        "fRotation" : 0.0,
        "strID"     : "e80625f7-69a4-4f9e-ac48-f75e32d42273",
        "bForceLoad" : false
      },
      {
        "strName" : "ItmConduit01",
        "fX"      : -2.0,
        "fY"      : 7.0,
        "fRotation" : 0.0,
        "strID"     : "1b5a04cc-db49-4bb3-a37c-44535b65eaba",
        "bForceLoad" : false
      },
      {
        "strName" : "ItmConduit01",
        "fX"      : -5.0,
        "fY"      : 0.0,
        "fRotation" : 0.0,
        "strID"     : "617f7b92-9f7c-4adc-ae8c-c366a8893283",
        "bForceLoad" : false
      },
      {
        "strName" : "ItmConduit01",
        "fX"      : -3.0,
        "fY"      : 8.0,
        "fRotation" : 0.0,
        "strID"     : "450cda62-a295-4d02-bba8-d064142685c2",
        "bForceLoad" : false
      },
      {
        "strName" : "ItmConduit01",
        "fX"      : -3.0,
        "fY"      : 9.0,
        "fRotation" : 0.0,
        "strID"     : "4af890c7-74f4-4e64-a998-b139a910ba31",
        "bForceLoad" : false
      },
      {
        "strName" : "ItmConduit01",
        "fX"      : -3.0,
        "fY"      : 10.0,
        "fRotation" : 0.0,
        "strID"     : "f89b7b9f-d82a-4b2f-bae3-d38c6197e9b0",
        "bForceLoad" : false
      },
      {
        "strName" : "ItmConduit01",
        "fX"      : -3.0,
        "fY"      : 11.0,
        "fRotation" : 0.0,
        "strID"     : "21e87d8b-f4ea-4e31-bd36-e2ee1373a33d",
        "bForceLoad" : false
      },
      {
        "strName" : "ItmConduit01",
        "fX"      : -3.0,
        "fY"      : 12.0,
        "fRotation" : 0.0,
        "strID"     : "a1c47680-18c8-42ab-92a4-ab2db621ff91",
        "bForceLoad" : false
      },
      {
        "strName" : "ItmConduit01",
        "fX"      : -3.0,
        "fY"      : 13.0,
        "fRotation" : 0.0,
        "strID"     : "b8942386-ee7e-4e92-8687-a3f7628bd044",
        "bForceLoad" : false
      },
      {
        "strName" : "ItmConduit01",
        "fX"      : -3.0,
        "fY"      : 14.0,
        "fRotation" : 0.0,
        "strID"     : "96116853-7a8a-43f4-b57b-678e4fbcd858",
        "bForceLoad" : false
      },
      {
        "strName" : "ItmConduit01",
        "fX"      : -3.0,
        "fY"      : 15.0,
        "fRotation" : 0.0,
        "strID"     : "adfd0c74-3105-40b1-a0d2-9df7f15a2e6e",
        "bForceLoad" : false
      },
      {
        "strName" : "ItmConduit01",
        "fX"      : -3.0,
        "fY"      : 16.0,
        "fRotation" : 0.0,
        "strID"     : "5b4f59c0-2077-46e9-bd7c-181b2ad5be78",
        "bForceLoad" : false
      },
      {
        "strName" : "ItmConduit01",
        "fX"      : -3.0,
        "fY"      : 17.0,
        "fRotation" : 0.0,
        "strID"     : "52fa619f-4734-4480-bad8-9146a6d1d674",
        "bForceLoad" : false
      },
      {
        "strName" : "ItmConduit01",
        "fX"      : -3.0,
        "fY"      : 19.0,
        "fRotation" : 0.0,
        "strID"     : "0219655c-8f80-4e94-8c23-dc021bf9638c",
        "bForceLoad" : false
      },
      {
        "strName" : "ItmConduit01",
        "fX"      : -3.0,
        "fY"      : 20.0,
        "fRotation" : 0.0,
        "strID"     : "bfaa2f45-6945-41a0-b88b-833a6b3a47e6",
        "bForceLoad" : false
      },
      {
        "strName" : "ItmConduit01",
        "fX"      : -3.0,
        "fY"      : 21.0,
        "fRotation" : 0.0,
        "strID"     : "5774e30a-6cb5-45df-9bfb-377606f2aee0",
        "bForceLoad" : false
      },
      {
        "strName" : "ItmConduit01",
        "fX"      : -3.0,
        "fY"      : 22.0,
        "fRotation" : 0.0,
        "strID"     : "40f7d059-4d37-42e3-a81a-1a31293083a6",
        "bForceLoad" : false
      },
      {
        "strName" : "ItmConduit01",
        "fX"      : -3.0,
        "fY"      : 23.0,
        "fRotation" : 0.0,
        "strID"     : "3f4d3f2c-3f6b-4b3c-b6f0-27d746e6200a",
        "bForceLoad" : false
      },
      {
        "strName" : "ItmConduit01",
        "fX"      : -3.0,
        "fY"      : 24.0,
        "fRotation" : 0.0,
        "strID"     : "1204de54-7caa-4100-8ce4-2321725d0186",
        "bForceLoad" : false
      },
      {
        "strName" : "ItmConduit01",
        "fX"      : -7.0,
        "fY"      : 24.0,
        "fRotation" : 0.0,
        "strID"     : "56d0fe89-e9fe-4b80-b78a-9cd65e56a1cc",
        "bForceLoad" : false
      },
      {
        "strName" : "ItmConduit01",
        "fX"      : -7.0,
        "fY"      : 23.0,
        "fRotation" : 0.0,
        "strID"     : "ee589e2e-7f1c-4348-b085-17ff7e1bf938",
        "bForceLoad" : false
      },
      {
        "strName" : "ItmConduit01",
        "fX"      : -7.0,
        "fY"      : 22.0,
        "fRotation" : 0.0,
        "strID"     : "56d08df8-4443-4d6c-b181-8edceddb78d7",
        "bForceLoad" : false
      },
      {
        "strName" : "ItmConduit01",
        "fX"      : -7.0,
        "fY"      : 21.0,
        "fRotation" : 0.0,
        "strID"     : "e595d31f-2eb3-480e-8f52-b11b6d180f46",
        "bForceLoad" : false
      },
      {
        "strName" : "ItmConduit01",
        "fX"      : -7.0,
        "fY"      : 20.0,
        "fRotation" : 0.0,
        "strID"     : "d5c7f89b-921a-4964-a582-21676f13e125",
        "bForceLoad" : false
      },
      {
        "strName" : "ItmConduit01",
        "fX"      : -7.0,
        "fY"      : 19.0,
        "fRotation" : 0.0,
        "strID"     : "bed69d5f-d8c9-4d47-83e5-47a21e4e97c4",
        "bForceLoad" : false
      },
      {
        "strName" : "ItmConduit01",
        "fX"      : -7.0,
        "fY"      : 18.0,
        "fRotation" : 0.0,
        "strID"     : "f0dd6a6f-9cf4-4fa6-87d1-f39001d77569",
        "bForceLoad" : false
      },
      {
        "strName" : "ItmConduit01",
        "fX"      : -7.0,
        "fY"      : 17.0,
        "fRotation" : 0.0,
        "strID"     : "4eaaac56-fa18-4988-91a1-32cd2f4687c3",
        "bForceLoad" : false
      },
      {
        "strName" : "ItmConduit01",
        "fX"      : -7.0,
        "fY"      : 16.0,
        "fRotation" : 0.0,
        "strID"     : "833c0cb2-8977-4115-a7d7-237a9ee7f615",
        "bForceLoad" : false
      },
      {
        "strName" : "ItmConduit01",
        "fX"      : -7.0,
        "fY"      : 15.0,
        "fRotation" : 0.0,
        "strID"     : "69663bff-3a24-4af4-8a94-618c9ff0a5bd",
        "bForceLoad" : false
      },
      {
        "strName" : "ItmConduit01",
        "fX"      : -7.0,
        "fY"      : 14.0,
        "fRotation" : 0.0,
        "strID"     : "a9fde9b7-5cd3-4a6d-abe4-10682d9b2f64",
        "bForceLoad" : false
      },
      {
        "strName" : "ItmConduit01",
        "fX"      : -7.0,
        "fY"      : 13.0,
        "fRotation" : 0.0,
        "strID"     : "edef880a-64f1-4862-9ce4-ba19a047b829",
        "bForceLoad" : false
      },
      {
        "strName" : "ItmConduit01",
        "fX"      : -7.0,
        "fY"      : 12.0,
        "fRotation" : 0.0,
        "strID"     : "974a54a5-724b-485a-a4a3-a462e0d34c76",
        "bForceLoad" : false
      },
      {
        "strName" : "ItmConduit01",
        "fX"      : -7.0,
        "fY"      : 11.0,
        "fRotation" : 0.0,
        "strID"     : "491f3698-b7c2-47f3-8136-98186497aa48",
        "bForceLoad" : false
      },
      {
        "strName" : "ItmConduit01",
        "fX"      : -7.0,
        "fY"      : 10.0,
        "fRotation" : 0.0,
        "strID"     : "6143f000-ad68-4195-b798-ffd9ef4f3195",
        "bForceLoad" : false
      },
      {
        "strName" : "ItmConduit01",
        "fX"      : -7.0,
        "fY"      : 9.0,
        "fRotation" : 0.0,
        "strID"     : "4e204a98-8690-462f-8087-2ba49592e618",
        "bForceLoad" : false
      },
      {
        "strName" : "ItmConduit01",
        "fX"      : -7.0,
        "fY"      : 8.0,
        "fRotation" : 0.0,
        "strID"     : "74961f0c-8c3f-47db-b452-32838e8cc26b",
        "bForceLoad" : false
      },
      {
        "strName" : "ItmConduit01",
        "fX"      : -4.0,
        "fY"      : -1.0,
        "fRotation" : 0.0,
        "strID"     : "d6b3e80c-1f6b-425c-b076-39c2e4298798",
        "bForceLoad" : false
      },
      {
        "strName" : "ItmConduit01",
        "fX"      : -8.0,
        "fY"      : 7.0,
        "fRotation" : 0.0,
        "strID"     : "1080f331-1434-4387-a936-233f40aef043",
        "bForceLoad" : false
      },
      {
        "strName" : "ItmConduit01",
        "fX"      : -8.0,
        "fY"      : 6.0,
        "fRotation" : 0.0,
        "strID"     : "695a8917-7937-487d-862c-f92a8857679e",
        "bForceLoad" : false
      },
      {
        "strName" : "ItmConduit01",
        "fX"      : -8.0,
        "fY"      : 5.0,
        "fRotation" : 0.0,
        "strID"     : "7fbf87fc-69a8-499b-bd45-22a3e6d56f0a",
        "bForceLoad" : false
      },
      {
        "strName" : "ItmConduit01",
        "fX"      : -5.0,
        "fY"      : 7.0,
        "fRotation" : 0.0,
        "strID"     : "c83e399d-dfd1-4f0d-94e1-edddb0a7a1f5",
        "bForceLoad" : false
      },
      {
        "strName" : "ItmConduit01",
        "fX"      : -5.0,
        "fY"      : 8.0,
        "fRotation" : 0.0,
        "strID"     : "f5cac02d-44c2-4081-a79b-49f16c230249",
        "bForceLoad" : false
      },
      {
        "strName" : "ItmLitWall1x0Orange",
        "fX"      : -9.0,
        "fY"      : 3.0,
        "fRotation" : 270.0,
        "strID"     : "cd2362e0-f1eb-41bc-b512-12df02a94ad6",
        "bForceLoad" : false
      },
      {
        "strName" : "ItmConduit01",
        "fX"      : -4.0,
        "fY"      : 8.0,
        "fRotation" : 0.0,
        "strID"     : "95fcd328-fca7-4b5a-9cdc-49173935fbd9",
        "bForceLoad" : false
      },
      {
        "strName" : "ItmConduit01",
        "fX"      : -6.0,
        "fY"      : 8.0,
        "fRotation" : 0.0,
        "strID"     : "acc7b14e-9196-45aa-a6a0-6e2bb46002ac",
        "bForceLoad" : false
      },
      {
        "strName" : "ItmSwitch01On",
        "fX"      : -5.0,
        "fY"      : 13.0,
        "fRotation" : 0.0,
        "strID"     : "7c69d100-745b-430a-aa48-ce4ee85af1b2",
        "bForceLoad" : false
      },
      {
        "strName" : "ItmConduit01",
        "fX"      : -5.0,
        "fY"      : 1.0,
        "fRotation" : 0.0,
        "strID"     : "3c4ead2f-0b40-4e4a-b681-bd2eb9d805e5",
        "bForceLoad" : false
      },
      {
        "strName" : "ItmSwitch01On",
        "fX"      : -8.0,
        "fY"      : 4.0,
        "fRotation" : 90.0,
        "strID"     : "15187ba4-a2f2-44c0-9cef-cc47389b97fd",
        "bForceLoad" : false
      },
      {
        "strName" : "ItmSwitch01On",
        "fX"      : -2.0,
        "fY"      : 4.0,
        "fRotation" : 270.0,
        "strID"     : "36d7a5df-6ede-4b80-a7b2-6c1f3496723c",
        "bForceLoad" : false
      },
      {
        "strName" : "ItmSwitch01On",
        "fX"      : -3.0,
        "fY"      : 7.0,
        "fRotation" : 270.0,
        "strID"     : "77907058-0d4b-4e5d-be96-1ce721b17477",
        "bForceLoad" : false
      },
      {
        "strName" : "ItmSwitch01On",
        "fX"      : -7.0,
        "fY"      : 7.0,
        "fRotation" : 90.0,
        "strID"     : "c67c20be-2d63-448c-84f2-229cf9b14417",
        "bForceLoad" : false
      },
      {
        "strName" : "ItmAlarmTempOnW",
        "fX"      : -4.0,
        "fY"      : 11.0,
        "fRotation" : 270.0,
        "strID"     : "ec7d9389-1afa-49f0-81b8-8e2cddef7954",
        "bForceLoad" : false,
        "aGPMSettings" : [
          {
            "strName" : "Panel A",
            "dictGUIPropMap" : [
              "strGUIPrefab",
              "GUIOnOff",
              "strFriendlyName",
              "Alarm",
              "strGUIPrefabRight",
              null,
              "strGUIPrefabLeft",
              null,
              "strGUIPrefabUp",
              null,
              "strGUIPrefabDown",
              null,
              "strTitle",
              "Alarm Override"
            ]
          }
        ]
      },
      {
        "strName" : "ItmConduit01",
        "fX"      : -9.0,
        "fY"      : 2.0,
        "fRotation" : 0.0,
        "strID"     : "b2f524f7-3800-4b60-89d3-d5f3f0280f2a",
        "bForceLoad" : false
      },
      {
        "strName" : "ItmConduit01",
        "fX"      : -10.0,
        "fY"      : 2.0,
        "fRotation" : 0.0,
        "strID"     : "0aa06ed6-b28d-4c3d-9775-e0299e111d1b",
        "bForceLoad" : false
      },
      {
        "strName" : "ItmRTAN2",
        "fX"      : -4.0,
        "fY"      : 13.0,
        "fRotation" : 0.0,
        "strID"     : "8bfd5f4c-976a-4bef-9cd0-177af3bed70e",
        "bForceLoad" : false
      },
      {
        "strName" : "ItmRTAN2",
        "fX"      : -6.0,
        "fY"      : 13.0,
        "fRotation" : 0.0,
        "strID"     : "ddead785-0a71-44d6-91a6-ebb8cbf4c4d4",
        "bForceLoad" : false
      },
      {
        "strName" : "ItmFloorMSSOW05",
        "fX"      : -7.0,
        "fY"      : 14.0,
        "fRotation" : 180.0,
        "strID"     : "b4abfd62-24a6-451f-8944-e6d24de10710",
        "bForceLoad" : false
      },
      {
        "strName" : "ItmFloorMSSOW05",
        "fX"      : -3.0,
        "fY"      : 14.0,
        "fRotation" : 270.0,
        "strID"     : "03f030e9-df9b-4360-bab4-12153baa9c7c",
        "bForceLoad" : false
      },
      {
        "strName" : "ItmConduit01",
        "fX"      : -3.0,
        "fY"      : 18.0,
        "fRotation" : 0.0,
        "strID"     : "bb6d977b-333d-41d6-8413-13c5845a675f",
        "bForceLoad" : false
      },
      {
        "strName" : "Compartment",
        "fX"      : -11.0,
        "fY"      : 25.0,
        "fRotation" : 0.0,
        "strID"     : "ba22a012-d4a3-43b2-93fa-fd7a2015b678",
        "bForceLoad" : false
      },
      {
        "strName" : "Compartment",
        "fX"      : -6.0,
        "fY"      : 13.0,
        "fRotation" : 0.0,
        "strID"     : "3a74b9f4-907e-4fe4-b72b-3c1611f975d4",
        "bForceLoad" : false
      }
    ],
    "aShallowPSpecs"   : [
      {
        "strName" : "SysLootSpawner",
        "fX"      : -5.0,
        "fY"      : 8.0,
        "fRotation" : 0.0,
        "strID"     : "2cb425a3-0840-47b8-a734-af0bb8754934",
        "bForceLoad" : false,
        "aGPMSettings" : [
          {
            "strName" : "Panel A",
            "dictGUIPropMap" : [
              "strGUIPrefab",
              "GUILootSpawn",
              "strFriendlyName",
              "Loot Spawner",
              "strGUIPrefabRight",
              null,
              "strGUIPrefabLeft",
              null,
              "strGUIPrefabUp",
              null,
              "strGUIPrefabDown",
              null,
              "strType",
              "Pspec",
              "strLoot",
              "NotBoarding",
              "strRange",
              "1",
              "strCount",
              "0",
              "strNew",
              "True",
              "strDamaged",
              "True",
              "strDerelict",
              "True"
            ]
          }
        ]
      },
      {
        "strName" : "SysLootSpawner",
        "fX"      : -5.0,
        "fY"      : -2.0,
        "fRotation" : 0.0,
        "strID"     : "85135f52-3d28-4791-9051-4ed932e87952",
        "bForceLoad" : false,
        "aGPMSettings" : [
          {
            "strName" : "Panel A",
            "dictGUIPropMap" : [
              "strGUIPrefab",
              "GUILootSpawn",
              "strFriendlyName",
              "Loot Spawner",
              "strGUIPrefabRight",
              null,
              "strGUIPrefabLeft",
              null,
              "strGUIPrefabUp",
              null,
              "strGUIPrefabDown",
              null,
              "strType",
              "Pspec",
              "strLoot",
              "Boarding",
              "strRange",
              "0",
              "strCount",
              "0",
              "strNew",
              "True",
              "strDamaged",
              "True",
              "strDerelict",
              "True"
            ]
          }
        ]
      },
      {
        "strName" : "SysLootSpawner",
        "fX"      : -5.0,
        "fY"      : 4.0,
        "fRotation" : 0.0,
        "strID"     : "0845954d-eced-4390-9967-a786c112e943",
        "bForceLoad" : false,
        "aGPMSettings" : [
          {
            "strName" : "Panel A",
            "dictGUIPropMap" : [
              "strGUIPrefab",
              "GUILootSpawn",
              "strFriendlyName",
              "Loot Spawner",
              "strGUIPrefabRight",
              null,
              "strGUIPrefabLeft",
              null,
              "strGUIPrefabUp",
              null,
              "strGUIPrefabDown",
              null,
              "strType",
              "Pspec",
              "strLoot",
              "PlayerCrew",
              "strRange",
              "0",
              "strCount",
              "0",
              "strNew",
              "True",
              "strDamaged",
              "True",
              "strDerelict",
              "True"
            ]
          }
        ]
      }
    ],
    "vShipPos"         : {
      "x" : -5.0,
      "y" : 8.0
    },
    "objSS"            : {
      "boPORShip" : "1036 Ganymed",
      "vPosx"     : 0.947505113481528,
      "vPosy"     : -1.56720580158353,
      "vBOOffsetx" : -5.94491583183476E-07,
      "vBOOffsety" : 4.6539735132356E-07,
      "vVelX"      : 1.68144571821571E-07,
      "vVelY"      : 1.20195429165193E-08,
      "vAccIn"     : {
        "x" : 0.0,
        "y" : 0.0
      },
      "vAccRCS"    : {
        "x" : 0.0,
        "y" : 0.0
      },
      "vAccEx"     : {
        "x" : 0.0,
        "y" : 0.0
      },
      "fRot"       : 4.311432,
      "fW"         : 0.0,
      "fA"         : 0.0,
      "bBOLocked"  : true,
      "bIsBO"      : false,
      "bIsRegion"  : false,
      "bIsNoFees"  : false
    },
    "aRooms"           : [
      {
        "strID" : "ba22a012-d4a3-43b2-93fa-fd7a2015b678",
        "bVoid" : true,
        "aTiles" : [
          0,
          1,
          13,
          2,
          14,
          26,
          3,
          15,
          27,
          39,
          4,
          16,
          28,
          40,
          52,
          5,
          29,
          41,
          53,
          65,
          6,
          18,
          30,
          42,
          54,
          66,
          78,
          7,
          19,
          31,
          43,
          55,
          67,
          79,
          91,
          8,
          20,
          32,
          44,
          68,
          80,
          92,
          104,
          9,
          33,
          45,
          57,
          81,
          93,
          105,
          117,
          10,
          22,
          34,
          46,
          58,
          70,
          94,
          106,
          118,
          130,
          11,
          23,
          35,
          47,
          59,
          71,
          83,
          107,
          119,
          131,
          143,
          12,
          24,
          36,
          48,
          72,
          84,
          96,
          120,
          132,
          144,
          156,
          25,
          37,
          49,
          61,
          85,
          97,
          109,
          133,
          145,
          157,
          169,
          38,
          50,
          62,
          74,
          98,
          110,
          122,
          146,
          158,
          170,
          182,
          51,
          63,
          75,
          87,
          111,
          123,
          135,
          159,
          171,
          183,
          195,
          64,
          76,
          88,
          100,
          124,
          136,
          172,
          184,
          196,
          208,
          77,
          89,
          101,
          113,
          137,
          185,
          197,
          209,
          221,
          90,
          102,
          114,
          126,
          198,
          210,
          222,
          234,
          103,
          115,
          127,
          139,
          211,
          223,
          235,
          247,
          116,
          128,
          140,
          152,
          224,
          236,
          248,
          260,
          129,
          141,
          153,
          165,
          249,
          261,
          273,
          142,
          154,
          166,
          178,
          262,
          286,
          155,
          167,
          179,
          191,
          275,
          287,
          299,
          168,
          180,
          192,
          204,
          288,
          312,
          181,
          193,
          205,
          217,
          301,
          313,
          325,
          194,
          206,
          218,
          230,
          314,
          326,
          338,
          207,
          219,
          231,
          327,
          339,
          351,
          220,
          232,
          244,
          340,
          352,
          364,
          233,
          245,
          257,
          353,
          365,
          246,
          258,
          270,
          354,
          366,
          259,
          271,
          283,
          367,
          272,
          296,
          285,
          297,
          309,
          298,
          322,
          311,
          323,
          335,
          324,
          336,
          348,
          337,
          349,
          361,
          350,
          362,
          360,
          374,
          363,
          375,
          373,
          376
        ]
      },
      {
        "strID" : "3a74b9f4-907e-4fe4-b72b-3c1611f975d4",
        "bVoid" : false,
        "aTiles" : [
          161,
          162,
          174,
          163,
          175,
          187,
          176,
          188,
          200,
          189,
          201,
          213,
          202,
          214,
          226,
          215,
          227,
          239,
          228,
          240,
          252,
          241,
          253,
          251,
          265,
          254,
          266,
          264,
          278,
          255,
          267,
          279,
          277,
          291,
          268,
          280,
          292,
          290,
          304,
          281,
          293,
          305,
          303,
          317,
          294,
          306,
          318,
          316,
          330,
          307,
          319,
          331,
          329,
          343,
          320,
          332,
          344,
          356,
          333,
          345,
          357,
          358,
          370
        ]
      }
    ],
    "DMGStatus"        : 2,
    "fLastVisit"       : 0.0,
    "fAIDockingTimer"  : 0.0,
    "fAIPauseTimer"    : 0.0,
    "bPrefill"         : true,
    "bNoCollisions"    : false,
    "dLastScanTime"    : 0.0,
    "bLocalAuthority"  : false,
    "bAIShip"          : false,
    "make"             : "Custom",
    "model"            : "Whistler",
    "year"             : "2071",
    "origin"           : "K-Leg",
    "designation"      : "n/a",
    "publicName"       : "Cowboy Diamond",
    "dimensions"       : "0.32m x 3.52m",
    "fShallowMass"     : 3534.0,
    "fShallowRCSRemass" : 1123.8695946,
    "fShallowRCSRemassMax" : 1124.04704207288,
    "fShallowFusionRemain" : 0.0,
    "fBreakInMultiplier"   : 0.3710602,
    "nRCSCount"            : 14,
    "nRCSDistroCount"      : 1,
    "nDockCount"           : 1,
    "bFusionTorch"         : false
  }
]