
[
  {
    "strName" : "TankerPod He-3",
    "strRegID" : "H-WC8",
    "nCurrentWaypoint" : -1,
    "fTimeEngaged"     : 5655.655,
    "aCOs"             : [
      {
        "strID" : "acdd8a73-9a2b-46ad-88b2-377871779884",
        "strCODef" : "SysLootSpawner",
        "bAlive"   : true,
        "aConds"   : [
          "IsNonHighlightable=1.0x1",
          "IsHiddenInv=1.0x1",
          "IsLootSpawner=1.0x1",
          "IsSystem=1.0x1"
        ],
        "strCondID" : "SysLootSpawneracdd8a73-9a2b-46ad-88b2-377871779884",
        "inventoryX" : 0,
        "inventoryY" : 0,
        "fDGasTemp"  : 0.0,
        "fLastICOUpdate" : 65627498854.0278,
        "nDestTile"      : 0,
        "strIdleAnim"    : "Idle",
        "aMyShips"       : [
          "H-WC8"
        ],
        "strIMGPreview"  : "IcoLoot",
        "strFriendlyName" : "SysLootSpawner",
        "strRegIDLast"    : "H-WC8"
      },
      {
        "strID" : "6c75fbe2-d3f7-4be1-b345-5818bfca7aff",
        "strCODef" : "SysLootSpawner",
        "bAlive"   : true,
        "aConds"   : [
          "IsNonHighlightable=1.0x1",
          "IsHiddenInv=1.0x1",
          "IsLootSpawner=1.0x1",
          "IsSystem=1.0x1"
        ],
        "strCondID" : "SysLootSpawner6c75fbe2-d3f7-4be1-b345-5818bfca7aff",
        "inventoryX" : 0,
        "inventoryY" : 0,
        "fDGasTemp"  : 0.0,
        "fLastICOUpdate" : 65627498854.0278,
        "nDestTile"      : 0,
        "strIdleAnim"    : "Idle",
        "aMyShips"       : [
          "H-WC8"
        ],
        "strIMGPreview"  : "IcoLoot",
        "strFriendlyName" : "SysLootSpawner",
        "strRegIDLast"    : "H-WC8"
      }
    ],
    "aItems"           : [
      {
        "strName" : "ItmFloorRYOF01",
        "fX"      : 49.0,
        "fY"      : 0.0,
        "fRotation" : 0.0,
        "strID"     : "e1c013a8-da07-4419-be4c-5b032f8c3956",
        "bForceLoad" : false
      },
      {
        "strName" : "ItmDockSys02Closed",
        "fX"      : 49.0,
        "fY"      : -11.5,
        "fRotation" : 180.0,
        "strID"     : "68b77a76-9300-4362-bfcc-499f24e20def",
        "bForceLoad" : false
      },
      {
        "strName" : "ItmWallRYOB01",
        "fX"      : 52.0,
        "fY"      : -9.0,
        "fRotation" : 0.0,
        "strID"     : "8ce86ab2-200d-45a3-b159-838d55481c4f",
        "bForceLoad" : false
      },
      {
        "strName" : "ItmWallRYOB01",
        "fX"      : 52.0,
        "fY"      : -8.0,
        "fRotation" : 0.0,
        "strID"     : "51a5288c-8d67-417b-b185-5b8fdce19aa8",
        "bForceLoad" : false
      },
      {
        "strName" : "ItmWallRYOB01",
        "fX"      : 52.0,
        "fY"      : -7.0,
        "fRotation" : 0.0,
        "strID"     : "75b0d217-198a-483e-837f-9977dd5f0178",
        "bForceLoad" : false
      },
      {
        "strName" : "ItmWallRYOB01",
        "fX"      : 52.0,
        "fY"      : -6.0,
        "fRotation" : 0.0,
        "strID"     : "47041a43-86e2-423e-b7d8-d32b9537d287",
        "bForceLoad" : false
      },
      {
        "strName" : "ItmWallRYOB01",
        "fX"      : 52.0,
        "fY"      : -5.0,
        "fRotation" : 0.0,
        "strID"     : "95f0006d-6959-4cd2-a6c5-0102941f35b3",
        "bForceLoad" : false
      },
      {
        "strName" : "ItmFloorRYOF01",
        "fX"      : 49.0,
        "fY"      : 1.0,
        "fRotation" : 0.0,
        "strID"     : "506d2812-dd3c-443d-949e-eb38864f6231",
        "bForceLoad" : false
      },
      {
        "strName" : "ItmFloorRYOF01",
        "fX"      : 46.0,
        "fY"      : -1.0,
        "fRotation" : 0.0,
        "strID"     : "a7e91247-308d-44e0-bd90-ce157f614f0d",
        "bForceLoad" : false
      },
      {
        "strName" : "ItmFloorRYOF01",
        "fX"      : 50.0,
        "fY"      : 1.0,
        "fRotation" : 0.0,
        "strID"     : "3f4bc0e5-9ca2-4b1b-83b1-652d9634a8c2",
        "bForceLoad" : false
      },
      {
        "strName" : "ItmFloorRYOF01",
        "fX"      : 46.0,
        "fY"      : 1.0,
        "fRotation" : 0.0,
        "strID"     : "cd761277-a459-4eec-a7ec-945975369057",
        "bForceLoad" : false
      },
      {
        "strName" : "ItmFloorRYOF01",
        "fX"      : 47.0,
        "fY"      : -3.0,
        "fRotation" : 0.0,
        "strID"     : "0174d921-39de-4731-8bc1-ed81dd21a3bd",
        "bForceLoad" : false
      },
      {
        "strName" : "ItmFloorRYOF01",
        "fX"      : 48.0,
        "fY"      : -3.0,
        "fRotation" : 0.0,
        "strID"     : "66cc6bfc-d6b6-4eed-9341-da45cce07a86",
        "bForceLoad" : false
      },
      {
        "strName" : "ItmWallRYOB01",
        "fX"      : 53.0,
        "fY"      : -5.0,
        "fRotation" : 0.0,
        "strID"     : "de4648aa-3427-4908-80d5-ed42ee89187c",
        "bForceLoad" : false
      },
      {
        "strName" : "ItmFloorRYOF01",
        "fX"      : 48.0,
        "fY"      : 3.0,
        "fRotation" : 0.0,
        "strID"     : "4ed4b3cd-f88d-45d7-a67a-e81749ca869a",
        "bForceLoad" : false
      },
      {
        "strName" : "ItmWallRYOB01",
        "fX"      : 53.0,
        "fY"      : -4.0,
        "fRotation" : 0.0,
        "strID"     : "8bc96701-0bb3-4535-9979-fe8833422e2e",
        "bForceLoad" : false
      },
      {
        "strName" : "ItmWallRYOB01",
        "fX"      : 53.0,
        "fY"      : -3.0,
        "fRotation" : 0.0,
        "strID"     : "72d997db-9f56-40c3-8919-f29acb5ab21d",
        "bForceLoad" : false
      },
      {
        "strName" : "ItmFloorRYOF01",
        "fX"      : 50.0,
        "fY"      : 0.0,
        "fRotation" : 0.0,
        "strID"     : "b20a5098-c7ff-4629-9aa9-270a4ce721ca",
        "bForceLoad" : false
      },
      {
        "strName" : "ItmFloorRYOF01",
        "fX"      : 50.0,
        "fY"      : -1.0,
        "fRotation" : 0.0,
        "strID"     : "18ee3b60-307c-4e3c-a4e7-fbe33ff833a1",
        "bForceLoad" : false
      },
      {
        "strName" : "ItmWallRYOB01",
        "fX"      : 54.0,
        "fY"      : -3.0,
        "fRotation" : 0.0,
        "strID"     : "ef5226d3-2fd5-481f-9070-5d88f85902d2",
        "bForceLoad" : false
      },
      {
        "strName" : "ItmWallRYOB01",
        "fX"      : 54.0,
        "fY"      : -2.0,
        "fRotation" : 0.0,
        "strID"     : "8e701cf5-2b18-42b4-aaf4-0ee4a0944a3f",
        "bForceLoad" : false
      },
      {
        "strName" : "ItmWallRYOB01",
        "fX"      : 54.0,
        "fY"      : -1.0,
        "fRotation" : 0.0,
        "strID"     : "c3f62bf4-9734-41cf-a15a-62a3f1eaccba",
        "bForceLoad" : false
      },
      {
        "strName" : "ItmWallRYOB01",
        "fX"      : 54.0,
        "fY"      : 0.0,
        "fRotation" : 0.0,
        "strID"     : "b9aa6edc-b548-4431-b9ad-4a06110cbedd",
        "bForceLoad" : false
      },
      {
        "strName" : "ItmWallRYOB01",
        "fX"      : 53.0,
        "fY"      : 0.0,
        "fRotation" : 0.0,
        "strID"     : "6e744eed-7a96-4a7c-822f-8532247c917f",
        "bForceLoad" : false
      },
      {
        "strName" : "ItmFloorRYOF01",
        "fX"      : 49.0,
        "fY"      : -1.0,
        "fRotation" : 0.0,
        "strID"     : "326a107d-3761-4b78-a549-c7e6499a0d39",
        "bForceLoad" : false
      },
      {
        "strName" : "ItmFloorRYOF01",
        "fX"      : 48.0,
        "fY"      : -1.0,
        "fRotation" : 0.0,
        "strID"     : "b83014a3-6613-4659-bf61-05d2907e451b",
        "bForceLoad" : false
      },
      {
        "strName" : "ItmFloorRYOF01",
        "fX"      : 46.0,
        "fY"      : 0.0,
        "fRotation" : 0.0,
        "strID"     : "7b8e4fdd-38fa-464c-ba6d-87f162e8e995",
        "bForceLoad" : false
      },
      {
        "strName" : "ItmFloorRYOF01",
        "fX"      : 48.0,
        "fY"      : 0.0,
        "fRotation" : 0.0,
        "strID"     : "802032b6-71ca-48f4-8273-175993dc4402",
        "bForceLoad" : false
      },
      {
        "strName" : "ItmFloorRYOF01",
        "fX"      : 48.0,
        "fY"      : 1.0,
        "fRotation" : 0.0,
        "strID"     : "b3c14b46-1a3f-47f7-87d3-beb1fbd2a541",
        "bForceLoad" : false
      },
      {
        "strName" : "ItmFloorRYOF01",
        "fX"      : 49.0,
        "fY"      : -3.0,
        "fRotation" : 0.0,
        "strID"     : "918cd74e-a0f3-4a5d-b014-5576aac9a1c9",
        "bForceLoad" : false
      },
      {
        "strName" : "ItmFloorRYOF04",
        "fX"      : 48.0,
        "fY"      : -2.0,
        "fRotation" : 90.0,
        "strID"     : "b0fc0d46-b565-431f-a458-144a96d7fe67",
        "bForceLoad" : false
      },
      {
        "strName" : "ItmFloorRYOF04",
        "fX"      : 49.0,
        "fY"      : -2.0,
        "fRotation" : 90.0,
        "strID"     : "106bc2bd-0fe8-43cc-9f28-fc718b6a6377",
        "bForceLoad" : false
      },
      {
        "strName" : "ItmFloorRYOF04",
        "fX"      : 50.0,
        "fY"      : -2.0,
        "fRotation" : 90.0,
        "strID"     : "98a80311-07b3-4c66-8fda-d7c175dcac61",
        "bForceLoad" : false
      },
      {
        "strName" : "ItmWallRYOB01",
        "fX"      : 54.0,
        "fY"      : 1.0,
        "fRotation" : 0.0,
        "strID"     : "d378031c-c22f-4ef3-b69b-d543a78a4cb5",
        "bForceLoad" : false
      },
      {
        "strName" : "ItmWallRYOB01",
        "fX"      : 54.0,
        "fY"      : 2.0,
        "fRotation" : 0.0,
        "strID"     : "3a289e04-bf62-441e-b0e2-c7ba50251b0b",
        "bForceLoad" : false
      },
      {
        "strName" : "ItmWallRYOB01",
        "fX"      : 54.0,
        "fY"      : 3.0,
        "fRotation" : 0.0,
        "strID"     : "279dac8b-0260-4029-a9de-f4533de461df",
        "bForceLoad" : false
      },
      {
        "strName" : "ItmWallRYOB01",
        "fX"      : 53.0,
        "fY"      : 3.0,
        "fRotation" : 0.0,
        "strID"     : "251c8d00-ad58-4179-aefd-ada682dc117d",
        "bForceLoad" : false
      },
      {
        "strName" : "ItmFloorRYOF04",
        "fX"      : 51.0,
        "fY"      : -1.0,
        "fRotation" : 180.0,
        "strID"     : "23ad8772-2dff-43b3-9e47-1d3444218299",
        "bForceLoad" : false
      },
      {
        "strName" : "ItmFloorRYOF04",
        "fX"      : 51.0,
        "fY"      : 0.0,
        "fRotation" : 180.0,
        "strID"     : "f4291151-70f9-4931-a154-c843892ec328",
        "bForceLoad" : false
      },
      {
        "strName" : "ItmWallRYOB01",
        "fX"      : 46.0,
        "fY"      : -10.0,
        "fRotation" : 0.0,
        "strID"     : "a4d65615-b5b1-4096-814e-6eeb72297f02",
        "bForceLoad" : false
      },
      {
        "strName" : "ItmWallRYOB01",
        "fX"      : 46.0,
        "fY"      : 6.0,
        "fRotation" : 0.0,
        "strID"     : "4c1ebce0-9ad3-48e4-9300-5a05f868bc7b",
        "bForceLoad" : false
      },
      {
        "strName" : "ItmWallRYOB01",
        "fX"      : 46.0,
        "fY"      : 7.0,
        "fRotation" : 0.0,
        "strID"     : "89b23792-dcc8-4cf4-acf0-2899fa53a3eb",
        "bForceLoad" : false
      },
      {
        "strName" : "ItmWallRYOB01",
        "fX"      : 47.0,
        "fY"      : 7.0,
        "fRotation" : 0.0,
        "strID"     : "3ee51bff-2bb3-4dc4-919d-43b32093f89a",
        "bForceLoad" : false
      },
      {
        "strName" : "ItmWallRYOB01",
        "fX"      : 52.0,
        "fY"      : 5.0,
        "fRotation" : 0.0,
        "strID"     : "a4464a98-af1d-480e-a650-a2450d855199",
        "bForceLoad" : false
      },
      {
        "strName" : "ItmWallRYOB01",
        "fX"      : 53.0,
        "fY"      : 5.0,
        "fRotation" : 0.0,
        "strID"     : "81ef32b7-640f-4cb8-b2b7-9dc692b2b814",
        "bForceLoad" : false
      },
      {
        "strName" : "ItmWallRYOB01",
        "fX"      : 53.0,
        "fY"      : 4.0,
        "fRotation" : 0.0,
        "strID"     : "17ec3631-d8fe-474f-be6f-5d4b16fdbf54",
        "bForceLoad" : false
      },
      {
        "strName" : "ItmWallRYOB01",
        "fX"      : 52.0,
        "fY"      : 6.0,
        "fRotation" : 0.0,
        "strID"     : "84cb5319-21e0-4b3d-9d41-4236453c7398",
        "bForceLoad" : false
      },
      {
        "strName" : "ItmWallRYOB01",
        "fX"      : 52.0,
        "fY"      : 7.0,
        "fRotation" : 0.0,
        "strID"     : "bcd9dae9-138b-4baf-b83e-9c39a1f56755",
        "bForceLoad" : false
      },
      {
        "strName" : "ItmWallRYOB01",
        "fX"      : 51.0,
        "fY"      : 7.0,
        "fRotation" : 0.0,
        "strID"     : "8bcc2652-2b7d-404d-9542-7b56c42bd1b7",
        "bForceLoad" : false
      },
      {
        "strName" : "ItmWallRYOB01",
        "fX"      : 50.0,
        "fY"      : 7.0,
        "fRotation" : 0.0,
        "strID"     : "127f229a-a006-42c8-81ea-2fd736d94d8c",
        "bForceLoad" : false
      },
      {
        "strName" : "ItmWallRYOB01",
        "fX"      : 49.0,
        "fY"      : 7.0,
        "fRotation" : 0.0,
        "strID"     : "9bbadc14-3a46-465b-875b-07709b038ec6",
        "bForceLoad" : false
      },
      {
        "strName" : "ItmWallRYOB01",
        "fX"      : 48.0,
        "fY"      : 7.0,
        "fRotation" : 0.0,
        "strID"     : "186ed875-4eef-4639-98e4-53661e60ab8c",
        "bForceLoad" : false
      },
      {
        "strName" : "ItmWallRYOB01",
        "fX"      : 45.0,
        "fY"      : 0.0,
        "fRotation" : 0.0,
        "strID"     : "330b0b7b-c062-4a84-a398-56aaa122163e",
        "bForceLoad" : false
      },
      {
        "strName" : "ItmWallRYOB01",
        "fX"      : 46.0,
        "fY"      : 5.0,
        "fRotation" : 0.0,
        "strID"     : "ea802f62-5580-458e-9fb5-458075fe3652",
        "bForceLoad" : false
      },
      {
        "strName" : "ItmWallRYOB01",
        "fX"      : 45.0,
        "fY"      : 5.0,
        "fRotation" : 0.0,
        "strID"     : "7fcae8de-58e4-46f6-a925-80d9acef0595",
        "bForceLoad" : false
      },
      {
        "strName" : "ItmWallRYOB01",
        "fX"      : 45.0,
        "fY"      : 4.0,
        "fRotation" : 0.0,
        "strID"     : "dfb86d95-6847-4d4e-aba6-1a2735ddd224",
        "bForceLoad" : false
      },
      {
        "strName" : "ItmWallRYOB01",
        "fX"      : 45.0,
        "fY"      : 3.0,
        "fRotation" : 0.0,
        "strID"     : "696517a3-ebc2-49d2-992e-133b6fdd4e76",
        "bForceLoad" : false
      },
      {
        "strName" : "ItmWallRYOB01",
        "fX"      : 44.0,
        "fY"      : 3.0,
        "fRotation" : 0.0,
        "strID"     : "296cd76d-88e3-468f-98cb-6e0350d84c6b",
        "bForceLoad" : false
      },
      {
        "strName" : "ItmWallRYOB01",
        "fX"      : 44.0,
        "fY"      : 2.0,
        "fRotation" : 0.0,
        "strID"     : "31368bd9-8552-470f-95c3-e9f6e04ede8d",
        "bForceLoad" : false
      },
      {
        "strName" : "ItmWallRYOB01",
        "fX"      : 44.0,
        "fY"      : 1.0,
        "fRotation" : 0.0,
        "strID"     : "f21897ca-326a-4e9a-9728-4e8aa064ef6f",
        "bForceLoad" : false
      },
      {
        "strName" : "ItmWallRYOB01",
        "fX"      : 44.0,
        "fY"      : 0.0,
        "fRotation" : 0.0,
        "strID"     : "284a7ee8-e218-4645-9bb7-0cd6ec4f0435",
        "bForceLoad" : false
      },
      {
        "strName" : "ItmWallRYOB01",
        "fX"      : 44.0,
        "fY"      : -1.0,
        "fRotation" : 0.0,
        "strID"     : "176e06fd-7265-42d3-a7bd-df3f8305cee9",
        "bForceLoad" : false
      },
      {
        "strName" : "ItmWallRYOB01",
        "fX"      : 44.0,
        "fY"      : -2.0,
        "fRotation" : 0.0,
        "strID"     : "ecb80605-4204-4418-8b85-e9ce8f60f90d",
        "bForceLoad" : false
      },
      {
        "strName" : "ItmWallRYOB01",
        "fX"      : 44.0,
        "fY"      : -3.0,
        "fRotation" : 0.0,
        "strID"     : "a678dc40-954f-449b-b103-5e68783e874a",
        "bForceLoad" : false
      },
      {
        "strName" : "ItmWallRYOB01",
        "fX"      : 45.0,
        "fY"      : -3.0,
        "fRotation" : 0.0,
        "strID"     : "4cb7b66e-ccbd-48d7-a31a-a6ffed6833a2",
        "bForceLoad" : false
      },
      {
        "strName" : "ItmWallRYOB01",
        "fX"      : 45.0,
        "fY"      : -4.0,
        "fRotation" : 0.0,
        "strID"     : "97ee3b83-7e94-4c38-ba8c-c2a9c0eea3ae",
        "bForceLoad" : false
      },
      {
        "strName" : "ItmWallRYOB01",
        "fX"      : 45.0,
        "fY"      : -5.0,
        "fRotation" : 0.0,
        "strID"     : "ff7264db-b945-4b39-b8c5-d21212512926",
        "bForceLoad" : false
      },
      {
        "strName" : "ItmWallRYOB01",
        "fX"      : 46.0,
        "fY"      : -5.0,
        "fRotation" : 0.0,
        "strID"     : "b53c7bb0-9c4f-4e35-ba60-dde0cdb35929",
        "bForceLoad" : false
      },
      {
        "strName" : "ItmWallRYOB01",
        "fX"      : 46.0,
        "fY"      : -6.0,
        "fRotation" : 0.0,
        "strID"     : "ed3ee865-96ea-4bbf-a840-96301884761f",
        "bForceLoad" : false
      },
      {
        "strName" : "ItmWallRYOB01",
        "fX"      : 46.0,
        "fY"      : -7.0,
        "fRotation" : 0.0,
        "strID"     : "5182505e-fbb6-4dc5-af40-393dfb4e6719",
        "bForceLoad" : false
      },
      {
        "strName" : "ItmWallRYOB01",
        "fX"      : 46.0,
        "fY"      : -8.0,
        "fRotation" : 0.0,
        "strID"     : "e096ee89-2d31-4124-92ec-1b62c15ea895",
        "bForceLoad" : false
      },
      {
        "strName" : "ItmWallRYOB01",
        "fX"      : 46.0,
        "fY"      : -9.0,
        "fRotation" : 0.0,
        "strID"     : "c25b0f8a-83a5-4a4e-926f-28dcbb1b23c3",
        "bForceLoad" : false
      },
      {
        "strName" : "ItmWallRYOB01",
        "fX"      : 52.0,
        "fY"      : -10.0,
        "fRotation" : 0.0,
        "strID"     : "ed15e802-3d93-4588-94e9-6ce3fbbb204d",
        "bForceLoad" : false
      },
      {
        "strName" : "ItmFloorRYOF04",
        "fX"      : 51.0,
        "fY"      : 1.0,
        "fRotation" : 180.0,
        "strID"     : "543d065a-db03-426c-a1fc-2956e8480214",
        "bForceLoad" : false
      },
      {
        "strName" : "ItmFloorRYOF04",
        "fX"      : 50.0,
        "fY"      : 2.0,
        "fRotation" : 270.0,
        "strID"     : "4ebb63f4-407c-464e-a07d-87bd4f4cd636",
        "bForceLoad" : false
      },
      {
        "strName" : "ItmFloorRYOF04",
        "fX"      : 49.0,
        "fY"      : 2.0,
        "fRotation" : 270.0,
        "strID"     : "67b01584-de0a-4d0b-aa65-4d6b735c8c45",
        "bForceLoad" : false
      },
      {
        "strName" : "ItmFloorRYOF01",
        "fX"      : 48.0,
        "fY"      : 4.0,
        "fRotation" : 0.0,
        "strID"     : "6ad40a80-a139-41c0-bd7a-cb019c797221",
        "bForceLoad" : false
      },
      {
        "strName" : "ItmFloorRYOF01",
        "fX"      : 47.0,
        "fY"      : 3.0,
        "fRotation" : 0.0,
        "strID"     : "599b05cf-d95f-4180-b96e-3d14689abd2e",
        "bForceLoad" : false
      },
      {
        "strName" : "ItmFloorRYOF01",
        "fX"      : 49.0,
        "fY"      : 3.0,
        "fRotation" : 0.0,
        "strID"     : "e8f1ea3e-7b1f-46a8-ad16-0323acc5a788",
        "bForceLoad" : false
      },
      {
        "strName" : "ItmFloorRYOF01",
        "fX"      : 46.0,
        "fY"      : 2.0,
        "fRotation" : 0.0,
        "strID"     : "c3257fa1-be4e-4fbc-904e-40b260a00b13",
        "bForceLoad" : false
      },
      {
        "strName" : "ItmFloorRYOF01",
        "fX"      : 50.0,
        "fY"      : -3.0,
        "fRotation" : 0.0,
        "strID"     : "7ece0ab4-9fd3-466b-b2cb-36408e0a815c",
        "bForceLoad" : false
      },
      {
        "strName" : "ItmFloorRYOF01",
        "fX"      : 45.0,
        "fY"      : 1.0,
        "fRotation" : 0.0,
        "strID"     : "05dbf923-4fd3-4709-8bb5-327558e50137",
        "bForceLoad" : false
      },
      {
        "strName" : "ItmFloorRYOF04",
        "fX"      : 48.0,
        "fY"      : 2.0,
        "fRotation" : 270.0,
        "strID"     : "fdd4b368-6d63-42ec-8301-061b2ca53c22",
        "bForceLoad" : false
      },
      {
        "strName" : "ItmFloorRYOF01",
        "fX"      : 45.0,
        "fY"      : -1.0,
        "fRotation" : 0.0,
        "strID"     : "bfe9c3f7-6277-49aa-8059-1cc1d0e1d60c",
        "bForceLoad" : false
      },
      {
        "strName" : "ItmFloorRYOF01",
        "fX"      : 46.0,
        "fY"      : -2.0,
        "fRotation" : 0.0,
        "strID"     : "8ec87e37-26cc-4a20-af13-b8d3db11945d",
        "bForceLoad" : false
      },
      {
        "strName" : "ItmFloorRYOF04",
        "fX"      : 47.0,
        "fY"      : 1.0,
        "fRotation" : 0.0,
        "strID"     : "df14f25c-a83c-403e-af23-5e5db1b9623a",
        "bForceLoad" : false
      },
      {
        "strName" : "ItmFloorRYOF01",
        "fX"      : 52.0,
        "fY"      : 0.0,
        "fRotation" : 0.0,
        "strID"     : "0b2ea1ef-06b2-4b18-ba7e-94713acf3f66",
        "bForceLoad" : false
      },
      {
        "strName" : "ItmFloorRYOF04",
        "fX"      : 47.0,
        "fY"      : 0.0,
        "fRotation" : 0.0,
        "strID"     : "a7c510b3-caaa-4f49-b58e-313b94df7f00",
        "bForceLoad" : false
      },
      {
        "strName" : "ItmFloorRYOF04",
        "fX"      : 47.0,
        "fY"      : -1.0,
        "fRotation" : 0.0,
        "strID"     : "c155d016-76b3-4a2f-83f7-082dad31dbd2",
        "bForceLoad" : false
      },
      {
        "strName" : "ItmFloorRYOF02",
        "fX"      : 51.0,
        "fY"      : 2.0,
        "fRotation" : 90.0,
        "strID"     : "7fc44587-6e25-4a83-8caa-66f99a0a44ce",
        "bForceLoad" : false
      },
      {
        "strName" : "ItmFloorRYOF01",
        "fX"      : 48.0,
        "fY"      : -4.0,
        "fRotation" : 0.0,
        "strID"     : "0f1db5f3-d6bb-4043-8479-00cd12bad915",
        "bForceLoad" : false
      },
      {
        "strName" : "ItmFloorRYOF01",
        "fX"      : 48.0,
        "fY"      : 5.0,
        "fRotation" : 0.0,
        "strID"     : "b236e527-f4a1-4409-9547-a9a6c0795db7",
        "bForceLoad" : false
      },
      {
        "strName" : "ItmFloorRYOF01",
        "fX"      : 47.0,
        "fY"      : 4.0,
        "fRotation" : 0.0,
        "strID"     : "dab41720-4d0b-4830-818b-aeeda071e73b",
        "bForceLoad" : false
      },
      {
        "strName" : "ItmFloorRYOF01",
        "fX"      : 49.0,
        "fY"      : 4.0,
        "fRotation" : 0.0,
        "strID"     : "4a5b6710-99b0-49a5-aa84-fd05a8296b9a",
        "bForceLoad" : false
      },
      {
        "strName" : "ItmFloorRYOF01",
        "fX"      : 46.0,
        "fY"      : 3.0,
        "fRotation" : 0.0,
        "strID"     : "8e6dd362-e4a2-4f9e-9316-fa0f2e80e06d",
        "bForceLoad" : false
      },
      {
        "strName" : "ItmFloorRYOF01",
        "fX"      : 50.0,
        "fY"      : 3.0,
        "fRotation" : 0.0,
        "strID"     : "0003a1e0-cac8-435d-ab11-6a70d15b4ac8",
        "bForceLoad" : false
      },
      {
        "strName" : "ItmFloorRYOF04",
        "fX"      : 45.0,
        "fY"      : 2.0,
        "fRotation" : 0.0,
        "strID"     : "51ee90e8-05f6-481f-887c-705216b43cdb",
        "bForceLoad" : false
      },
      {
        "strName" : "ItmFloorRYOF01",
        "fX"      : 51.0,
        "fY"      : -3.0,
        "fRotation" : 0.0,
        "strID"     : "23216ffb-d87a-406f-8337-41264b150197",
        "bForceLoad" : false
      },
      {
        "strName" : "ItmFloorRYOF01",
        "fX"      : 52.0,
        "fY"      : 1.0,
        "fRotation" : 0.0,
        "strID"     : "5e265351-a515-47d2-bcce-13a14f4f3cdf",
        "bForceLoad" : false
      },
      {
        "strName" : "ItmFloorRYOF04",
        "fX"      : 45.0,
        "fY"      : -2.0,
        "fRotation" : 0.0,
        "strID"     : "d5dee8fd-ddb7-4a90-a877-4fa778a03126",
        "bForceLoad" : false
      },
      {
        "strName" : "ItmFloorRYOF01",
        "fX"      : 46.0,
        "fY"      : -3.0,
        "fRotation" : 0.0,
        "strID"     : "e2fec7a8-06e1-435a-8864-1ff6edc57992",
        "bForceLoad" : false
      },
      {
        "strName" : "ItmFloorRYOF01",
        "fX"      : 47.0,
        "fY"      : -4.0,
        "fRotation" : 0.0,
        "strID"     : "7e0bcc92-906a-4dd2-a028-9ba57f13aef7",
        "bForceLoad" : false
      },
      {
        "strName" : "ItmFloorRYOF01",
        "fX"      : 52.0,
        "fY"      : -1.0,
        "fRotation" : 0.0,
        "strID"     : "e0147570-0bd9-4a65-90c0-954e93b709a0",
        "bForceLoad" : false
      },
      {
        "strName" : "ItmFloorRYOF02",
        "fX"      : 47.0,
        "fY"      : 2.0,
        "fRotation" : 180.0,
        "strID"     : "db591183-ccd1-4cfc-9a91-237694eebc83",
        "bForceLoad" : false
      },
      {
        "strName" : "ItmFloorRYOF02",
        "fX"      : 47.0,
        "fY"      : -2.0,
        "fRotation" : 270.0,
        "strID"     : "ea1b0f1c-786b-4427-8437-a4aed50bcece",
        "bForceLoad" : false
      },
      {
        "strName" : "ItmFloorRYOF01",
        "fX"      : 49.0,
        "fY"      : -4.0,
        "fRotation" : 0.0,
        "strID"     : "453240e2-1bab-4194-9b71-f375be2cfd52",
        "bForceLoad" : false
      },
      {
        "strName" : "ItmFloorRYOF01",
        "fX"      : 48.0,
        "fY"      : -5.0,
        "fRotation" : 0.0,
        "strID"     : "a9a51894-5910-4248-a5c8-cc9b8e1e80d9",
        "bForceLoad" : false
      },
      {
        "strName" : "ItmFloorRYOF01",
        "fX"      : 48.0,
        "fY"      : 6.0,
        "fRotation" : 0.0,
        "strID"     : "1baaa062-a09d-48eb-a9bd-3caf91816203",
        "bForceLoad" : false
      },
      {
        "strName" : "ItmFloorRYOF01",
        "fX"      : 47.0,
        "fY"      : 5.0,
        "fRotation" : 0.0,
        "strID"     : "1454cc5a-0683-4e35-a855-b521273c11c3",
        "bForceLoad" : false
      },
      {
        "strName" : "ItmFloorRYOF01",
        "fX"      : 49.0,
        "fY"      : 5.0,
        "fRotation" : 0.0,
        "strID"     : "6bc2b89b-5f7e-473f-8ddf-4926f038841b",
        "bForceLoad" : false
      },
      {
        "strName" : "ItmFloorRYOF01",
        "fX"      : 46.0,
        "fY"      : 4.0,
        "fRotation" : 0.0,
        "strID"     : "d07eb868-9039-4a2e-94ca-0be8b373a30b",
        "bForceLoad" : false
      },
      {
        "strName" : "ItmFloorRYOF01",
        "fX"      : 50.0,
        "fY"      : 4.0,
        "fRotation" : 0.0,
        "strID"     : "b64d6fb9-d6b9-4c8b-955d-62a8de320a26",
        "bForceLoad" : false
      },
      {
        "strName" : "ItmFloorRYOF01",
        "fX"      : 51.0,
        "fY"      : 3.0,
        "fRotation" : 0.0,
        "strID"     : "00c530e9-4e7c-4de6-a2db-8aa50d38d681",
        "bForceLoad" : false
      },
      {
        "strName" : "ItmFloorRYOF01",
        "fX"      : 52.0,
        "fY"      : 2.0,
        "fRotation" : 0.0,
        "strID"     : "fedae32e-510e-4e33-bff4-9ee872c0c51a",
        "bForceLoad" : false
      },
      {
        "strName" : "ItmFloorRYOF01",
        "fX"      : 53.0,
        "fY"      : 1.0,
        "fRotation" : 0.0,
        "strID"     : "9b2fc455-b5ff-4965-916f-6fc339928908",
        "bForceLoad" : false
      },
      {
        "strName" : "ItmFloorRYOF01",
        "fX"      : 46.0,
        "fY"      : -4.0,
        "fRotation" : 0.0,
        "strID"     : "4f4c5339-9288-4dfd-9cb8-3a979ac7fc91",
        "bForceLoad" : false
      },
      {
        "strName" : "ItmFloorRYOF01",
        "fX"      : 47.0,
        "fY"      : -5.0,
        "fRotation" : 0.0,
        "strID"     : "5ed65270-e525-44eb-b048-3f1295d1d629",
        "bForceLoad" : false
      },
      {
        "strName" : "ItmFloorRYOF01",
        "fX"      : 53.0,
        "fY"      : -1.0,
        "fRotation" : 0.0,
        "strID"     : "6e0b06b7-2384-40df-9ae6-fe5caeb49166",
        "bForceLoad" : false
      },
      {
        "strName" : "ItmFloorRYOF01",
        "fX"      : 52.0,
        "fY"      : -2.0,
        "fRotation" : 0.0,
        "strID"     : "06bae52c-8e07-4ceb-aa80-619102e50097",
        "bForceLoad" : false
      },
      {
        "strName" : "ItmFloorRYOF02",
        "fX"      : 51.0,
        "fY"      : -2.0,
        "fRotation" : 0.0,
        "strID"     : "02ec4a05-488e-4081-80ef-38e78a369fa0",
        "bForceLoad" : false
      },
      {
        "strName" : "ItmFloorRYOF01",
        "fX"      : 50.0,
        "fY"      : -4.0,
        "fRotation" : 0.0,
        "strID"     : "1ec7b7a8-44b7-4271-bc30-e09241cf694f",
        "bForceLoad" : false
      },
      {
        "strName" : "ItmFloorRYOF01",
        "fX"      : 49.0,
        "fY"      : -5.0,
        "fRotation" : 0.0,
        "strID"     : "cc6aeeca-9f1b-415f-9961-0f0700a97805",
        "bForceLoad" : false
      },
      {
        "strName" : "ItmFloorRYOF01",
        "fX"      : 48.0,
        "fY"      : -6.0,
        "fRotation" : 0.0,
        "strID"     : "b641b925-644d-40a4-b943-06ed0c8f1897",
        "bForceLoad" : false
      },
      {
        "strName" : "ItmFloorRYOF01",
        "fX"      : 47.0,
        "fY"      : 6.0,
        "fRotation" : 0.0,
        "strID"     : "0ff81899-9e7a-4e30-97a4-c51d2b3d15de",
        "bForceLoad" : false
      },
      {
        "strName" : "ItmFloorRYOF01",
        "fX"      : 49.0,
        "fY"      : 6.0,
        "fRotation" : 0.0,
        "strID"     : "7825f016-9e69-469d-8036-9ceafd5d1b43",
        "bForceLoad" : false
      },
      {
        "strName" : "ItmFloorRYOF01",
        "fX"      : 50.0,
        "fY"      : 5.0,
        "fRotation" : 0.0,
        "strID"     : "89f02a00-8112-4fd0-9e79-6e42008c533f",
        "bForceLoad" : false
      },
      {
        "strName" : "ItmFloorRYOF01",
        "fX"      : 51.0,
        "fY"      : 4.0,
        "fRotation" : 0.0,
        "strID"     : "8105ce2e-d7a7-4165-9ed8-5e5ef4e5b63e",
        "bForceLoad" : false
      },
      {
        "strName" : "ItmFloorRYOF01",
        "fX"      : 52.0,
        "fY"      : 3.0,
        "fRotation" : 0.0,
        "strID"     : "66ce126c-5091-4e3d-928d-8ca69c1901d6",
        "bForceLoad" : false
      },
      {
        "strName" : "ItmFloorRYOF04",
        "fX"      : 53.0,
        "fY"      : 2.0,
        "fRotation" : 180.0,
        "strID"     : "ee99ccc9-ee8c-4a3a-bbc2-09437a7ee235",
        "bForceLoad" : false
      },
      {
        "strName" : "ItmFloorRYOF01",
        "fX"      : 47.0,
        "fY"      : -6.0,
        "fRotation" : 0.0,
        "strID"     : "f86f5a21-1e6d-471f-bfc5-558321dd44b3",
        "bForceLoad" : false
      },
      {
        "strName" : "ItmFloorRYOF04",
        "fX"      : 53.0,
        "fY"      : -2.0,
        "fRotation" : 180.0,
        "strID"     : "d2acc66d-dd90-4db3-9cb3-c8846eefc29f",
        "bForceLoad" : false
      },
      {
        "strName" : "ItmFloorRYOF01",
        "fX"      : 52.0,
        "fY"      : -3.0,
        "fRotation" : 0.0,
        "strID"     : "6db14e3f-a024-4230-bc6f-de33285072e9",
        "bForceLoad" : false
      },
      {
        "strName" : "ItmFloorRYOF01",
        "fX"      : 51.0,
        "fY"      : -4.0,
        "fRotation" : 0.0,
        "strID"     : "5cc3fc49-8db9-4f17-ad14-260360a1108c",
        "bForceLoad" : false
      },
      {
        "strName" : "ItmFloorRYOF01",
        "fX"      : 50.0,
        "fY"      : -5.0,
        "fRotation" : 0.0,
        "strID"     : "024febe9-5126-4941-80ac-ad0e225a153a",
        "bForceLoad" : false
      },
      {
        "strName" : "ItmFloorRYOF01",
        "fX"      : 49.0,
        "fY"      : -6.0,
        "fRotation" : 0.0,
        "strID"     : "1ba1255d-203a-43f7-8d5a-3425bd1d9c22",
        "bForceLoad" : false
      },
      {
        "strName" : "ItmFloorRYOF01",
        "fX"      : 48.0,
        "fY"      : -7.0,
        "fRotation" : 0.0,
        "strID"     : "b8a747cb-0bb0-48ec-ba40-ba695ece8f61",
        "bForceLoad" : false
      },
      {
        "strName" : "ItmFloorRYOF01",
        "fX"      : 50.0,
        "fY"      : 6.0,
        "fRotation" : 0.0,
        "strID"     : "b4384fde-49ea-46b3-bfd4-0436bd21d286",
        "bForceLoad" : false
      },
      {
        "strName" : "ItmFloorRYOF01",
        "fX"      : 51.0,
        "fY"      : 5.0,
        "fRotation" : 0.0,
        "strID"     : "593c46dd-80fc-431c-ae28-85c8b6bbabca",
        "bForceLoad" : false
      },
      {
        "strName" : "ItmFloorRYOF01",
        "fX"      : 52.0,
        "fY"      : 4.0,
        "fRotation" : 0.0,
        "strID"     : "5ffb8be2-5a05-412f-aff8-17db6c9aeb3f",
        "bForceLoad" : false
      },
      {
        "strName" : "ItmFloorRYOF01",
        "fX"      : 47.0,
        "fY"      : -7.0,
        "fRotation" : 0.0,
        "strID"     : "c07fb177-d310-491c-b9ec-71562f8c06e1",
        "bForceLoad" : false
      },
      {
        "strName" : "ItmFloorRYOF01",
        "fX"      : 52.0,
        "fY"      : -4.0,
        "fRotation" : 0.0,
        "strID"     : "37b3028b-463b-407a-a725-65022593526b",
        "bForceLoad" : false
      },
      {
        "strName" : "ItmFloorRYOF01",
        "fX"      : 51.0,
        "fY"      : -5.0,
        "fRotation" : 0.0,
        "strID"     : "919daa73-ce74-47e3-a8a9-7869c000acfb",
        "bForceLoad" : false
      },
      {
        "strName" : "ItmFloorRYOF01",
        "fX"      : 50.0,
        "fY"      : -6.0,
        "fRotation" : 0.0,
        "strID"     : "8c22508b-f0c3-4803-90ff-9d0648572dba",
        "bForceLoad" : false
      },
      {
        "strName" : "ItmFloorRYOF01",
        "fX"      : 49.0,
        "fY"      : -7.0,
        "fRotation" : 0.0,
        "strID"     : "5d968988-cb53-4cb2-839e-b1f87d625581",
        "bForceLoad" : false
      },
      {
        "strName" : "ItmFloorRYOF01",
        "fX"      : 48.0,
        "fY"      : -8.0,
        "fRotation" : 0.0,
        "strID"     : "93361762-21b5-4470-91e5-051992a3203a",
        "bForceLoad" : false
      },
      {
        "strName" : "ItmFloorRYOF01",
        "fX"      : 51.0,
        "fY"      : 6.0,
        "fRotation" : 0.0,
        "strID"     : "dd48b05f-1bea-419b-a4af-ddc6b41cb846",
        "bForceLoad" : false
      },
      {
        "strName" : "ItmFloorRYOF01",
        "fX"      : 47.0,
        "fY"      : -8.0,
        "fRotation" : 0.0,
        "strID"     : "457c20fe-09b0-49eb-aacf-df6790fc1974",
        "bForceLoad" : false
      },
      {
        "strName" : "ItmFloorRYOF01",
        "fX"      : 51.0,
        "fY"      : -6.0,
        "fRotation" : 0.0,
        "strID"     : "7e5d536f-1277-40ee-ae3a-c9fc2f01d44c",
        "bForceLoad" : false
      },
      {
        "strName" : "ItmFloorRYOF01",
        "fX"      : 50.0,
        "fY"      : -7.0,
        "fRotation" : 0.0,
        "strID"     : "cc081e57-5a0d-4c8f-a2ce-75c8a323fd5d",
        "bForceLoad" : false
      },
      {
        "strName" : "ItmFloorRYOF01",
        "fX"      : 49.0,
        "fY"      : -8.0,
        "fRotation" : 0.0,
        "strID"     : "efa10645-ed31-4c25-aaae-7a1b4fac92f9",
        "bForceLoad" : false
      },
      {
        "strName" : "ItmFloorRYOF04",
        "fX"      : 48.0,
        "fY"      : -9.0,
        "fRotation" : 90.0,
        "strID"     : "af0b2194-947a-47ce-b231-78a7d2d2c3f3",
        "bForceLoad" : false
      },
      {
        "strName" : "ItmFloorRYOF01",
        "fX"      : 47.0,
        "fY"      : -9.0,
        "fRotation" : 0.0,
        "strID"     : "d46ce016-6add-4bc1-aa47-c3a761814f1a",
        "bForceLoad" : false
      },
      {
        "strName" : "ItmFloorRYOF01",
        "fX"      : 51.0,
        "fY"      : -7.0,
        "fRotation" : 0.0,
        "strID"     : "b5dca3b8-6f58-45cc-ae6e-173c8cfbd662",
        "bForceLoad" : false
      },
      {
        "strName" : "ItmFloorRYOF04",
        "fX"      : 50.0,
        "fY"      : -9.0,
        "fRotation" : 90.0,
        "strID"     : "2b814670-37f2-4b1f-80f6-758de31360b9",
        "bForceLoad" : false
      },
      {
        "strName" : "ItmFloorRYOF01",
        "fX"      : 50.0,
        "fY"      : -8.0,
        "fRotation" : 0.0,
        "strID"     : "4fa1463d-ca07-4460-b737-95f9729e3d24",
        "bForceLoad" : false
      },
      {
        "strName" : "ItmFloorRYOF04",
        "fX"      : 49.0,
        "fY"      : -9.0,
        "fRotation" : 90.0,
        "strID"     : "c05879e0-e406-440d-a541-56af63fdc133",
        "bForceLoad" : false
      },
      {
        "strName" : "ItmFloorRYOF01",
        "fX"      : 51.0,
        "fY"      : -9.0,
        "fRotation" : 0.0,
        "strID"     : "f1cc9f01-809d-4fe9-b028-1426810dfd36",
        "bForceLoad" : false
      },
      {
        "strName" : "ItmWallRYOB01",
        "fX"      : 51.0,
        "fY"      : -10.0,
        "fRotation" : 0.0,
        "strID"     : "15448401-541f-4e44-9be2-a6514c6c27e5",
        "bForceLoad" : false
      },
      {
        "strName" : "ItmFloorRYOF01",
        "fX"      : 51.0,
        "fY"      : -8.0,
        "fRotation" : 0.0,
        "strID"     : "de121ddd-b792-48c2-85ce-15206644f5da",
        "bForceLoad" : false
      },
      {
        "strName" : "ItmConduit01",
        "fX"      : 46.0,
        "fY"      : -10.0,
        "fRotation" : 0.0,
        "strID"     : "05311766-fb33-4a22-b30a-ef62daf09216",
        "bForceLoad" : false
      },
      {
        "strName" : "ItmConduit01",
        "fX"      : 47.0,
        "fY"      : -10.0,
        "fRotation" : 0.0,
        "strID"     : "edaa2cdb-fa53-402b-afa1-bd6944f6e396",
        "bForceLoad" : false
      },
      {
        "strName" : "ItmFloorRYOF01",
        "fX"      : 52.0,
        "fY"      : -10.0,
        "fRotation" : 0.0,
        "strID"     : "b7fdbade-2e25-4a81-987c-f74a793e71b1",
        "bForceLoad" : false
      },
      {
        "strName" : "ItmFloorRYOF01",
        "fX"      : 52.0,
        "fY"      : -9.0,
        "fRotation" : 0.0,
        "strID"     : "be14ad3f-f215-4b07-a049-7af1018af785",
        "bForceLoad" : false
      },
      {
        "strName" : "ItmFloorRYOF01",
        "fX"      : 52.0,
        "fY"      : -8.0,
        "fRotation" : 0.0,
        "strID"     : "50a4ed3b-882b-464e-a9b9-7511a2d22ba5",
        "bForceLoad" : false
      },
      {
        "strName" : "ItmFloorRYOF01",
        "fX"      : 52.0,
        "fY"      : -7.0,
        "fRotation" : 0.0,
        "strID"     : "bfe06d59-3b6e-4232-9d68-6fc6d94a5d82",
        "bForceLoad" : false
      },
      {
        "strName" : "ItmFloorRYOF01",
        "fX"      : 52.0,
        "fY"      : -6.0,
        "fRotation" : 0.0,
        "strID"     : "d40552ca-c46f-479b-987c-0bbf11775dee",
        "bForceLoad" : false
      },
      {
        "strName" : "ItmFloorRYOF01",
        "fX"      : 52.0,
        "fY"      : -5.0,
        "fRotation" : 0.0,
        "strID"     : "fa2c62bc-ee4d-4e7b-a602-563b31c3b3c4",
        "bForceLoad" : false
      },
      {
        "strName" : "ItmFloorRYOF01",
        "fX"      : 53.0,
        "fY"      : -5.0,
        "fRotation" : 0.0,
        "strID"     : "bb51e468-cfa8-42c7-b23b-d85efe352fc1",
        "bForceLoad" : false
      },
      {
        "strName" : "ItmFloorRYOF01",
        "fX"      : 53.0,
        "fY"      : -4.0,
        "fRotation" : 0.0,
        "strID"     : "14cd226f-961d-4c0c-82f2-0a746d6f0ddc",
        "bForceLoad" : false
      },
      {
        "strName" : "ItmFloorRYOF01",
        "fX"      : 53.0,
        "fY"      : -3.0,
        "fRotation" : 0.0,
        "strID"     : "c18fd9e6-0469-4021-926c-aaf72ad2ffd0",
        "bForceLoad" : false
      },
      {
        "strName" : "ItmFloorRYOF01",
        "fX"      : 54.0,
        "fY"      : -3.0,
        "fRotation" : 0.0,
        "strID"     : "bae50313-cbcb-4ea0-8ede-da15a44aa31f",
        "bForceLoad" : false
      },
      {
        "strName" : "ItmFloorRYOF01",
        "fX"      : 54.0,
        "fY"      : -2.0,
        "fRotation" : 0.0,
        "strID"     : "c3cc0540-f38a-4615-9b27-4f91c0665983",
        "bForceLoad" : false
      },
      {
        "strName" : "ItmFloorRYOF01",
        "fX"      : 54.0,
        "fY"      : -1.0,
        "fRotation" : 0.0,
        "strID"     : "9a43f5e2-2562-43bc-9fce-5dc9a0b3e2d6",
        "bForceLoad" : false
      },
      {
        "strName" : "ItmFloorRYOF01",
        "fX"      : 54.0,
        "fY"      : 0.0,
        "fRotation" : 0.0,
        "strID"     : "1f435d6a-83ce-4c82-80cf-64bc85ae0109",
        "bForceLoad" : false
      },
      {
        "strName" : "ItmFloorRYOF01",
        "fX"      : 54.0,
        "fY"      : 1.0,
        "fRotation" : 0.0,
        "strID"     : "82589ad9-88e7-4884-aff6-dceb0901bcf7",
        "bForceLoad" : false
      },
      {
        "strName" : "ItmFloorRYOF01",
        "fX"      : 54.0,
        "fY"      : 2.0,
        "fRotation" : 0.0,
        "strID"     : "120d8fb0-6c92-4569-bfe4-447043e0e5bd",
        "bForceLoad" : false
      },
      {
        "strName" : "ItmFloorRYOF01",
        "fX"      : 54.0,
        "fY"      : 3.0,
        "fRotation" : 0.0,
        "strID"     : "30676409-3319-4fc7-bd6b-2bb2398d71ee",
        "bForceLoad" : false
      },
      {
        "strName" : "ItmFloorRYOF01",
        "fX"      : 53.0,
        "fY"      : 3.0,
        "fRotation" : 0.0,
        "strID"     : "1031827f-4f1d-461b-aa64-4e18dc2e189d",
        "bForceLoad" : false
      },
      {
        "strName" : "ItmFloorRYOF01",
        "fX"      : 53.0,
        "fY"      : 0.0,
        "fRotation" : 0.0,
        "strID"     : "3371a6ba-c867-4e87-aaac-3fb2e2096767",
        "bForceLoad" : false
      },
      {
        "strName" : "ItmFloorRYOF01",
        "fX"      : 53.0,
        "fY"      : 4.0,
        "fRotation" : 0.0,
        "strID"     : "c62df8e9-b40c-491a-a6e9-82130bcbdb55",
        "bForceLoad" : false
      },
      {
        "strName" : "ItmFloorRYOF01",
        "fX"      : 53.0,
        "fY"      : 5.0,
        "fRotation" : 0.0,
        "strID"     : "c2ffe9ed-5205-4328-ab53-95d426d7f549",
        "bForceLoad" : false
      },
      {
        "strName" : "ItmFloorRYOF01",
        "fX"      : 52.0,
        "fY"      : 5.0,
        "fRotation" : 0.0,
        "strID"     : "0df7829f-f906-4e24-b6a8-50f9575d0e13",
        "bForceLoad" : false
      },
      {
        "strName" : "ItmFloorRYOF01",
        "fX"      : 52.0,
        "fY"      : 6.0,
        "fRotation" : 0.0,
        "strID"     : "efd00ea4-523c-487d-8bbe-bc60807cdc46",
        "bForceLoad" : false
      },
      {
        "strName" : "ItmFloorRYOF01",
        "fX"      : 52.0,
        "fY"      : 7.0,
        "fRotation" : 0.0,
        "strID"     : "1fef2314-026e-4ff4-b547-c37d05e747a5",
        "bForceLoad" : false
      },
      {
        "strName" : "ItmFloorRYOF01",
        "fX"      : 51.0,
        "fY"      : 7.0,
        "fRotation" : 0.0,
        "strID"     : "ac225289-f2e0-49d9-807f-f2424ee7046f",
        "bForceLoad" : false
      },
      {
        "strName" : "ItmFloorRYOF01",
        "fX"      : 50.0,
        "fY"      : 7.0,
        "fRotation" : 0.0,
        "strID"     : "ca5810df-de1e-4457-8580-c011f972462d",
        "bForceLoad" : false
      },
      {
        "strName" : "ItmFloorRYOF01",
        "fX"      : 49.0,
        "fY"      : 7.0,
        "fRotation" : 0.0,
        "strID"     : "6e6b2dde-8bc9-4450-a6a2-47b117b51e34",
        "bForceLoad" : false
      },
      {
        "strName" : "ItmFloorRYOF01",
        "fX"      : 48.0,
        "fY"      : 7.0,
        "fRotation" : 0.0,
        "strID"     : "841f5f65-3741-4dad-ab58-bfa40ee3117e",
        "bForceLoad" : false
      },
      {
        "strName" : "ItmFloorRYOF01",
        "fX"      : 47.0,
        "fY"      : 7.0,
        "fRotation" : 0.0,
        "strID"     : "db70b52b-6f50-48dd-9c29-682954e18cba",
        "bForceLoad" : false
      },
      {
        "strName" : "ItmFloorRYOF01",
        "fX"      : 46.0,
        "fY"      : 7.0,
        "fRotation" : 0.0,
        "strID"     : "b1460ed7-bae1-449f-a855-0d9a7c0ba211",
        "bForceLoad" : false
      },
      {
        "strName" : "ItmFloorRYOF01",
        "fX"      : 46.0,
        "fY"      : 6.0,
        "fRotation" : 0.0,
        "strID"     : "be6a4d67-cb9a-4c16-9dae-b19a31416420",
        "bForceLoad" : false
      },
      {
        "strName" : "ItmFloorRYOF01",
        "fX"      : 46.0,
        "fY"      : 5.0,
        "fRotation" : 0.0,
        "strID"     : "281a77a0-4bea-4b6a-afe4-6dfae0d8e157",
        "bForceLoad" : false
      },
      {
        "strName" : "ItmFloorRYOF01",
        "fX"      : 45.0,
        "fY"      : 5.0,
        "fRotation" : 0.0,
        "strID"     : "641776c9-100f-4f02-8156-55c6169e4193",
        "bForceLoad" : false
      },
      {
        "strName" : "ItmFloorRYOF01",
        "fX"      : 45.0,
        "fY"      : 4.0,
        "fRotation" : 0.0,
        "strID"     : "4d197753-c815-471e-8a8e-4ec6bd12cd4c",
        "bForceLoad" : false
      },
      {
        "strName" : "ItmFloorRYOF01",
        "fX"      : 45.0,
        "fY"      : 3.0,
        "fRotation" : 0.0,
        "strID"     : "43d1f599-6c38-49ce-a4b3-0495b08c1e3a",
        "bForceLoad" : false
      },
      {
        "strName" : "ItmFloorRYOF01",
        "fX"      : 44.0,
        "fY"      : 3.0,
        "fRotation" : 0.0,
        "strID"     : "e0aa96fa-e34c-4718-aad0-4d523535bc3d",
        "bForceLoad" : false
      },
      {
        "strName" : "ItmFloorRYOF01",
        "fX"      : 44.0,
        "fY"      : 2.0,
        "fRotation" : 0.0,
        "strID"     : "40cd81c0-3980-442a-bee8-ee23eb995d88",
        "bForceLoad" : false
      },
      {
        "strName" : "ItmFloorRYOF01",
        "fX"      : 44.0,
        "fY"      : 1.0,
        "fRotation" : 0.0,
        "strID"     : "f93e3a67-ffee-44f6-86c7-a395e66fcb39",
        "bForceLoad" : false
      },
      {
        "strName" : "ItmFloorRYOF01",
        "fX"      : 44.0,
        "fY"      : 0.0,
        "fRotation" : 0.0,
        "strID"     : "21c07b72-427e-4e8c-aca4-d2d0dfdb4da0",
        "bForceLoad" : false
      },
      {
        "strName" : "ItmFloorRYOF01",
        "fX"      : 44.0,
        "fY"      : -1.0,
        "fRotation" : 0.0,
        "strID"     : "3074b10a-7bf0-41b9-97f6-058794667746",
        "bForceLoad" : false
      },
      {
        "strName" : "ItmFloorRYOF01",
        "fX"      : 44.0,
        "fY"      : -2.0,
        "fRotation" : 0.0,
        "strID"     : "90c28202-c0dd-4dd4-991e-cc7abb856fc9",
        "bForceLoad" : false
      },
      {
        "strName" : "ItmFloorRYOF01",
        "fX"      : 44.0,
        "fY"      : -3.0,
        "fRotation" : 0.0,
        "strID"     : "055e9c93-3c0a-4cc9-88d0-9eecd4884bb1",
        "bForceLoad" : false
      },
      {
        "strName" : "ItmFloorRYOF01",
        "fX"      : 45.0,
        "fY"      : -3.0,
        "fRotation" : 0.0,
        "strID"     : "68c9c285-106d-4be0-9717-a15f1e218a30",
        "bForceLoad" : false
      },
      {
        "strName" : "ItmFloorRYOF01",
        "fX"      : 45.0,
        "fY"      : -4.0,
        "fRotation" : 0.0,
        "strID"     : "1107bad4-f6e9-4ba3-824a-5f7b19bf4108",
        "bForceLoad" : false
      },
      {
        "strName" : "ItmFloorRYOF01",
        "fX"      : 45.0,
        "fY"      : -5.0,
        "fRotation" : 0.0,
        "strID"     : "1c7e65ac-c454-4da2-957b-2946ba8ac887",
        "bForceLoad" : false
      },
      {
        "strName" : "ItmFloorRYOF01",
        "fX"      : 46.0,
        "fY"      : -5.0,
        "fRotation" : 0.0,
        "strID"     : "2ce773a4-e501-442c-b2e6-c7dbd5bc0544",
        "bForceLoad" : false
      },
      {
        "strName" : "ItmFloorRYOF01",
        "fX"      : 46.0,
        "fY"      : -6.0,
        "fRotation" : 0.0,
        "strID"     : "e043a3c4-aca6-454b-9aea-f91b78df1b87",
        "bForceLoad" : false
      },
      {
        "strName" : "ItmFloorRYOF01",
        "fX"      : 46.0,
        "fY"      : -7.0,
        "fRotation" : 0.0,
        "strID"     : "0dccbb52-5b2d-4d8b-b36d-1a7a017cef0f",
        "bForceLoad" : false
      },
      {
        "strName" : "ItmFloorRYOF01",
        "fX"      : 46.0,
        "fY"      : -8.0,
        "fRotation" : 0.0,
        "strID"     : "b1b8459d-42fb-4455-a364-0a24e0e71702",
        "bForceLoad" : false
      },
      {
        "strName" : "ItmFloorRYOF01",
        "fX"      : 46.0,
        "fY"      : -9.0,
        "fRotation" : 0.0,
        "strID"     : "2275762a-bd09-40c5-bae4-b624865f9e66",
        "bForceLoad" : false
      },
      {
        "strName" : "ItmFloorRYOF01",
        "fX"      : 46.0,
        "fY"      : -10.0,
        "fRotation" : 0.0,
        "strID"     : "9dc67e3b-4161-4ceb-864e-3a99db90002a",
        "bForceLoad" : false
      },
      {
        "strName" : "ItmFloorRYOF01",
        "fX"      : 45.0,
        "fY"      : 0.0,
        "fRotation" : 0.0,
        "strID"     : "761d93cb-ec48-45ed-babb-f346f0a581f0",
        "bForceLoad" : false
      },
      {
        "strName" : "ItmStationNav",
        "fX"      : 48.0,
        "fY"      : 5.0,
        "fRotation" : 0.0,
        "strID"     : "6158d246-1947-4099-b53f-fbdfbec7451c",
        "bForceLoad" : false,
        "aGPMSettings" : [
          {
            "strName" : "Panel A",
            "dictGUIPropMap" : [
              "strGUIPrefab",
              "GUIOrbitDraw/GUIOrbitDraw",
              "strFriendlyName",
              "Nav Controls",
              "strGUIPrefabRight",
              "Panel Right",
              "strGUIPrefabLeft",
              null,
              "strGUIPrefabUp",
              null,
              "strGUIPrefabDown",
              null
            ]
          },
          {
            "strName" : "Panel Right",
            "dictGUIPropMap" : [
              "strGUIPrefab",
              "GUIDockSys",
              "strFriendlyName",
              "Docking Controls",
              "strGUIPrefabRight",
              null,
              "strGUIPrefabLeft",
              "Panel A",
              "strGUIPrefabUp",
              null,
              "strGUIPrefabDown",
              null
            ]
          },
          {
            "strName" : "Panel Computer",
            "dictGUIPropMap" : [
              "strGUIPrefab",
              "GUIComputer/GUIComputer2",
              "strFriendlyName",
              "PDA",
              "strGUIPrefabRight",
              null,
              "strGUIPrefabLeft",
              null,
              "strGUIPrefabUp",
              null,
              "strGUIPrefabDown",
              null
            ]
          }
        ]
      },
      {
        "strName" : "ItmCooler01On",
        "fX"      : 50.5,
        "fY"      : 7.0,
        "fRotation" : 0.0,
        "strID"     : "3473693e-7fe5-42a0-8927-19b33624a2e5",
        "bForceLoad" : false,
        "aGPMSettings" : [
          {
            "strName" : "Panel A",
            "dictGUIPropMap" : [
              "strGUIPrefab",
              "GUIAirPump",
              "strFriendlyName",
              "Cooler",
              "strGUIPrefabRight",
              null,
              "strGUIPrefabLeft",
              null,
              "strGUIPrefabUp",
              null,
              "strGUIPrefabDown",
              null,
              "strTitle",
              "Unscrew for Thermostat Sensor Input Signal",
              "strValidCOTrigger01",
              "TIsAlarmTemp",
              "strCondMonitor01",
              "DcGasTemp03",
              "strSubPoint",
              "Cool",
              "strAddPoint",
              "Heat",
              "strInput01",
              "89218167-4292-48b2-8681-3c518e0f7e57",
              "nKnobBus",
              "1",
              "bTurbo",
              "false",
              "bReverse",
              "false"
            ]
          }
        ]
      },
      {
        "strName" : "ItmAirPump03OnG",
        "fX"      : 45.0,
        "fY"      : 0.0,
        "fRotation" : 180.0,
        "strID"     : "26f14268-3176-4300-924d-5456ffa15c7f",
        "bForceLoad" : false,
        "aGPMSettings" : [
          {
            "strName" : "Panel A",
            "dictGUIPropMap" : [
              "strGUIPrefab",
              "GUIAirPump",
              "strFriendlyName",
              "Air Pump",
              "strGUIPrefabRight",
              null,
              "strGUIPrefabLeft",
              null,
              "strGUIPrefabUp",
              null,
              "strGUIPrefabDown",
              null,
              "strTitle",
              "Unscrew for Pressure Sensor Input Signal",
              "strValidCOTrigger01",
              "TIsAlarm2",
              "strCondMonitor01",
              "IsReadyPumpAir",
              "strInput01",
              "ae0ff93a-5112-4fd4-9934-4013abbc29be",
              "nKnobBus",
              "1",
              "bTurbo",
              "false",
              "bReverse",
              "false"
            ]
          }
        ]
      },
      {
        "strName" : "ItmAirPump03OnG",
        "fX"      : 53.0,
        "fY"      : 0.0,
        "fRotation" : 180.0,
        "strID"     : "786def5e-06e4-4f5a-b1db-3ea455947c7d",
        "bForceLoad" : false,
        "aGPMSettings" : [
          {
            "strName" : "Panel A",
            "dictGUIPropMap" : [
              "strGUIPrefab",
              "GUIAirPump",
              "strFriendlyName",
              "Air Pump",
              "strGUIPrefabRight",
              null,
              "strGUIPrefabLeft",
              null,
              "strGUIPrefabUp",
              null,
              "strGUIPrefabDown",
              null,
              "strTitle",
              "Unscrew for Pressure Sensor Input Signal",
              "strValidCOTrigger01",
              "TIsAlarm2",
              "strCondMonitor01",
              "IsReadyPumpAir",
              "strInput01",
              "cd5dd67d-2517-490b-adec-c454621078da",
              "nKnobBus",
              "1",
              "bTurbo",
              "false",
              "bReverse",
              "false"
            ]
          }
        ]
      },
      {
        "strName" : "ItmCanisterLHe02",
        "fX"      : 49.0,
        "fY"      : -4.768372E-07,
        "fRotation" : 90.0,
        "strID"     : "5b93631b-2ca8-484c-8516-350b40e2ab19",
        "bForceLoad" : false
      },
      {
        "strName" : "ItmDoor01ClosedOn",
        "fX"      : 49.0,
        "fY"      : -8.0,
        "fRotation" : 0.0,
        "strID"     : "31a826f1-096f-4ffb-b91d-fcb12154506d",
        "bForceLoad" : false,
        "aGPMSettings" : [
          {
            "strName" : "Panel A",
            "dictGUIPropMap" : [
              "strGUIPrefab",
              "GUILocks",
              "strFriendlyName",
              "Door Lock",
              "strGUIPrefabRight",
              null,
              "strGUIPrefabLeft",
              null,
              "strGUIPrefabUp",
              null,
              "strGUIPrefabDown",
              null,
              "strBrand",
              "Bieler",
              "strBrandSub",
              "Commercial Door Systems",
              "strMSLock",
              "ItmDoorInt01ClosedLocked",
              "strMSUnlock",
              "ItmDoorInt01Closed"
            ]
          }
        ]
      },
      {
        "strName" : "ItmConduit01",
        "fX"      : 52.0,
        "fY"      : -10.0,
        "fRotation" : 0.0,
        "strID"     : "7ba3550a-8e0c-4ed0-a84a-f810b8377e3c",
        "bForceLoad" : false
      },
      {
        "strName" : "ItmConduit01",
        "fX"      : 52.0,
        "fY"      : -9.0,
        "fRotation" : 0.0,
        "strID"     : "c91cb926-e15f-417b-85e0-253186be63e7",
        "bForceLoad" : false
      },
      {
        "strName" : "ItmConduit01",
        "fX"      : 52.0,
        "fY"      : -8.0,
        "fRotation" : 0.0,
        "strID"     : "9f625632-e27d-461d-b87e-d060a787b686",
        "bForceLoad" : false
      },
      {
        "strName" : "ItmConduit01",
        "fX"      : 52.0,
        "fY"      : -7.0,
        "fRotation" : 0.0,
        "strID"     : "4273800d-40b2-4770-b063-ea13dc912a5e",
        "bForceLoad" : false
      },
      {
        "strName" : "ItmConduit01",
        "fX"      : 52.0,
        "fY"      : -6.0,
        "fRotation" : 0.0,
        "strID"     : "aa3d1fe1-827f-410b-a95b-2241f80846ca",
        "bForceLoad" : false
      },
      {
        "strName" : "ItmConduit01",
        "fX"      : 52.0,
        "fY"      : -5.0,
        "fRotation" : 0.0,
        "strID"     : "66eb497c-c7b3-4250-ba15-eb6664b17e2b",
        "bForceLoad" : false
      },
      {
        "strName" : "ItmConduit01",
        "fX"      : 53.0,
        "fY"      : -5.0,
        "fRotation" : 0.0,
        "strID"     : "33a88f3d-0243-4fa3-8508-1e8414b46997",
        "bForceLoad" : false
      },
      {
        "strName" : "ItmConduit01",
        "fX"      : 53.0,
        "fY"      : -4.0,
        "fRotation" : 0.0,
        "strID"     : "0c2893bf-a21a-4536-93df-9cfa848378d9",
        "bForceLoad" : false
      },
      {
        "strName" : "ItmConduit01",
        "fX"      : 53.0,
        "fY"      : -3.0,
        "fRotation" : 0.0,
        "strID"     : "37f5d136-7a6d-42f2-a231-ae3437712612",
        "bForceLoad" : false
      },
      {
        "strName" : "ItmConduit01",
        "fX"      : 54.0,
        "fY"      : -3.0,
        "fRotation" : 0.0,
        "strID"     : "01a8765e-e83f-442d-b0ee-f3fba97ec30a",
        "bForceLoad" : false
      },
      {
        "strName" : "ItmConduit01",
        "fX"      : 54.0,
        "fY"      : -2.0,
        "fRotation" : 0.0,
        "strID"     : "ecdb8bbb-126d-4adb-99dc-a2a98d42cf33",
        "bForceLoad" : false
      },
      {
        "strName" : "ItmConduit01",
        "fX"      : 54.0,
        "fY"      : -1.0,
        "fRotation" : 0.0,
        "strID"     : "a697b5ce-362a-489b-8d08-ceb722aa9d8f",
        "bForceLoad" : false
      },
      {
        "strName" : "ItmConduit01",
        "fX"      : 54.0,
        "fY"      : 0.0,
        "fRotation" : 0.0,
        "strID"     : "dbd31a05-1c35-4d1b-adb0-617259213e7d",
        "bForceLoad" : false
      },
      {
        "strName" : "ItmConduit01",
        "fX"      : 53.0,
        "fY"      : 0.0,
        "fRotation" : 0.0,
        "strID"     : "87ee6d53-9afa-4fd4-9814-b2aa06194d95",
        "bForceLoad" : false
      },
      {
        "strName" : "ItmConduit01",
        "fX"      : 54.0,
        "fY"      : 1.0,
        "fRotation" : 0.0,
        "strID"     : "5a8cfdd0-609f-424d-8a26-ecf8c382a181",
        "bForceLoad" : false
      },
      {
        "strName" : "ItmConduit01",
        "fX"      : 54.0,
        "fY"      : 2.0,
        "fRotation" : 0.0,
        "strID"     : "81afa918-a9c0-489e-a273-70ff97cce077",
        "bForceLoad" : false
      },
      {
        "strName" : "ItmConduit01",
        "fX"      : 54.0,
        "fY"      : 3.0,
        "fRotation" : 0.0,
        "strID"     : "9daab5c8-9a16-4ddb-bd38-d73b1ac7c528",
        "bForceLoad" : false
      },
      {
        "strName" : "ItmConduit01",
        "fX"      : 53.0,
        "fY"      : 3.0,
        "fRotation" : 0.0,
        "strID"     : "c9fbbe9d-6c22-41bd-ad75-9dfe99463d7f",
        "bForceLoad" : false
      },
      {
        "strName" : "ItmConduit01",
        "fX"      : 53.0,
        "fY"      : 4.0,
        "fRotation" : 0.0,
        "strID"     : "b81429ef-14d1-448c-87cc-8ef3a99bd9c8",
        "bForceLoad" : false
      },
      {
        "strName" : "ItmConduit01",
        "fX"      : 53.0,
        "fY"      : 5.0,
        "fRotation" : 0.0,
        "strID"     : "75735b8e-800d-4d31-88b4-5185da613e52",
        "bForceLoad" : false
      },
      {
        "strName" : "ItmConduit01",
        "fX"      : 52.0,
        "fY"      : 5.0,
        "fRotation" : 0.0,
        "strID"     : "1c7c40c4-effc-4262-8ba7-95619abcefdb",
        "bForceLoad" : false
      },
      {
        "strName" : "ItmConduit01",
        "fX"      : 52.0,
        "fY"      : 6.0,
        "fRotation" : 0.0,
        "strID"     : "03eb2313-7ec0-41e2-944f-0930bf93ca74",
        "bForceLoad" : false
      },
      {
        "strName" : "ItmConduit01",
        "fX"      : 52.0,
        "fY"      : 7.0,
        "fRotation" : 0.0,
        "strID"     : "2e3def1a-df56-450c-9360-ef87653a6430",
        "bForceLoad" : false
      },
      {
        "strName" : "ItmConduit01",
        "fX"      : 51.0,
        "fY"      : 7.0,
        "fRotation" : 0.0,
        "strID"     : "833cc0bb-1048-41bc-988e-e372040d9935",
        "bForceLoad" : false
      },
      {
        "strName" : "ItmConduit01",
        "fX"      : 50.0,
        "fY"      : 7.0,
        "fRotation" : 0.0,
        "strID"     : "bcddbc6f-6191-4641-b74c-24c0e5265420",
        "bForceLoad" : false
      },
      {
        "strName" : "ItmConduit01",
        "fX"      : 49.0,
        "fY"      : 7.0,
        "fRotation" : 0.0,
        "strID"     : "240322c2-60fa-406c-879a-3e6859c1bd73",
        "bForceLoad" : false
      },
      {
        "strName" : "ItmConduit01",
        "fX"      : 48.0,
        "fY"      : 7.0,
        "fRotation" : 0.0,
        "strID"     : "ef704dff-9b99-4b0c-87de-76f02cfa41d1",
        "bForceLoad" : false
      },
      {
        "strName" : "ItmConduit01",
        "fX"      : 47.0,
        "fY"      : 7.0,
        "fRotation" : 0.0,
        "strID"     : "72c14066-5623-418c-89a7-ac0845423622",
        "bForceLoad" : false
      },
      {
        "strName" : "ItmConduit01",
        "fX"      : 46.0,
        "fY"      : 7.0,
        "fRotation" : 0.0,
        "strID"     : "fddc5462-f139-4ccf-9c4a-464b07cc9861",
        "bForceLoad" : false
      },
      {
        "strName" : "ItmConduit01",
        "fX"      : 46.0,
        "fY"      : 6.0,
        "fRotation" : 0.0,
        "strID"     : "66db467a-7f8f-4468-822e-8e28a56373b1",
        "bForceLoad" : false
      },
      {
        "strName" : "ItmConduit01",
        "fX"      : 46.0,
        "fY"      : 5.0,
        "fRotation" : 0.0,
        "strID"     : "11a77eef-559c-45e2-9e9b-68c9002fe8d9",
        "bForceLoad" : false
      },
      {
        "strName" : "ItmConduit01",
        "fX"      : 45.0,
        "fY"      : 5.0,
        "fRotation" : 0.0,
        "strID"     : "11fd717c-2807-4b6b-8b36-ad4c00f26569",
        "bForceLoad" : false
      },
      {
        "strName" : "ItmConduit01",
        "fX"      : 45.0,
        "fY"      : 4.0,
        "fRotation" : 0.0,
        "strID"     : "97af1a76-6958-4332-89b1-77664b8bb368",
        "bForceLoad" : false
      },
      {
        "strName" : "ItmConduit01",
        "fX"      : 45.0,
        "fY"      : 3.0,
        "fRotation" : 0.0,
        "strID"     : "bbb818fb-e3f8-4d63-bed6-3884ac4e5f25",
        "bForceLoad" : false
      },
      {
        "strName" : "ItmConduit01",
        "fX"      : 44.0,
        "fY"      : 3.0,
        "fRotation" : 0.0,
        "strID"     : "f75b3f77-3f0a-4d39-ac7b-98edfe48b70a",
        "bForceLoad" : false
      },
      {
        "strName" : "ItmConduit01",
        "fX"      : 44.0,
        "fY"      : 2.0,
        "fRotation" : 0.0,
        "strID"     : "7d29c069-f862-4d70-a45e-6acf5779c5aa",
        "bForceLoad" : false
      },
      {
        "strName" : "ItmConduit01",
        "fX"      : 44.0,
        "fY"      : 1.0,
        "fRotation" : 0.0,
        "strID"     : "4bfbea2d-324a-4dd1-ae40-0a9224900e9a",
        "bForceLoad" : false
      },
      {
        "strName" : "ItmConduit01",
        "fX"      : 44.0,
        "fY"      : 0.0,
        "fRotation" : 0.0,
        "strID"     : "dcaf370c-1add-42c4-b0d3-1a1bb81cddf6",
        "bForceLoad" : false
      },
      {
        "strName" : "ItmConduit01",
        "fX"      : 45.0,
        "fY"      : 0.0,
        "fRotation" : 0.0,
        "strID"     : "f72d296f-6912-4798-ae9c-4ded7d02b71a",
        "bForceLoad" : false
      },
      {
        "strName" : "ItmConduit01",
        "fX"      : 44.0,
        "fY"      : -1.0,
        "fRotation" : 0.0,
        "strID"     : "d5fda0ae-dcaf-46ae-a69c-05d5e3e10c40",
        "bForceLoad" : false
      },
      {
        "strName" : "ItmConduit01",
        "fX"      : 44.0,
        "fY"      : -2.0,
        "fRotation" : 0.0,
        "strID"     : "0ca0b84f-7cce-4c89-9940-2b24ae01188a",
        "bForceLoad" : false
      },
      {
        "strName" : "ItmConduit01",
        "fX"      : 44.0,
        "fY"      : -3.0,
        "fRotation" : 0.0,
        "strID"     : "223a8d2a-a7f0-4b4f-a184-2e18b5b03d6a",
        "bForceLoad" : false
      },
      {
        "strName" : "ItmConduit01",
        "fX"      : 45.0,
        "fY"      : -3.0,
        "fRotation" : 0.0,
        "strID"     : "70a14466-c04b-4cc9-81f1-6b2db97ee784",
        "bForceLoad" : false
      },
      {
        "strName" : "ItmConduit01",
        "fX"      : 45.0,
        "fY"      : -4.0,
        "fRotation" : 0.0,
        "strID"     : "a0e7b014-e7f0-4ae5-a46c-9dc878850bf8",
        "bForceLoad" : false
      },
      {
        "strName" : "ItmConduit01",
        "fX"      : 45.0,
        "fY"      : -5.0,
        "fRotation" : 0.0,
        "strID"     : "9169ec5f-83da-47a9-bdbf-907a226aeeef",
        "bForceLoad" : false
      },
      {
        "strName" : "ItmConduit01",
        "fX"      : 46.0,
        "fY"      : -5.0,
        "fRotation" : 0.0,
        "strID"     : "4bded6b5-f4d3-45b4-8baa-e8fb4a9a6828",
        "bForceLoad" : false
      },
      {
        "strName" : "ItmConduit01",
        "fX"      : 46.0,
        "fY"      : -6.0,
        "fRotation" : 0.0,
        "strID"     : "c48d3150-7598-4fdd-8b32-78435ade4075",
        "bForceLoad" : false
      },
      {
        "strName" : "ItmConduit01",
        "fX"      : 46.0,
        "fY"      : -7.0,
        "fRotation" : 0.0,
        "strID"     : "70b75734-9ce9-4dcf-aa29-bd7eba070f43",
        "bForceLoad" : false
      },
      {
        "strName" : "ItmConduit01",
        "fX"      : 46.0,
        "fY"      : -8.0,
        "fRotation" : 0.0,
        "strID"     : "c70af5cf-4c27-4dba-b0f2-bd23995184b0",
        "bForceLoad" : false
      },
      {
        "strName" : "ItmConduit01",
        "fX"      : 47.0,
        "fY"      : -8.0,
        "fRotation" : 0.0,
        "strID"     : "00417341-4808-47bb-90f3-a91c784059e9",
        "bForceLoad" : false
      },
      {
        "strName" : "ItmConduit01",
        "fX"      : 46.0,
        "fY"      : -9.0,
        "fRotation" : 0.0,
        "strID"     : "84f43565-91ce-42b5-be23-0cb9f9689f65",
        "bForceLoad" : false
      },
      {
        "strName" : "ItmWallRYOB01",
        "fX"      : 47.0,
        "fY"      : -10.0,
        "fRotation" : 0.0,
        "strID"     : "39807127-6761-41f2-b0fc-ee8db15247c5",
        "bForceLoad" : false
      },
      {
        "strName" : "ItmConduit01",
        "fX"      : 51.0,
        "fY"      : -8.0,
        "fRotation" : 0.0,
        "strID"     : "61fe59f7-70b3-4db9-a9b9-5315038c44dc",
        "bForceLoad" : false
      },
      {
        "strName" : "ItmAlarmO2OnG",
        "fX"      : 46.0,
        "fY"      : 3.0,
        "fRotation" : 90.0,
        "strID"     : "ae0ff93a-5112-4fd4-9934-4013abbc29be",
        "bForceLoad" : false,
        "aGPMSettings" : [
          {
            "strName" : "Panel A",
            "dictGUIPropMap" : [
              "strGUIPrefab",
              "GUIOnOff",
              "strFriendlyName",
              "Alarm",
              "strGUIPrefabRight",
              null,
              "strGUIPrefabLeft",
              null,
              "strGUIPrefabUp",
              null,
              "strGUIPrefabDown",
              null,
              "strTitle",
              "Alarm Override"
            ]
          }
        ]
      },
      {
        "strName" : "ItmAlarmN2OnG",
        "fX"      : 46.0,
        "fY"      : 4.0,
        "fRotation" : 90.0,
        "strID"     : "cd5dd67d-2517-490b-adec-c454621078da",
        "bForceLoad" : false,
        "aGPMSettings" : [
          {
            "strName" : "Panel A",
            "dictGUIPropMap" : [
              "strGUIPrefab",
              "GUIOnOff",
              "strFriendlyName",
              "Alarm",
              "strGUIPrefabRight",
              null,
              "strGUIPrefabLeft",
              null,
              "strGUIPrefabUp",
              null,
              "strGUIPrefabDown",
              null,
              "strTitle",
              "Alarm Override"
            ]
          }
        ]
      },
      {
        "strName" : "ItmAlarmTempOnW",
        "fX"      : 51.0,
        "fY"      : 5.0,
        "fRotation" : 270.0,
        "strID"     : "89218167-4292-48b2-8681-3c518e0f7e57",
        "bForceLoad" : false,
        "aGPMSettings" : [
          {
            "strName" : "Panel A",
            "dictGUIPropMap" : [
              "strGUIPrefab",
              "GUIOnOff",
              "strFriendlyName",
              "Alarm",
              "strGUIPrefabRight",
              null,
              "strGUIPrefabLeft",
              null,
              "strGUIPrefabUp",
              null,
              "strGUIPrefabDown",
              null,
              "strTitle",
              "Alarm Override"
            ]
          }
        ]
      },
      {
        "strName" : "ItmHeater01",
        "fX"      : 51.5,
        "fY"      : 3.5,
        "fRotation" : 180.0,
        "strID"     : "da7f3392-fa2c-44b0-ad9b-caa1138d2eaf",
        "bForceLoad" : false,
        "aGPMSettings" : [
          {
            "strName" : "Panel A",
            "dictGUIPropMap" : [
              "strGUIPrefab",
              "GUIAirPump",
              "strFriendlyName",
              "Heater",
              "strGUIPrefabRight",
              null,
              "strGUIPrefabLeft",
              null,
              "strGUIPrefabUp",
              null,
              "strGUIPrefabDown",
              null,
              "strTitle",
              "Unscrew for Thermostat Sensor Input Signal",
              "strValidCOTrigger01",
              "TIsAlarmTemp",
              "strCondMonitor01",
              "DcGasTemp01",
              "strSubPoint",
              "ignore",
              "strAddPoint",
              null,
              "strInput01",
              "89218167-4292-48b2-8681-3c518e0f7e57",
              "nKnobBus",
              "1",
              "bTurbo",
              "false",
              "bReverse",
              "false"
            ]
          }
        ]
      },
      {
        "strName" : "ItmRCSCluster01",
        "fX"      : 54.0,
        "fY"      : 2.0,
        "fRotation" : 270.0,
        "strID"     : "f8c3f192-566b-473d-9be2-26cd233a6fdf",
        "bForceLoad" : false
      },
      {
        "strName" : "ItmRCSCluster01",
        "fX"      : 54.0,
        "fY"      : -2.0,
        "fRotation" : 270.0,
        "strID"     : "9b70ec66-8f9a-49a9-9d00-5716063a8711",
        "bForceLoad" : false
      },
      {
        "strName" : "ItmRCSCluster01",
        "fX"      : 44.0,
        "fY"      : -2.0,
        "fRotation" : 90.0,
        "strID"     : "c7db9d5b-45c4-42be-9200-a7fe860c82ae",
        "bForceLoad" : false
      },
      {
        "strName" : "ItmRCSCluster01",
        "fX"      : 44.0,
        "fY"      : 2.0,
        "fRotation" : 90.0,
        "strID"     : "3ffb3275-5906-4371-a605-8a2a5edf3431",
        "bForceLoad" : false
      },
      {
        "strName" : "ItmBattery02",
        "fX"      : 46.5,
        "fY"      : -3.5,
        "fRotation" : 270.0,
        "strID"     : "231c58a6-b498-48dc-a0fc-e82156a3e159",
        "bForceLoad" : false,
        "aGPMSettings" : [
          {
            "strName" : "Panel A",
            "dictGUIPropMap" : [
              "strGUIPrefab",
              "GUIMeter",
              "strFriendlyName",
              "Battery",
              "strGUIPrefabRight",
              null,
              "strGUIPrefabLeft",
              null,
              "strGUIPrefabUp",
              null,
              "strGUIPrefabDown",
              null,
              "strTitle",
              "Battery Charge",
              "strCond",
              "StatPower",
              "strInput01",
              "",
              "fMin",
              "0.0",
              "fMax",
              "80.96"
            ]
          }
        ]
      },
      {
        "strName" : "ItmBattery02",
        "fX"      : 51.5,
        "fY"      : -3.5,
        "fRotation" : 90.0,
        "strID"     : "98293356-d9bc-4ceb-9195-e9f210a52eb2",
        "bForceLoad" : false,
        "aGPMSettings" : [
          {
            "strName" : "Panel A",
            "dictGUIPropMap" : [
              "strGUIPrefab",
              "GUIMeter",
              "strFriendlyName",
              "Battery",
              "strGUIPrefabRight",
              null,
              "strGUIPrefabLeft",
              null,
              "strGUIPrefabUp",
              null,
              "strGUIPrefabDown",
              null,
              "strTitle",
              "Battery Charge",
              "strCond",
              "StatPower",
              "strInput01",
              "",
              "fMin",
              "0.0",
              "fMax",
              "80.96"
            ]
          }
        ]
      },
      {
        "strName" : "ItmRTAN2",
        "fX"      : 50.0,
        "fY"      : -6.0,
        "fRotation" : 270.0,
        "strID"     : "fab16038-3405-4af2-91bf-14347bcc0d6d",
        "bForceLoad" : false
      },
      {
        "strName" : "ItmRCSDistro02",
        "fX"      : 47.5,
        "fY"      : -5.5,
        "fRotation" : 270.0,
        "strID"     : "037dfd9c-74e2-4bda-93f6-2ebdb51c2302",
        "bForceLoad" : false
      },
      {
        "strName" : "ItmSwitch01On",
        "fX"      : 50.0,
        "fY"      : -4.0,
        "fRotation" : 270.0,
        "strID"     : "9cf9215b-29fa-479a-ad30-7479e6b74afe",
        "bForceLoad" : false
      },
      {
        "strName" : "ItmDocumentOgiso01",
        "fX"      : 51.0,
        "fY"      : -5.0,
        "fRotation" : 270.0,
        "strID"     : "05444d67-db80-4c0a-9234-cb88fe87c6c6",
        "bForceLoad" : false,
        "aGPMSettings" : [
          {
            "strName" : "Panel OneSheet",
            "dictGUIPropMap" : [
              "strGUIPrefab",
              "GUIOneSheet",
              "strFriendlyName",
              "Ogiso's Register Work Safety",
              "strGUIPrefabRight",
              null,
              "strGUIPrefabLeft",
              null,
              "strGUIPrefabUp",
              null,
              "strGUIPrefabDown",
              null,
              "strPNG",
              "manuals/Ogiso's Register Work Safety Poster/000.png"
            ]
          },
          {
            "strName" : "Panel A",
            "dictGUIPropMap" : [
              "strGUIPrefab",
              "GUIOneSheet",
              "strFriendlyName",
              "Ogiso's Register Work Safety",
              "strGUIPrefabRight",
              null,
              "strGUIPrefabLeft",
              null,
              "strGUIPrefabUp",
              null,
              "strGUIPrefabDown",
              null,
              "strPNG",
              "manuals/Ogiso's Register Work Safety Poster/000.png"
            ]
          }
        ]
      },
      {
        "strName" : "ItmSwitch01On",
        "fX"      : 47.0,
        "fY"      : -5.0,
        "fRotation" : 90.0,
        "strID"     : "361b3ed1-1f13-42b9-afd4-ed47df15ad50",
        "bForceLoad" : false
      },
      {
        "strName" : "ItmConduit01",
        "fX"      : 51.0,
        "fY"      : -3.0,
        "fRotation" : 0.0,
        "strID"     : "86a87122-5688-48cb-bfc3-4956ca5690c7",
        "bForceLoad" : false
      },
      {
        "strName" : "ItmConduit01",
        "fX"      : 52.0,
        "fY"      : -3.0,
        "fRotation" : 0.0,
        "strID"     : "776b4f03-4007-4c10-a7a4-e984329ef773",
        "bForceLoad" : false
      },
      {
        "strName" : "ItmConduit01",
        "fX"      : 47.0,
        "fY"      : -3.0,
        "fRotation" : 0.0,
        "strID"     : "dc194599-c88a-4507-9cd9-e9b733cddf5d",
        "bForceLoad" : false
      },
      {
        "strName" : "ItmConduit01",
        "fX"      : 46.0,
        "fY"      : -3.0,
        "fRotation" : 0.0,
        "strID"     : "16b6cd09-af2b-4875-a011-05813175e2f6",
        "bForceLoad" : false
      },
      {
        "strName" : "ItmSwitch01On",
        "fX"      : 51.0,
        "fY"      : -7.0,
        "fRotation" : 270.0,
        "strID"     : "8eafb699-3305-46c0-b052-46328be82870",
        "bForceLoad" : false
      },
      {
        "strName" : "ItmLitWall1x0",
        "fX"      : 45.0,
        "fY"      : -8.0,
        "fRotation" : 270.0,
        "strID"     : "29b7d10c-3800-4aaf-a72d-c855b004a6b5",
        "bForceLoad" : false
      },
      {
        "strName" : "ItmLitWall1x0",
        "fX"      : 53.0,
        "fY"      : -8.0,
        "fRotation" : 90.0,
        "strID"     : "c4312af6-4f85-43e2-9dde-2e8d90e6ac45",
        "bForceLoad" : false
      },
      {
        "strName" : "ItmLitWall1x0",
        "fX"      : 46.0,
        "fY"      : -11.0,
        "fRotation" : 270.0,
        "strID"     : "9fe73725-6745-42e0-87b1-1c5ce9593cd7",
        "bForceLoad" : false
      },
      {
        "strName" : "ItmLitWall1x0",
        "fX"      : 52.0,
        "fY"      : -11.0,
        "fRotation" : 90.0,
        "strID"     : "fcd09cc3-2813-42a0-9a37-7d36ff351753",
        "bForceLoad" : false
      },
      {
        "strName" : "ItmLitWall1x0",
        "fX"      : 43.0,
        "fY"      : -1.192093E-07,
        "fRotation" : 270.0,
        "strID"     : "2df6bff1-804e-4eec-aea9-b68942160af7",
        "bForceLoad" : false
      },
      {
        "strName" : "ItmLitWall1x0",
        "fX"      : 55.0,
        "fY"      : -1.192093E-07,
        "fRotation" : 90.0,
        "strID"     : "b7ffdf70-705f-4265-a588-cfd04fb6ff04",
        "bForceLoad" : false
      },
      {
        "strName" : "ItmLitWall1x0Orange",
        "fX"      : 47.0,
        "fY"      : 8.0,
        "fRotation" : 180.0,
        "strID"     : "0592992f-4a6c-468d-8549-5532991a131c",
        "bForceLoad" : false
      },
      {
        "strName" : "ItmLitWall1x0",
        "fX"      : 52.0,
        "fY"      : -1.192093E-07,
        "fRotation" : 270.0,
        "strID"     : "9ba1b9a2-b170-4cb5-9a8e-e835936a3e5d",
        "bForceLoad" : false
      },
      {
        "strName" : "ItmLitWall1x0",
        "fX"      : 46.0,
        "fY"      : -1.192093E-07,
        "fRotation" : 90.0,
        "strID"     : "7589155d-c44c-4332-a243-1f9b961f03f0",
        "bForceLoad" : false
      },
      {
        "strName" : "ItmFloorRYOF01",
        "fX"      : 47.0,
        "fY"      : -11.0,
        "fRotation" : 0.0,
        "strID"     : "fb0bddd7-6be1-4dab-a1e8-1195f1c36200",
        "bForceLoad" : false
      },
      {
        "strName" : "ItmLitWall1x0",
        "fX"      : 47.0,
        "fY"      : -6.0,
        "fRotation" : 90.0,
        "strID"     : "5a544193-4ab9-497e-baa3-e0c0694d32bf",
        "bForceLoad" : false
      },
      {
        "strName" : "ItmAirPump01Off",
        "fX"      : 47.0,
        "fY"      : -8.0,
        "fRotation" : 0.0,
        "strID"     : "d144bd7b-5a84-44db-a412-815a9919baaf",
        "bForceLoad" : false,
        "aGPMSettings" : [
          {
            "strName" : "Panel A",
            "dictGUIPropMap" : [
              "strGUIPrefab",
              "GUIAirPump",
              "strFriendlyName",
              "Air Pump",
              "strGUIPrefabRight",
              null,
              "strGUIPrefabLeft",
              null,
              "strGUIPrefabUp",
              null,
              "strGUIPrefabDown",
              null,
              "strTitle",
              "Unscrew for Pressure Sensor Input Signal",
              "strValidCOTrigger01",
              "TIsAlarm2",
              "strCondMonitor01",
              "IsReadyPumpAir",
              "strInput01",
              "d144bd7b-5a84-44db-a412-815a9919baaf",
              "nKnobBus",
              "0",
              "bTurbo",
              "true",
              "bReverse",
              "false"
            ]
          }
        ]
      },
      {
        "strName" : "ItmCanister01",
        "fX"      : 47.0,
        "fY"      : -7.0,
        "fRotation" : 0.0,
        "strID"     : "04cc5b1c-009e-4205-8344-152b71e8ca04",
        "bForceLoad" : false
      },
      {
        "strName" : "ItmRCSDistro02",
        "fX"      : 50.5,
        "fY"      : -6.5,
        "fRotation" : 90.0,
        "strID"     : "8dd01b80-cbf8-4894-86a4-62af31eacf0a",
        "bForceLoad" : false
      },
      {
        "strName" : "ItmRTAN2",
        "fX"      : 48.0,
        "fY"      : -6.0,
        "fRotation" : 90.0,
        "strID"     : "a1148b86-eb74-4dab-ba6c-c4b533bb31a5",
        "bForceLoad" : false
      },
      {
        "strName" : "ItmLitWall1x0Orange",
        "fX"      : 48.0,
        "fY"      : 6.0,
        "fRotation" : 0.0,
        "strID"     : "d8ce8da5-b233-4b7c-9c23-c5e557b0e507",
        "bForceLoad" : false
      },
      {
        "strName" : "ItmRTAO2",
        "fX"      : 45.0,
        "fY"      : -1.0,
        "fRotation" : 90.0,
        "strID"     : "6ab9230f-4aa4-4558-b730-ef27b69609fa",
        "bForceLoad" : false
      },
      {
        "strName" : "ItmRTAN2",
        "fX"      : 53.0,
        "fY"      : -1.0,
        "fRotation" : 270.0,
        "strID"     : "2f99f092-164d-4f09-a340-a1a52f5727b7",
        "bForceLoad" : false
      },
      {
        "strName" : "ItmFloorRYOF04",
        "fX"      : 50.0,
        "fY"      : -11.0,
        "fRotation" : 270.0,
        "strID"     : "891ee601-b5de-443f-9666-845448c19ed6",
        "bForceLoad" : false
      },
      {
        "strName" : "ItmFloorRYOF01",
        "fX"      : 47.0,
        "fY"      : -10.0,
        "fRotation" : 0.0,
        "strID"     : "9a7b2f6c-0bc1-45bd-9253-802f47a8337b",
        "bForceLoad" : false
      },
      {
        "strName" : "ItmFloorRYOF01",
        "fX"      : 51.0,
        "fY"      : -10.0,
        "fRotation" : 0.0,
        "strID"     : "667f3266-0709-4726-92de-e9cca47ee614",
        "bForceLoad" : false
      },
      {
        "strName" : "ItmFloorRYOF04",
        "fX"      : 49.0,
        "fY"      : -11.0,
        "fRotation" : 270.0,
        "strID"     : "0eed2b41-9066-4759-bfeb-26dffcce837a",
        "bForceLoad" : false
      },
      {
        "strName" : "ItmFloorRYOF04",
        "fX"      : 48.0,
        "fY"      : -11.0,
        "fRotation" : 270.0,
        "strID"     : "8bf0488c-f62b-4114-a978-6a60e92a5dce",
        "bForceLoad" : false
      },
      {
        "strName" : "ItmConduit01",
        "fX"      : 51.0,
        "fY"      : -10.0,
        "fRotation" : 0.0,
        "strID"     : "8f7340d8-e70c-49bf-ad34-a24b575c236d",
        "bForceLoad" : false
      },
      {
        "strName" : "ItmConduit01",
        "fX"      : 51.0,
        "fY"      : -11.0,
        "fRotation" : 0.0,
        "strID"     : "94fac196-58ec-418b-a094-3d9f40dce28f",
        "bForceLoad" : false
      },
      {
        "strName" : "ItmConduit01",
        "fX"      : 47.0,
        "fY"      : -11.0,
        "fRotation" : 0.0,
        "strID"     : "6c4762c8-d9c3-494d-82de-405eca878706",
        "bForceLoad" : false
      },
      {
        "strName" : "ItmFloorRYOF01",
        "fX"      : 50.0,
        "fY"      : -10.0,
        "fRotation" : 0.0,
        "strID"     : "93658ec7-67d5-4813-ae52-45afc0304af6",
        "bForceLoad" : false
      },
      {
        "strName" : "ItmFloorRYOF01",
        "fX"      : 49.0,
        "fY"      : -10.0,
        "fRotation" : 0.0,
        "strID"     : "bbc8fe49-f4ae-4e74-96b3-19721cd1992c",
        "bForceLoad" : false
      },
      {
        "strName" : "ItmFloorRYOF01",
        "fX"      : 48.0,
        "fY"      : -10.0,
        "fRotation" : 0.0,
        "strID"     : "f8ea1b0d-e1c5-424d-b6a1-db11823b7429",
        "bForceLoad" : false
      },
      {
        "strName" : "SysLootSpawner",
        "fX"      : 49.0,
        "fY"      : -9.0,
        "fRotation" : 0.0,
        "strID"     : "b3ded72b-19ba-4ef9-a552-87fb4f92956f",
        "bForceLoad" : false,
        "aGPMSettings" : [
          {
            "strName" : "Panel A",
            "dictGUIPropMap" : [
              "strGUIPrefab",
              "GUILootSpawn",
              "strFriendlyName",
              "Loot Spawner",
              "strGUIPrefabRight",
              null,
              "strGUIPrefabLeft",
              null,
              "strGUIPrefabUp",
              null,
              "strGUIPrefabDown",
              null,
              "strType",
              "Loot",
              "strLoot",
              "ItmDerelictMediumAirlock",
              "strRange",
              "1",
              "strCount",
              "1",
              "strDamaged",
              "True",
              "strDerelict",
              "True"
            ]
          }
        ]
      },
      {
        "strName" : "ItmConduit01",
        "fX"      : 51.0,
        "fY"      : -4.0,
        "fRotation" : 0.0,
        "strID"     : "336dd77a-cf5c-4c82-92f9-62f41b603680",
        "bForceLoad" : false
      },
      {
        "strName" : "ItmSwitch01On",
        "fX"      : 48.0,
        "fY"      : -3.0,
        "fRotation" : 90.0,
        "strID"     : "1c1adbab-2a34-4b0d-bff6-9f7285e0d4fc",
        "bForceLoad" : false
      },
      {
        "strName" : "SysLootSpawner",
        "fX"      : 47.0,
        "fY"      : 3.0,
        "fRotation" : 0.0,
        "strID"     : "ea397249-d58e-4d1e-992a-55a41096709e",
        "bForceLoad" : false,
        "aGPMSettings" : [
          {
            "strName" : "Panel A",
            "dictGUIPropMap" : [
              "strGUIPrefab",
              "GUILootSpawn",
              "strFriendlyName",
              "Loot Spawner",
              "strGUIPrefabRight",
              null,
              "strGUIPrefabLeft",
              null,
              "strGUIPrefabUp",
              null,
              "strGUIPrefabDown",
              null,
              "strType",
              "Loot",
              "strLoot",
              "ItmDerelictSpareFloorRYOF",
              "strRange",
              "1",
              "strCount",
              "1",
              "strDamaged",
              "True",
              "strDerelict",
              "True"
            ]
          }
        ]
      },
      {
        "strName" : "SysLootSpawner",
        "fX"      : 52.0,
        "fY"      : -2.0,
        "fRotation" : 0.0,
        "strID"     : "dfea850c-0438-4c6d-aa3d-e2fba09376a5",
        "bForceLoad" : false,
        "aGPMSettings" : [
          {
            "strName" : "Panel A",
            "dictGUIPropMap" : [
              "strGUIPrefab",
              "GUILootSpawn",
              "strFriendlyName",
              "Loot Spawner",
              "strGUIPrefabRight",
              null,
              "strGUIPrefabLeft",
              null,
              "strGUIPrefabUp",
              null,
              "strGUIPrefabDown",
              null,
              "strType",
              "Loot",
              "strLoot",
              "ItmDerelictSpareWallRYOB01",
              "strRange",
              "1",
              "strCount",
              "1",
              "strDamaged",
              "True",
              "strDerelict",
              "True"
            ]
          }
        ]
      },
      {
        "strName" : "ItmLitWall1x0",
        "fX"      : 48.0,
        "fY"      : -10.0,
        "fRotation" : 90.0,
        "strID"     : "71ef0099-c22b-49e0-9d4a-951574f68f67",
        "bForceLoad" : false
      },
      {
        "strName" : "ItmLitWall1x0",
        "fX"      : 50.0,
        "fY"      : -10.0,
        "fRotation" : 270.0,
        "strID"     : "4115318b-3e44-4a4d-bce6-928fdaac7303",
        "bForceLoad" : false
      },
      {
        "strName" : "Compartment",
        "fX"      : 43.0,
        "fY"      : 8.0,
        "fRotation" : 0.0,
        "strID"     : "2faf23fa-b5b2-438f-9551-1e910976557e",
        "bForceLoad" : false
      },
      {
        "strName" : "Compartment",
        "fX"      : 47.0,
        "fY"      : 6.0,
        "fRotation" : 0.0,
        "strID"     : "1b338375-cd57-47f7-912d-d6d90d6a68e8",
        "bForceLoad" : false
      },
      {
        "strName" : "Compartment",
        "fX"      : 47.0,
        "fY"      : -9.0,
        "fRotation" : 0.0,
        "strID"     : "84a340d2-3015-4ce2-af20-bd5eaea8d4d3",
        "bForceLoad" : false
      }
    ],
    "aShallowPSpecs"   : [
      {
        "strName" : "SysLootSpawner",
        "fX"      : 49.0,
        "fY"      : 0.0,
        "fRotation" : 0.0,
        "strID"     : "acdd8a73-9a2b-46ad-88b2-377871779884",
        "bForceLoad" : false,
        "aGPMSettings" : [
          {
            "strName" : "Panel A",
            "dictGUIPropMap" : [
              "strGUIPrefab",
              "GUILootSpawn",
              "strFriendlyName",
              "Loot Spawner",
              "strGUIPrefabRight",
              null,
              "strGUIPrefabLeft",
              null,
              "strGUIPrefabUp",
              null,
              "strGUIPrefabDown",
              null,
              "strType",
              "Pspec",
              "strLoot",
              "NotBoarding",
              "strRange",
              "3",
              "strCount",
              "0",
              "strNew",
              "True",
              "strDamaged",
              "True",
              "strDerelict",
              "True"
            ]
          }
        ]
      },
      {
        "strName" : "SysLootSpawner",
        "fX"      : 49.0,
        "fY"      : -10.0,
        "fRotation" : 0.0,
        "strID"     : "6c75fbe2-d3f7-4be1-b345-5818bfca7aff",
        "bForceLoad" : false,
        "aGPMSettings" : [
          {
            "strName" : "Panel A",
            "dictGUIPropMap" : [
              "strGUIPrefab",
              "GUILootSpawn",
              "strFriendlyName",
              "Loot Spawner",
              "strGUIPrefabRight",
              null,
              "strGUIPrefabLeft",
              null,
              "strGUIPrefabUp",
              null,
              "strGUIPrefabDown",
              null,
              "strType",
              "Pspec",
              "strLoot",
              "Boarding",
              "strRange",
              "1",
              "strCount",
              "0",
              "strNew",
              "True",
              "strDamaged",
              "True",
              "strDerelict",
              "True"
            ]
          }
        ]
      }
    ],
    "vShipPos"         : {
      "x" : 49.0,
      "y" : 0.0
    },
    "objSS"            : {
      "boPORShip" : "1036 Ganymed",
      "vPosx"     : 0.947511714762453,
      "vPosy"     : -1.56721104537283,
      "vBOOffsetx" : 6.00678934148391E-06,
      "vBOOffsety" : -4.77839194346075E-06,
      "vVelX"      : 1.68144571821571E-07,
      "vVelY"      : 1.20195429165193E-08,
      "vAccIn"     : {
        "x" : 0.0,
        "y" : 0.0
      },
      "vAccRCS"    : {
        "x" : 0.0,
        "y" : 0.0
      },
      "vAccEx"     : {
        "x" : 0.0,
        "y" : 0.0
      },
      "fRot"       : 0.602784,
      "fW"         : 0.0,
      "fA"         : 0.0,
      "bBOLocked"  : true,
      "bIsBO"      : false,
      "bIsRegion"  : false,
      "bIsNoFees"  : false
    },
    "aRooms"           : [
      {
        "strID" : "2faf23fa-b5b2-438f-9551-1e910976557e",
        "bVoid" : true,
        "aTiles" : [
          0,
          1,
          13,
          2,
          14,
          26,
          3,
          15,
          27,
          39,
          4,
          28,
          40,
          52,
          5,
          53,
          65,
          6,
          78,
          7,
          91,
          8,
          104,
          9,
          117,
          10,
          130,
          11,
          23,
          143,
          12,
          24,
          36,
          156,
          25,
          37,
          157,
          169,
          38,
          50,
          170,
          182,
          51,
          63,
          183,
          195,
          64,
          184,
          196,
          208,
          77,
          197,
          209,
          221,
          90,
          210,
          222,
          234,
          103,
          223,
          235,
          247,
          116,
          236,
          248,
          260,
          129,
          249,
          261,
          142,
          250,
          262,
          155,
          263,
          168,
          167,
          181,
          180,
          194,
          193,
          207,
          192,
          206,
          220,
          205,
          219,
          233,
          218,
          232,
          246,
          231,
          245,
          259,
          244,
          258,
          272,
          257,
          271,
          256,
          270,
          269
        ]
      },
      {
        "strID" : "1b338375-cd57-47f7-912d-d6d90d6a68e8",
        "bVoid" : false,
        "aTiles" : [
          30,
          31,
          43,
          32,
          44,
          56,
          33,
          45,
          57,
          55,
          69,
          34,
          46,
          58,
          70,
          68,
          82,
          47,
          59,
          71,
          83,
          81,
          95,
          60,
          72,
          84,
          96,
          80,
          94,
          108,
          61,
          73,
          85,
          97,
          109,
          93,
          107,
          121,
          74,
          86,
          98,
          110,
          122,
          120,
          134,
          87,
          99,
          111,
          123,
          135,
          119,
          133,
          147,
          88,
          100,
          112,
          124,
          136,
          148,
          132,
          146,
          160,
          101,
          113,
          125,
          137,
          149,
          161,
          159,
          173,
          126,
          138,
          150,
          162,
          174,
          186,
          127,
          139,
          151,
          163,
          175,
          187,
          199,
          140,
          152,
          164,
          176,
          188,
          200,
          165,
          177,
          189,
          201,
          190,
          202,
          214,
          203
        ]
      },
      {
        "strID" : "84a340d2-3015-4ce2-af20-bd5eaea8d4d3",
        "bVoid" : false,
        "aTiles" : [
          225,
          226,
          227,
          239,
          228,
          240,
          252,
          229,
          241,
          253,
          254,
          266
        ]
      }
    ],
    "DMGStatus"        : 2,
    "fLastVisit"       : 0.0,
    "fAIDockingTimer"  : 0.0,
    "fAIPauseTimer"    : 0.0,
    "bPrefill"         : true,
    "bNoCollisions"    : false,
    "dLastScanTime"    : 0.0,
    "bLocalAuthority"  : false,
    "bAIShip"          : false,
    "make"             : "Ryokka",
    "model"            : "T TU-65a",
    "year"             : "2059",
    "origin"           : "Encantado Aerostat",
    "designation"      : "Fuel Tug",
    "publicName"       : "Flat Earth Idealist",
    "dimensions"       : "0.32m x 3.52m",
    "fShallowMass"     : 6316.005,
    "fShallowRCSRemass" : 749.2463964,
    "fShallowRCSRemassMax" : 749.364694715254,
    "fShallowFusionRemain" : 0.0,
    "fBreakInMultiplier"   : 0.3329422,
    "nRCSCount"            : 4,
    "nRCSDistroCount"      : 2,
    "nDockCount"           : 1,
    "bFusionTorch"         : false
  }
]