
[
  {
    "strName" : "TankerPod Unmarked",
    "strRegID" : "O-SHQ",
    "nCurrentWaypoint" : -1,
    "fTimeEngaged"     : 5655.655,
    "aCOs"             : [
      {
        "strID" : "9d2c19a2-542b-4c25-b511-e971d0e5ed34",
        "strCODef" : "SysLootSpawner",
        "bAlive"   : true,
        "aConds"   : [
          "IsNonHighlightable=1.0x1",
          "IsHiddenInv=1.0x1",
          "IsLootSpawner=1.0x1",
          "IsSystem=1.0x1"
        ],
        "strCondID" : "SysLootSpawner9d2c19a2-542b-4c25-b511-e971d0e5ed34",
        "inventoryX" : 0,
        "inventoryY" : 0,
        "fDGasTemp"  : 0.0,
        "fLastICOUpdate" : 65627498854.0278,
        "nDestTile"      : 0,
        "strIdleAnim"    : "Idle",
        "aMyShips"       : [
          "O-SHQ"
        ],
        "strIMGPreview"  : "IcoLoot",
        "strFriendlyName" : "SysLootSpawner",
        "strRegIDLast"    : "O-SHQ"
      },
      {
        "strID" : "de778341-b44a-4fed-a040-6fc2456653b4",
        "strCODef" : "SysLootSpawner",
        "bAlive"   : true,
        "aConds"   : [
          "IsNonHighlightable=1.0x1",
          "IsHiddenInv=1.0x1",
          "IsLootSpawner=1.0x1",
          "IsSystem=1.0x1"
        ],
        "strCondID" : "SysLootSpawnerde778341-b44a-4fed-a040-6fc2456653b4",
        "inventoryX" : 0,
        "inventoryY" : 0,
        "fDGasTemp"  : 0.0,
        "fLastICOUpdate" : 65627498854.0278,
        "nDestTile"      : 0,
        "strIdleAnim"    : "Idle",
        "aMyShips"       : [
          "O-SHQ"
        ],
        "strIMGPreview"  : "IcoLoot",
        "strFriendlyName" : "SysLootSpawner",
        "strRegIDLast"    : "O-SHQ"
      }
    ],
    "aItems"           : [
      {
        "strName" : "ItmCanister01",
        "fX"      : -10.0,
        "fY"      : 12.0,
        "fRotation" : 0.0,
        "strID"     : "f7cddb3a-1a42-435f-84c1-4ca6de4cafb5",
        "bForceLoad" : false
      },
      {
        "strName" : "ItmCanister01",
        "fX"      : -8.0,
        "fY"      : 13.0,
        "fRotation" : 180.0,
        "strID"     : "a2248a91-3022-45ee-8361-f92f29d27304",
        "bForceLoad" : false
      },
      {
        "strName" : "ItmCanister01",
        "fX"      : -3.0,
        "fY"      : 13.0,
        "fRotation" : 90.0,
        "strID"     : "1ea016c7-e4a1-4e6b-9c1a-4dcd1a98bbe8",
        "bForceLoad" : false
      },
      {
        "strName" : "ItmCanister01",
        "fX"      : -8.0,
        "fY"      : 12.0,
        "fRotation" : 90.0,
        "strID"     : "4e526273-3da8-4558-b6f5-4e49f0eb7608",
        "bForceLoad" : false
      },
      {
        "strName" : "ItmFloorRYOF01",
        "fX"      : -7.0,
        "fY"      : 7.0,
        "fRotation" : 0.0,
        "strID"     : "78910369-52d7-49df-b2d3-18a46b501799",
        "bForceLoad" : false
      },
      {
        "strName" : "ItmFloorRYOF01",
        "fX"      : -6.0,
        "fY"      : 7.0,
        "fRotation" : 0.0,
        "strID"     : "cccdc56e-368f-4bd5-b4a0-ce40a7977f8d",
        "bForceLoad" : false
      },
      {
        "strName" : "ItmFloorRYOF01",
        "fX"      : -5.0,
        "fY"      : 7.0,
        "fRotation" : 0.0,
        "strID"     : "0dcb26f7-d00d-4e94-83e3-a143a27b9c00",
        "bForceLoad" : false
      },
      {
        "strName" : "ItmLitWall1x0",
        "fX"      : -5.0,
        "fY"      : 7.0,
        "fRotation" : 270.0,
        "strID"     : "a968b45c-3130-43c1-9ab5-7f969dabaf23",
        "bForceLoad" : false
      },
      {
        "strName" : "ItmFloorRYOF04",
        "fX"      : -7.0,
        "fY"      : 6.0,
        "fRotation" : 270.0,
        "strID"     : "fbf3cd35-642c-4cc0-a13a-2b2531b50c4e",
        "bForceLoad" : false
      },
      {
        "strName" : "ItmFloorRYOF04",
        "fX"      : -6.0,
        "fY"      : 6.0,
        "fRotation" : 270.0,
        "strID"     : "d7ec56ee-44f1-4df9-a7b9-d334b848cd26",
        "bForceLoad" : false
      },
      {
        "strName" : "ItmFloorRYOF04",
        "fX"      : -5.0,
        "fY"      : 6.0,
        "fRotation" : 270.0,
        "strID"     : "a2d4604c-fbf4-4f99-9e92-ed2ca3719d7d",
        "bForceLoad" : false
      },
      {
        "strName" : "ItmDockSys02Closed",
        "fX"      : -6.0,
        "fY"      : 5.5,
        "fRotation" : 180.0,
        "strID"     : "90ddd594-2a24-497f-b874-6d637392c94f",
        "bForceLoad" : false
      },
      {
        "strName" : "ItmFloorRYOF01",
        "fX"      : -8.0,
        "fY"      : 7.0,
        "fRotation" : 0.0,
        "strID"     : "5ebf57c0-7636-4aec-a79d-465ce41030f0",
        "bForceLoad" : false
      },
      {
        "strName" : "ItmFloorRYOF01",
        "fX"      : -4.0,
        "fY"      : 7.0,
        "fRotation" : 0.0,
        "strID"     : "2ffcf438-2d7b-4c61-a624-4845d4e4a59f",
        "bForceLoad" : false
      },
      {
        "strName" : "ItmFloorRYOF01",
        "fX"      : -9.0,
        "fY"      : 7.0,
        "fRotation" : 0.0,
        "strID"     : "76c8e292-7eff-4024-8035-ad6d8c27bb8d",
        "bForceLoad" : false
      },
      {
        "strName" : "ItmFloorRYOF01",
        "fX"      : -9.0,
        "fY"      : 8.0,
        "fRotation" : 0.0,
        "strID"     : "4f1e2acf-e1dd-4d53-a37a-fdb2e1b3b6c7",
        "bForceLoad" : false
      },
      {
        "strName" : "ItmLitWall1x0",
        "fX"      : -9.0,
        "fY"      : 6.0,
        "fRotation" : 270.0,
        "strID"     : "add1e89b-2831-43bb-a78b-cd915c1b979e",
        "bForceLoad" : false
      },
      {
        "strName" : "ItmConduit01",
        "fX"      : -8.0,
        "fY"      : 7.0,
        "fRotation" : 0.0,
        "strID"     : "f2307350-d111-4f16-a26b-6d3ba625aed3",
        "bForceLoad" : false
      },
      {
        "strName" : "ItmFloorRYOF01",
        "fX"      : -3.0,
        "fY"      : 7.0,
        "fRotation" : 0.0,
        "strID"     : "eed72173-1020-4894-839d-f767ed63100c",
        "bForceLoad" : false
      },
      {
        "strName" : "ItmFloorRYOF01",
        "fX"      : -3.0,
        "fY"      : 8.0,
        "fRotation" : 0.0,
        "strID"     : "d5aad303-a106-4e4d-a371-8fcd6007c8d9",
        "bForceLoad" : false
      },
      {
        "strName" : "ItmFloorRYOF01",
        "fX"      : -9.0,
        "fY"      : 9.0,
        "fRotation" : 0.0,
        "strID"     : "438bc400-d9d3-401c-86f4-cc4c0209557a",
        "bForceLoad" : false
      },
      {
        "strName" : "ItmFloorRYOF01",
        "fX"      : -8.0,
        "fY"      : 9.0,
        "fRotation" : 0.0,
        "strID"     : "cb79e080-9780-4f73-b8b2-a1976659b49e",
        "bForceLoad" : false
      },
      {
        "strName" : "ItmFloorRYOF01",
        "fX"      : -8.0,
        "fY"      : 10.0,
        "fRotation" : 0.0,
        "strID"     : "e6d2cd34-89ac-4d4b-aca8-986488c3623f",
        "bForceLoad" : false
      },
      {
        "strName" : "ItmFloorRYOF01",
        "fX"      : -9.0,
        "fY"      : 10.0,
        "fRotation" : 0.0,
        "strID"     : "9089930b-88d6-435a-ab97-cc02cc1a4a4a",
        "bForceLoad" : false
      },
      {
        "strName" : "ItmConduit01",
        "fX"      : -8.0,
        "fY"      : 9.0,
        "fRotation" : 0.0,
        "strID"     : "3c398313-e510-48ba-9665-452437249d00",
        "bForceLoad" : false
      },
      {
        "strName" : "ItmFloorRYOF01",
        "fX"      : -2.0,
        "fY"      : 9.0,
        "fRotation" : 0.0,
        "strID"     : "bb15ccb6-7dae-4b31-ba74-0842b4f668d9",
        "bForceLoad" : false
      },
      {
        "strName" : "ItmFloorRYOF04",
        "fX"      : -2.0,
        "fY"      : 10.0,
        "fRotation" : 180.0,
        "strID"     : "329229ac-d3c3-49c7-af37-f27d00c8b729",
        "bForceLoad" : false
      },
      {
        "strName" : "ItmFloorRYOF04",
        "fX"      : -2.0,
        "fY"      : 11.0,
        "fRotation" : 90.0,
        "strID"     : "bfcd6a5e-6e06-479d-9b38-49d3bea58c36",
        "bForceLoad" : false
      },
      {
        "strName" : "ItmFloorRYOF05",
        "fX"      : -2.0,
        "fY"      : 12.0,
        "fRotation" : 0.0,
        "strID"     : "8294154d-83ac-4a43-9b2c-558d6a8bad62",
        "bForceLoad" : false
      },
      {
        "strName" : "ItmFloorRYOF05",
        "fX"      : -2.0,
        "fY"      : 13.0,
        "fRotation" : 0.0,
        "strID"     : "5c98e29a-be40-4d7a-a611-bc38ad09a99e",
        "bForceLoad" : false
      },
      {
        "strName" : "ItmFloorRYOF04",
        "fX"      : -2.0,
        "fY"      : 14.0,
        "fRotation" : 180.0,
        "strID"     : "8641874b-044d-4ea8-82df-97a1f6f792e6",
        "bForceLoad" : false
      },
      {
        "strName" : "ItmFloorRYOF01",
        "fX"      : -2.0,
        "fY"      : 15.0,
        "fRotation" : 0.0,
        "strID"     : "05b02609-f269-4377-bccd-efcdfceedb76",
        "bForceLoad" : false
      },
      {
        "strName" : "ItmFloorRYOF01",
        "fX"      : -2.0,
        "fY"      : 16.0,
        "fRotation" : 0.0,
        "strID"     : "f7249320-3b5e-43e0-993e-2ad180f52121",
        "bForceLoad" : false
      },
      {
        "strName" : "ItmFloorRYOF01",
        "fX"      : -3.0,
        "fY"      : 15.0,
        "fRotation" : 0.0,
        "strID"     : "20aca449-f0a6-4f93-a1b8-6d8c06ea4d90",
        "bForceLoad" : false
      },
      {
        "strName" : "ItmFloorRYOF04",
        "fX"      : -3.0,
        "fY"      : 14.0,
        "fRotation" : 270.0,
        "strID"     : "ec94fe06-29d5-4eb4-af66-e5c8ee9d027a",
        "bForceLoad" : false
      },
      {
        "strName" : "ItmFloorRYOF05",
        "fX"      : -3.0,
        "fY"      : 13.0,
        "fRotation" : 0.0,
        "strID"     : "d5bccda2-5ea6-4e2d-b6b2-6b82f6920825",
        "bForceLoad" : false
      },
      {
        "strName" : "ItmFloorRYOF01",
        "fX"      : -8.0,
        "fY"      : 8.0,
        "fRotation" : 0.0,
        "strID"     : "b4e9a6b4-b400-491a-a17f-d6fc9333c024",
        "bForceLoad" : false
      },
      {
        "strName" : "ItmFloorRYOF01",
        "fX"      : -3.0,
        "fY"      : 9.0,
        "fRotation" : 0.0,
        "strID"     : "8cb285b6-33a1-4c69-9f10-c1cd9cad55e6",
        "bForceLoad" : false
      },
      {
        "strName" : "ItmFloorRYOF01",
        "fX"      : -4.0,
        "fY"      : 9.0,
        "fRotation" : 0.0,
        "strID"     : "9c3488b2-a74a-47af-9657-cc91b736b05e",
        "bForceLoad" : false
      },
      {
        "strName" : "ItmFloorRYOF05",
        "fX"      : -3.0,
        "fY"      : 12.0,
        "fRotation" : 0.0,
        "strID"     : "8b1ef5fb-fa19-4fa0-a844-0e498d47771c",
        "bForceLoad" : false
      },
      {
        "strName" : "ItmFloorRYOF04",
        "fX"      : -3.0,
        "fY"      : 11.0,
        "fRotation" : 90.0,
        "strID"     : "fe3fcd55-9837-43b8-8450-8d15b88487f9",
        "bForceLoad" : false
      },
      {
        "strName" : "ItmFloorRYOF05",
        "fX"      : -8.0,
        "fY"      : 13.0,
        "fRotation" : 0.0,
        "strID"     : "21f75dd0-0151-47ab-aa6b-6ad4fa971e83",
        "bForceLoad" : false
      },
      {
        "strName" : "ItmFloorRYOF01",
        "fX"      : -4.0,
        "fY"      : 8.0,
        "fRotation" : 0.0,
        "strID"     : "41979b4c-cbad-438b-b7ce-1ef83bb069e8",
        "bForceLoad" : false
      },
      {
        "strName" : "ItmFloorRYOF04",
        "fX"      : -9.0,
        "fY"      : 11.0,
        "fRotation" : 90.0,
        "strID"     : "60520e61-0f00-4497-9326-569f7cfa4691",
        "bForceLoad" : false
      },
      {
        "strName" : "ItmFloorRYOF04",
        "fX"      : -8.0,
        "fY"      : 11.0,
        "fRotation" : 90.0,
        "strID"     : "d2a4be6b-b593-44c9-a70f-d2949df8a489",
        "bForceLoad" : false
      },
      {
        "strName" : "ItmFloorRYOF05",
        "fX"      : -8.0,
        "fY"      : 12.0,
        "fRotation" : 0.0,
        "strID"     : "e7998d77-be63-4317-ad68-5ee79da5b759",
        "bForceLoad" : false
      },
      {
        "strName" : "ItmFloorRYOF05",
        "fX"      : -9.0,
        "fY"      : 12.0,
        "fRotation" : 0.0,
        "strID"     : "0d01356b-02d4-4793-a79b-8083012fae8f",
        "bForceLoad" : false
      },
      {
        "strName" : "ItmFloorRYOF05",
        "fX"      : -4.0,
        "fY"      : 13.0,
        "fRotation" : 0.0,
        "strID"     : "225ec672-a112-4bbc-a0a7-a4f0b8606647",
        "bForceLoad" : false
      },
      {
        "strName" : "ItmFloorRYOF04",
        "fX"      : -4.0,
        "fY"      : 14.0,
        "fRotation" : 270.0,
        "strID"     : "9c69d764-7dc3-4623-a1ba-59f3adc726bc",
        "bForceLoad" : false
      },
      {
        "strName" : "ItmFloorRYOF01",
        "fX"      : -4.0,
        "fY"      : 15.0,
        "fRotation" : 0.0,
        "strID"     : "b33cb80e-19e5-49ed-b526-4c58ed9a2fcc",
        "bForceLoad" : false
      },
      {
        "strName" : "ItmFloorRYOF01",
        "fX"      : -5.0,
        "fY"      : 15.0,
        "fRotation" : 0.0,
        "strID"     : "d40e3330-62a4-41bc-93ab-3d1a3c3853bf",
        "bForceLoad" : false
      },
      {
        "strName" : "ItmFloorRYOF01",
        "fX"      : -6.0,
        "fY"      : 15.0,
        "fRotation" : 0.0,
        "strID"     : "6207ef93-1a83-47cd-be68-abfeaca5d28d",
        "bForceLoad" : false
      },
      {
        "strName" : "ItmFloorRYOF01",
        "fX"      : -7.0,
        "fY"      : 15.0,
        "fRotation" : 0.0,
        "strID"     : "41dbed8b-e06c-45ad-b553-44048107d03e",
        "bForceLoad" : false
      },
      {
        "strName" : "ItmFloorRYOF01",
        "fX"      : -8.0,
        "fY"      : 15.0,
        "fRotation" : 0.0,
        "strID"     : "6f71541d-02b0-45bb-ba81-d264c43b6fb7",
        "bForceLoad" : false
      },
      {
        "strName" : "ItmFloorRYOF04",
        "fX"      : -8.0,
        "fY"      : 14.0,
        "fRotation" : 270.0,
        "strID"     : "b7e0b444-227c-40ec-911b-2de518f497d7",
        "bForceLoad" : false
      },
      {
        "strName" : "ItmFloorRYOF04",
        "fX"      : -7.0,
        "fY"      : 12.0,
        "fRotation" : 180.0,
        "strID"     : "c74e8c83-4fe9-410c-95ad-e6ce550440f5",
        "bForceLoad" : false
      },
      {
        "strName" : "ItmFloorRYOF01",
        "fX"      : -7.0,
        "fY"      : 11.0,
        "fRotation" : 0.0,
        "strID"     : "837bc845-8345-4638-bd47-8b9b40b5648f",
        "bForceLoad" : false
      },
      {
        "strName" : "ItmFloorRYOF01",
        "fX"      : -6.0,
        "fY"      : 10.0,
        "fRotation" : 0.0,
        "strID"     : "527864bc-192f-4872-9b32-8d4416ebc8e7",
        "bForceLoad" : false
      },
      {
        "strName" : "ItmFloorRYOF01",
        "fX"      : -6.0,
        "fY"      : 11.0,
        "fRotation" : 0.0,
        "strID"     : "6c08ff62-63a3-4e2e-962b-7841ed5fb7e6",
        "bForceLoad" : false
      },
      {
        "strName" : "ItmFloorRYOF01",
        "fX"      : -6.0,
        "fY"      : 12.0,
        "fRotation" : 0.0,
        "strID"     : "a39afcb6-f859-4404-942d-1dddc7aa735c",
        "bForceLoad" : false
      },
      {
        "strName" : "ItmFloorRYOF01",
        "fX"      : -6.0,
        "fY"      : 13.0,
        "fRotation" : 0.0,
        "strID"     : "02411932-defd-4509-93d8-bf7ec34534b7",
        "bForceLoad" : false
      },
      {
        "strName" : "ItmFloorRYOF01",
        "fX"      : -7.0,
        "fY"      : 14.0,
        "fRotation" : 0.0,
        "strID"     : "021e79ad-3f73-4c4b-9f83-a8238c5352c6",
        "bForceLoad" : false
      },
      {
        "strName" : "ItmFloorRYOF04",
        "fX"      : -7.0,
        "fY"      : 13.0,
        "fRotation" : 180.0,
        "strID"     : "5c710abe-0b55-466e-9755-95600d66c2d2",
        "bForceLoad" : false
      },
      {
        "strName" : "ItmFloorRYOF01",
        "fX"      : -7.0,
        "fY"      : 10.0,
        "fRotation" : 0.0,
        "strID"     : "50c7c8be-7984-461d-ad31-32f78dfc82cc",
        "bForceLoad" : false
      },
      {
        "strName" : "ItmFloorRYOF01",
        "fX"      : -6.0,
        "fY"      : 9.0,
        "fRotation" : 0.0,
        "strID"     : "2a1389cf-02ee-4f9b-94f7-42923a62b4a5",
        "bForceLoad" : false
      },
      {
        "strName" : "ItmFloorRYOF01",
        "fX"      : -5.0,
        "fY"      : 10.0,
        "fRotation" : 0.0,
        "strID"     : "f13283c7-bf35-4a20-ab85-b9faccdd3a16",
        "bForceLoad" : false
      },
      {
        "strName" : "ItmFloorRYOF01",
        "fX"      : -5.0,
        "fY"      : 11.0,
        "fRotation" : 0.0,
        "strID"     : "902d6cfa-3940-42b4-abe5-6e62e26e9cca",
        "bForceLoad" : false
      },
      {
        "strName" : "ItmFloorRYOF04",
        "fX"      : -5.0,
        "fY"      : 12.0,
        "fRotation" : 0.0,
        "strID"     : "92a0ebdd-9431-4253-a91b-8a23f105072e",
        "bForceLoad" : false
      },
      {
        "strName" : "ItmFloorRYOF04",
        "fX"      : -5.0,
        "fY"      : 13.0,
        "fRotation" : 0.0,
        "strID"     : "14436779-55ee-4f1a-8bfb-c29b2d49ed15",
        "bForceLoad" : false
      },
      {
        "strName" : "ItmFloorRYOF01",
        "fX"      : -5.0,
        "fY"      : 14.0,
        "fRotation" : 0.0,
        "strID"     : "311a7ff6-84ad-479b-9e2d-054960915ea5",
        "bForceLoad" : false
      },
      {
        "strName" : "ItmFloorRYOF01",
        "fX"      : -6.0,
        "fY"      : 14.0,
        "fRotation" : 0.0,
        "strID"     : "befba7f9-b0f6-47b5-bcba-f84f774bfdd9",
        "bForceLoad" : false
      },
      {
        "strName" : "ItmFloorRYOF01",
        "fX"      : -5.0,
        "fY"      : 9.0,
        "fRotation" : 0.0,
        "strID"     : "2a06f60d-1099-48be-ac15-4c5cb1c49a66",
        "bForceLoad" : false
      },
      {
        "strName" : "ItmFloorRYOF04",
        "fX"      : -5.0,
        "fY"      : 8.0,
        "fRotation" : 90.0,
        "strID"     : "1775938c-890f-4677-9c98-4391d7ede653",
        "bForceLoad" : false
      },
      {
        "strName" : "ItmFloorRYOF01",
        "fX"      : -7.0,
        "fY"      : 9.0,
        "fRotation" : 0.0,
        "strID"     : "0b3e3db3-d957-4be4-964d-5999a2f0eec2",
        "bForceLoad" : false
      },
      {
        "strName" : "ItmFloorRYOF04",
        "fX"      : -6.0,
        "fY"      : 8.0,
        "fRotation" : 90.0,
        "strID"     : "89d3e56c-8b7a-4b48-b86d-2e3988143f03",
        "bForceLoad" : false
      },
      {
        "strName" : "ItmFloorRYOF04",
        "fX"      : -7.0,
        "fY"      : 8.0,
        "fRotation" : 90.0,
        "strID"     : "62712f90-16d2-47b0-9a8c-cb61fefed7c9",
        "bForceLoad" : false
      },
      {
        "strName" : "ItmFloorRYOF01",
        "fX"      : -3.0,
        "fY"      : 10.0,
        "fRotation" : 0.0,
        "strID"     : "e94cc99f-5ab0-47d3-85de-d1edae39d0c5",
        "bForceLoad" : false
      },
      {
        "strName" : "ItmFloorRYOF01",
        "fX"      : -4.0,
        "fY"      : 10.0,
        "fRotation" : 0.0,
        "strID"     : "b35ab15a-ab1e-4c55-b097-bbc5d9ec3c99",
        "bForceLoad" : false
      },
      {
        "strName" : "ItmFloorRYOF04",
        "fX"      : -4.0,
        "fY"      : 11.0,
        "fRotation" : 90.0,
        "strID"     : "f3317c64-4c2b-4cca-8152-32f848e98e04",
        "bForceLoad" : false
      },
      {
        "strName" : "ItmFloorRYOF05",
        "fX"      : -4.0,
        "fY"      : 12.0,
        "fRotation" : 0.0,
        "strID"     : "ebf67996-0e06-41ff-9c0c-9f99af4e9a2c",
        "bForceLoad" : false
      },
      {
        "strName" : "ItmFloorRYOF05",
        "fX"      : -9.0,
        "fY"      : 13.0,
        "fRotation" : 0.0,
        "strID"     : "786c48f9-83d0-4ed9-a7ef-04d50e423436",
        "bForceLoad" : false
      },
      {
        "strName" : "ItmFloorRYOF04",
        "fX"      : -9.0,
        "fY"      : 14.0,
        "fRotation" : 270.0,
        "strID"     : "3b1641ff-973e-4ba7-8caf-ff62a0107142",
        "bForceLoad" : false
      },
      {
        "strName" : "ItmFloorRYOF01",
        "fX"      : -9.0,
        "fY"      : 15.0,
        "fRotation" : 0.0,
        "strID"     : "f214324e-ce6b-4afe-a1ee-fc6e1a4e50f4",
        "bForceLoad" : false
      },
      {
        "strName" : "ItmConduit01",
        "fX"      : -9.0,
        "fY"      : 9.0,
        "fRotation" : 0.0,
        "strID"     : "3c073db2-b421-4d3a-af80-1d0fb9e7fe84",
        "bForceLoad" : false
      },
      {
        "strName" : "ItmFloorRYOF01",
        "fX"      : -10.0,
        "fY"      : 9.0,
        "fRotation" : 0.0,
        "strID"     : "4d6e3c35-ca01-4852-bbb8-aa87c701ce4d",
        "bForceLoad" : false
      },
      {
        "strName" : "ItmFloorRYOF04",
        "fX"      : -10.0,
        "fY"      : 10.0,
        "fRotation" : 0.0,
        "strID"     : "c69a6198-8c0b-464f-9346-cd1c2a8e0937",
        "bForceLoad" : false
      },
      {
        "strName" : "ItmFloorRYOF04",
        "fX"      : -10.0,
        "fY"      : 11.0,
        "fRotation" : 90.0,
        "strID"     : "7499f936-02e3-4af8-8dc0-d798ee3e761e",
        "bForceLoad" : false
      },
      {
        "strName" : "ItmFloorRYOF05",
        "fX"      : -10.0,
        "fY"      : 12.0,
        "fRotation" : 0.0,
        "strID"     : "fa8bd5c9-1973-4d6b-a363-be655be871f6",
        "bForceLoad" : false
      },
      {
        "strName" : "ItmFloorRYOF05",
        "fX"      : -10.0,
        "fY"      : 13.0,
        "fRotation" : 0.0,
        "strID"     : "18cfd0c5-aec4-467c-ac83-20973f6c2466",
        "bForceLoad" : false
      },
      {
        "strName" : "ItmFloorRYOF04",
        "fX"      : -10.0,
        "fY"      : 14.0,
        "fRotation" : 0.0,
        "strID"     : "0146659e-fb31-47d3-91dc-1d97848f88ce",
        "bForceLoad" : false
      },
      {
        "strName" : "ItmFloorRYOF01",
        "fX"      : -10.0,
        "fY"      : 15.0,
        "fRotation" : 0.0,
        "strID"     : "cd4fe6ee-0820-4c2d-83eb-0158dcf0d3cf",
        "bForceLoad" : false
      },
      {
        "strName" : "ItmFloorRYOF01",
        "fX"      : -10.0,
        "fY"      : 16.0,
        "fRotation" : 0.0,
        "strID"     : "c61c1f90-7097-4df7-8792-279937381eae",
        "bForceLoad" : false
      },
      {
        "strName" : "ItmFloorRYOF01",
        "fX"      : -3.0,
        "fY"      : 16.0,
        "fRotation" : 0.0,
        "strID"     : "c18f5276-aaa7-44db-bb49-95d45af5ed5d",
        "bForceLoad" : false
      },
      {
        "strName" : "ItmFloorRYOF01",
        "fX"      : -4.0,
        "fY"      : 16.0,
        "fRotation" : 0.0,
        "strID"     : "0fb80fb7-2697-46d5-bfd3-d195d738c999",
        "bForceLoad" : false
      },
      {
        "strName" : "ItmFloorRYOF01",
        "fX"      : -5.0,
        "fY"      : 16.0,
        "fRotation" : 0.0,
        "strID"     : "b588286b-06b6-4ec7-a270-08375f198d69",
        "bForceLoad" : false
      },
      {
        "strName" : "ItmFloorRYOF01",
        "fX"      : -6.0,
        "fY"      : 16.0,
        "fRotation" : 0.0,
        "strID"     : "30264bb6-9221-4815-b9ee-08d1aff299e1",
        "bForceLoad" : false
      },
      {
        "strName" : "ItmFloorRYOF01",
        "fX"      : -7.0,
        "fY"      : 16.0,
        "fRotation" : 0.0,
        "strID"     : "02816a39-c7f6-44f1-abe9-db79f18c4f03",
        "bForceLoad" : false
      },
      {
        "strName" : "ItmFloorRYOF01",
        "fX"      : -8.0,
        "fY"      : 16.0,
        "fRotation" : 0.0,
        "strID"     : "181d87a1-6358-4969-b1d3-6456e8373191",
        "bForceLoad" : false
      },
      {
        "strName" : "ItmFloorRYOF01",
        "fX"      : -9.0,
        "fY"      : 16.0,
        "fRotation" : 0.0,
        "strID"     : "44af76ae-57d4-4315-8278-3764fdb82a46",
        "bForceLoad" : false
      },
      {
        "strName" : "ItmFloorRYOF01",
        "fX"      : -3.0,
        "fY"      : 17.0,
        "fRotation" : 0.0,
        "strID"     : "c30dfda3-e4dd-421e-a0c5-5804991a8016",
        "bForceLoad" : false
      },
      {
        "strName" : "ItmFloorRYOF01",
        "fX"      : -4.0,
        "fY"      : 17.0,
        "fRotation" : 0.0,
        "strID"     : "104692e9-dea9-4228-95c2-d6c770c5d3aa",
        "bForceLoad" : false
      },
      {
        "strName" : "ItmFloorRYOF01",
        "fX"      : -5.0,
        "fY"      : 17.0,
        "fRotation" : 0.0,
        "strID"     : "7544b28f-efad-4bbd-879c-cf0b73018ed9",
        "bForceLoad" : false
      },
      {
        "strName" : "ItmFloorRYOF01",
        "fX"      : -5.0,
        "fY"      : 18.0,
        "fRotation" : 0.0,
        "strID"     : "0333ca0a-a6db-408b-a85a-e0c68429003e",
        "bForceLoad" : false
      },
      {
        "strName" : "ItmFloorRYOF01",
        "fX"      : -4.0,
        "fY"      : 18.0,
        "fRotation" : 0.0,
        "strID"     : "819b769a-4631-4b79-b839-2756cab8a341",
        "bForceLoad" : false
      },
      {
        "strName" : "ItmFloorRYOF01",
        "fX"      : -3.0,
        "fY"      : 18.0,
        "fRotation" : 0.0,
        "strID"     : "6e99386f-2144-4533-be6e-887b21acca6a",
        "bForceLoad" : false
      },
      {
        "strName" : "ItmFloorRYOF01",
        "fX"      : -2.0,
        "fY"      : 17.0,
        "fRotation" : 0.0,
        "strID"     : "c8a2744f-4c4b-4ea7-bf9b-3c8a9f92fc60",
        "bForceLoad" : false
      },
      {
        "strName" : "ItmFloorRYOF01",
        "fX"      : -2.0,
        "fY"      : 18.0,
        "fRotation" : 0.0,
        "strID"     : "514271a0-2779-4e95-8799-bc966602ec7d",
        "bForceLoad" : false
      },
      {
        "strName" : "ItmFloorRYOF01",
        "fX"      : -2.0,
        "fY"      : 19.0,
        "fRotation" : 0.0,
        "strID"     : "62d39469-015b-4499-b2c7-6bc41ab30d2b",
        "bForceLoad" : false
      },
      {
        "strName" : "ItmFloorRYOF01",
        "fX"      : -3.0,
        "fY"      : 19.0,
        "fRotation" : 0.0,
        "strID"     : "954a00a4-67fb-4407-8ac2-089e4da49608",
        "bForceLoad" : false
      },
      {
        "strName" : "ItmFloorRYOF01",
        "fX"      : -4.0,
        "fY"      : 19.0,
        "fRotation" : 0.0,
        "strID"     : "bfd87e52-aa88-43f2-bf56-55456b7463c7",
        "bForceLoad" : false
      },
      {
        "strName" : "ItmFloorRYOF01",
        "fX"      : -5.0,
        "fY"      : 19.0,
        "fRotation" : 0.0,
        "strID"     : "79890386-3168-47a0-b6ac-740df126d346",
        "bForceLoad" : false
      },
      {
        "strName" : "ItmFloorRYOF01",
        "fX"      : -6.0,
        "fY"      : 19.0,
        "fRotation" : 0.0,
        "strID"     : "1208ddb2-63e3-4fce-9582-0145093a462e",
        "bForceLoad" : false
      },
      {
        "strName" : "ItmFloorRYOF01",
        "fX"      : -6.0,
        "fY"      : 18.0,
        "fRotation" : 0.0,
        "strID"     : "8f832094-64e8-4bf8-808e-3c00017b2602",
        "bForceLoad" : false
      },
      {
        "strName" : "ItmFloorRYOF01",
        "fX"      : -6.0,
        "fY"      : 17.0,
        "fRotation" : 0.0,
        "strID"     : "396b8bb1-1798-4097-83e0-595ffc9f95c6",
        "bForceLoad" : false
      },
      {
        "strName" : "ItmFloorRYOF01",
        "fX"      : -7.0,
        "fY"      : 17.0,
        "fRotation" : 0.0,
        "strID"     : "76dac5af-44df-471a-bfbb-b5c7336c5100",
        "bForceLoad" : false
      },
      {
        "strName" : "ItmFloorRYOF01",
        "fX"      : -8.0,
        "fY"      : 17.0,
        "fRotation" : 0.0,
        "strID"     : "78097d29-3977-4688-b4de-ca1e1e137545",
        "bForceLoad" : false
      },
      {
        "strName" : "ItmFloorRYOF01",
        "fX"      : -9.0,
        "fY"      : 17.0,
        "fRotation" : 0.0,
        "strID"     : "0c31ce07-04b4-4a16-8d02-60474c7860ef",
        "bForceLoad" : false
      },
      {
        "strName" : "ItmFloorRYOF01",
        "fX"      : -10.0,
        "fY"      : 17.0,
        "fRotation" : 0.0,
        "strID"     : "d0ece100-411c-4303-9bae-2db88b8b33ad",
        "bForceLoad" : false
      },
      {
        "strName" : "ItmConduit01",
        "fX"      : -8.0,
        "fY"      : 14.0,
        "fRotation" : 0.0,
        "strID"     : "dcf97a36-4586-4f6a-9f1a-c49a4dad631d",
        "bForceLoad" : false
      },
      {
        "strName" : "ItmConduit01",
        "fX"      : -9.0,
        "fY"      : 8.0,
        "fRotation" : 0.0,
        "strID"     : "0d11268d-d647-4d45-8862-6d1040b6abcd",
        "bForceLoad" : false
      },
      {
        "strName" : "ItmWallRYOB01",
        "fX"      : -3.0,
        "fY"      : 9.0,
        "fRotation" : 0.0,
        "strID"     : "cb5bfabe-7c33-4b1d-8452-8bcf6588003d",
        "bForceLoad" : false
      },
      {
        "strName" : "ItmConduit01",
        "fX"      : -4.0,
        "fY"      : 9.0,
        "fRotation" : 0.0,
        "strID"     : "41f0868b-34f5-41be-b6d5-900229371d4b",
        "bForceLoad" : false
      },
      {
        "strName" : "ItmWallRYOB01",
        "fX"      : -2.0,
        "fY"      : 9.0,
        "fRotation" : 0.0,
        "strID"     : "5d7e265d-9d3e-41a5-9440-51c527fa0916",
        "bForceLoad" : false
      },
      {
        "strName" : "ItmRCSCluster01",
        "fX"      : -0.9999998,
        "fY"      : 14.0,
        "fRotation" : 270.0,
        "strID"     : "36deb1b7-0548-4198-a4c8-646af49a48aa",
        "bForceLoad" : false
      },
      {
        "strName" : "ItmConduit01",
        "fX"      : -1.0,
        "fY"      : 11.0,
        "fRotation" : 0.0,
        "strID"     : "d788028c-b711-4dac-b57c-33e25313cc60",
        "bForceLoad" : false
      },
      {
        "strName" : "ItmConduit01",
        "fX"      : -1.0,
        "fY"      : 12.0,
        "fRotation" : 0.0,
        "strID"     : "05e63a52-0dc1-43e9-a9a5-6152d957e898",
        "bForceLoad" : false
      },
      {
        "strName" : "ItmConduit01",
        "fX"      : -1.0,
        "fY"      : 14.0,
        "fRotation" : 0.0,
        "strID"     : "d07bdb3c-6282-4a12-884d-dc502211efeb",
        "bForceLoad" : false
      },
      {
        "strName" : "ItmConduit01",
        "fX"      : -2.0,
        "fY"      : 14.0,
        "fRotation" : 0.0,
        "strID"     : "dd7bf860-7e3f-492f-aa8e-cfa3e18be6e8",
        "bForceLoad" : false
      },
      {
        "strName" : "ItmWallRYOB01",
        "fX"      : -2.0,
        "fY"      : 15.0,
        "fRotation" : 0.0,
        "strID"     : "39e04dbe-b241-4388-8421-8f798c43d2de",
        "bForceLoad" : false
      },
      {
        "strName" : "ItmWallRYOB01",
        "fX"      : -2.0,
        "fY"      : 16.0,
        "fRotation" : 0.0,
        "strID"     : "2d71c52f-8aeb-4721-838c-450b6434cb56",
        "bForceLoad" : false
      },
      {
        "strName" : "ItmWallRYOB01",
        "fX"      : -2.0,
        "fY"      : 17.0,
        "fRotation" : 0.0,
        "strID"     : "0e73143b-71f8-4b25-8aee-95ff5aa262b2",
        "bForceLoad" : false
      },
      {
        "strName" : "ItmWallRYOB01",
        "fX"      : -2.0,
        "fY"      : 18.0,
        "fRotation" : 0.0,
        "strID"     : "2df37a42-6ea1-4568-a4d0-0ceeb59737e2",
        "bForceLoad" : false
      },
      {
        "strName" : "ItmFloorRYOF01",
        "fX"      : -3.0,
        "fY"      : 20.0,
        "fRotation" : 0.0,
        "strID"     : "c84007aa-b285-402e-b29b-62f67cbf0634",
        "bForceLoad" : false
      },
      {
        "strName" : "ItmFloorRYOF01",
        "fX"      : -4.0,
        "fY"      : 20.0,
        "fRotation" : 0.0,
        "strID"     : "fea1b60b-98c7-480f-b919-13addc4c4cdb",
        "bForceLoad" : false
      },
      {
        "strName" : "ItmFloorRYOF01",
        "fX"      : -5.0,
        "fY"      : 20.0,
        "fRotation" : 0.0,
        "strID"     : "105f962c-1215-4ef0-b289-851172a6ab48",
        "bForceLoad" : false
      },
      {
        "strName" : "ItmFloorRYOF01",
        "fX"      : -6.0,
        "fY"      : 20.0,
        "fRotation" : 0.0,
        "strID"     : "11a5a82a-294a-440c-96d0-eb35f08f83e4",
        "bForceLoad" : false
      },
      {
        "strName" : "ItmCanister01",
        "fX"      : -9.0,
        "fY"      : 12.0,
        "fRotation" : 270.0,
        "strID"     : "d72a868b-7a1f-4741-b89f-2ae14e755c55",
        "bForceLoad" : false
      },
      {
        "strName" : "ItmCanister01",
        "fX"      : -9.0,
        "fY"      : 13.0,
        "fRotation" : 90.0,
        "strID"     : "cc64fa22-4b67-44d0-9207-68a7e1126428",
        "bForceLoad" : false
      },
      {
        "strName" : "ItmWallRYOB01",
        "fX"      : -10.0,
        "fY"      : 20.0,
        "fRotation" : 0.0,
        "strID"     : "c41d3e3e-170b-4cbc-b06a-9bdfd68f5bc8",
        "bForceLoad" : false
      },
      {
        "strName" : "ItmWallRYOB01",
        "fX"      : -10.0,
        "fY"      : 18.0,
        "fRotation" : 0.0,
        "strID"     : "fb1690c0-5060-4f3b-b27d-bb483656b5ab",
        "bForceLoad" : false
      },
      {
        "strName" : "ItmWallRYOB01",
        "fX"      : -10.0,
        "fY"      : 17.0,
        "fRotation" : 0.0,
        "strID"     : "bd3dcc07-c5bc-4bc1-a494-4cbdc2577a87",
        "bForceLoad" : false
      },
      {
        "strName" : "ItmWallRYOB01",
        "fX"      : -10.0,
        "fY"      : 16.0,
        "fRotation" : 0.0,
        "strID"     : "34527d15-5a44-4c56-9b89-98174e778470",
        "bForceLoad" : false
      },
      {
        "strName" : "ItmWallRYOB01",
        "fX"      : -10.0,
        "fY"      : 15.0,
        "fRotation" : 0.0,
        "strID"     : "8be6ca95-306c-4503-9d10-07bd8fb865d7",
        "bForceLoad" : false
      },
      {
        "strName" : "ItmLitWall1x0Orange",
        "fX"      : -9.0,
        "fY"      : 10.0,
        "fRotation" : 180.0,
        "strID"     : "64e4a32f-c6d7-447a-988b-93e47c7d406c",
        "bForceLoad" : false
      },
      {
        "strName" : "ItmCanister01",
        "fX"      : -4.0,
        "fY"      : 12.0,
        "fRotation" : 180.0,
        "strID"     : "42afc82c-45ab-4b7c-b9b9-893679e7eb72",
        "bForceLoad" : false
      },
      {
        "strName" : "ItmCanister01",
        "fX"      : -2.0,
        "fY"      : 13.0,
        "fRotation" : 0.0,
        "strID"     : "60f93f50-3735-4ab7-86a7-fb1d8d054d92",
        "bForceLoad" : false
      },
      {
        "strName" : "ItmCanister01",
        "fX"      : -2.0,
        "fY"      : 12.0,
        "fRotation" : 90.0,
        "strID"     : "2328e3d0-3174-41e8-99dc-f0e3bfdc539e",
        "bForceLoad" : false
      },
      {
        "strName" : "ItmCanister01",
        "fX"      : -4.0,
        "fY"      : 13.0,
        "fRotation" : 270.0,
        "strID"     : "81e175ba-93b8-4a40-ab88-5b804d0ae2eb",
        "bForceLoad" : false
      },
      {
        "strName" : "ItmWallRYOB01",
        "fX"      : -10.0,
        "fY"      : 9.0,
        "fRotation" : 0.0,
        "strID"     : "e0dee368-557d-4551-96f8-094388000553",
        "bForceLoad" : false
      },
      {
        "strName" : "ItmConduit01",
        "fX"      : -3.0,
        "fY"      : 8.0,
        "fRotation" : 0.0,
        "strID"     : "464b7e73-e4c5-4ddb-8dd3-f070ace4b6ff",
        "bForceLoad" : false
      },
      {
        "strName" : "ItmWallRYOB01",
        "fX"      : -1.0,
        "fY"      : 9.0,
        "fRotation" : 0.0,
        "strID"     : "f36b6ce1-45b8-4a81-b3d3-bf8f5e3c13f0",
        "bForceLoad" : false
      },
      {
        "strName" : "ItmConduit01",
        "fX"      : -4.0,
        "fY"      : 6.0,
        "fRotation" : 0.0,
        "strID"     : "1c851eed-7d1e-42e9-b685-b0835ca78a61",
        "bForceLoad" : false
      },
      {
        "strName" : "ItmRTAN2",
        "fX"      : -8.0,
        "fY"      : 8.0,
        "fRotation" : 90.0,
        "strID"     : "09b8eaf3-6452-461a-a31a-b58c57da3037",
        "bForceLoad" : false
      },
      {
        "strName" : "ItmConduit01",
        "fX"      : -7.0,
        "fY"      : 15.0,
        "fRotation" : 0.0,
        "strID"     : "c11c08d8-fe1d-42f8-8cee-b56cb153db87",
        "bForceLoad" : false
      },
      {
        "strName" : "ItmDoor01ClosedOn",
        "fX"      : -6.0,
        "fY"      : 9.0,
        "fRotation" : 0.0,
        "strID"     : "e4ea3879-2030-4fb5-8fde-d27b1b3b1302",
        "bForceLoad" : false,
        "aGPMSettings" : [
          {
            "strName" : "Panel A",
            "dictGUIPropMap" : [
              "strGUIPrefab",
              "GUILocks",
              "strFriendlyName",
              "Door Lock",
              "strGUIPrefabRight",
              null,
              "strGUIPrefabLeft",
              null,
              "strGUIPrefabUp",
              null,
              "strGUIPrefabDown",
              null,
              "strBrand",
              "Bieler",
              "strBrandSub",
              "Commercial Door Systems",
              "strMSLock",
              "ItmDoorInt01OpenLocked",
              "strMSUnlock",
              "ItmDoorInt01Open"
            ]
          }
        ]
      },
      {
        "strName" : "ItmFloorRYOF01",
        "fX"      : -2.0,
        "fY"      : 20.0,
        "fRotation" : 0.0,
        "strID"     : "8792c399-8ae3-4ed7-a703-4893690f6388",
        "bForceLoad" : false
      },
      {
        "strName" : "ItmWallRYOB01",
        "fX"      : -10.0,
        "fY"      : 19.0,
        "fRotation" : 0.0,
        "strID"     : "2e7079c1-b656-47a6-8556-0eb09fe8a179",
        "bForceLoad" : false
      },
      {
        "strName" : "ItmBattery02",
        "fX"      : -6.5,
        "fY"      : 18.5,
        "fRotation" : 90.0,
        "strID"     : "39f769ea-6fb2-4b37-8dd5-b97005f18f85",
        "bForceLoad" : false,
        "aGPMSettings" : [
          {
            "strName" : "Panel A",
            "dictGUIPropMap" : [
              "strGUIPrefab",
              "GUIMeter",
              "strFriendlyName",
              "Battery",
              "strGUIPrefabRight",
              null,
              "strGUIPrefabLeft",
              null,
              "strGUIPrefabUp",
              null,
              "strGUIPrefabDown",
              null,
              "strTitle",
              "Battery Charge",
              "strCond",
              "StatPower",
              "strInput01",
              "",
              "fMin",
              "0.0",
              "fMax",
              "80.96"
            ]
          }
        ]
      },
      {
        "strName" : "ItmWallRYOB01",
        "fX"      : -8.0,
        "fY"      : 20.0,
        "fRotation" : 0.0,
        "strID"     : "5e0fada2-f3be-405b-8b49-3842e1a97122",
        "bForceLoad" : false
      },
      {
        "strName" : "ItmConduit01",
        "fX"      : -7.0,
        "fY"      : 14.0,
        "fRotation" : 0.0,
        "strID"     : "3726d01a-86f6-49bd-8fcf-23409109b1a8",
        "bForceLoad" : false
      },
      {
        "strName" : "ItmWallRYOB01",
        "fX"      : -9.0,
        "fY"      : 8.0,
        "fRotation" : 0.0,
        "strID"     : "ed5560b8-d0ca-468f-aec7-d5c90bf09276",
        "bForceLoad" : false
      },
      {
        "strName" : "ItmConduit01",
        "fX"      : -9.0,
        "fY"      : 14.0,
        "fRotation" : 0.0,
        "strID"     : "c02ca11c-58bc-4d69-b62e-3626f3e64bf4",
        "bForceLoad" : false
      },
      {
        "strName" : "ItmLitWall1x0",
        "fX"      : -4.0,
        "fY"      : 22.0,
        "fRotation" : 180.0,
        "strID"     : "fb91c7a0-61cd-4819-bb01-45ffcb0569b4",
        "bForceLoad" : false
      },
      {
        "strName" : "ItmDocumentOgiso01",
        "fX"      : -3.0,
        "fY"      : 17.0,
        "fRotation" : 270.0,
        "strID"     : "37cb9b88-91db-4c73-8d93-e857375bc22f",
        "bForceLoad" : false,
        "aGPMSettings" : [
          {
            "strName" : "Panel OneSheet",
            "dictGUIPropMap" : [
              "strGUIPrefab",
              "GUIOneSheet",
              "strFriendlyName",
              "Ogiso's Register Work Safety",
              "strGUIPrefabRight",
              null,
              "strGUIPrefabLeft",
              null,
              "strGUIPrefabUp",
              null,
              "strGUIPrefabDown",
              null,
              "strPNG",
              "manuals/Ogiso's Register Work Safety Poster/000.png"
            ]
          },
          {
            "strName" : "Panel A",
            "dictGUIPropMap" : [
              "strGUIPrefab",
              "GUIOneSheet",
              "strFriendlyName",
              "Ogiso's Register Work Safety",
              "strGUIPrefabRight",
              null,
              "strGUIPrefabLeft",
              null,
              "strGUIPrefabUp",
              null,
              "strGUIPrefabDown",
              null,
              "strPNG",
              "manuals/Ogiso's Register Work Safety Poster/000.png"
            ]
          }
        ]
      },
      {
        "strName" : "ItmLitWall1x0",
        "fX"      : -3.0,
        "fY"      : 6.0,
        "fRotation" : 90.0,
        "strID"     : "82fb610b-506b-467e-bf46-e5c2f814cb99",
        "bForceLoad" : false
      },
      {
        "strName" : "ItmWallRYOB01",
        "fX"      : -1.0,
        "fY"      : 10.0,
        "fRotation" : 0.0,
        "strID"     : "8bb96248-8e4f-451a-aa85-d95a5573e201",
        "bForceLoad" : false
      },
      {
        "strName" : "ItmFloorRYOF01",
        "fX"      : -8.0,
        "fY"      : 20.0,
        "fRotation" : 0.0,
        "strID"     : "ce0dd8d8-44c7-4aee-9447-4ed9dcb28934",
        "bForceLoad" : false
      },
      {
        "strName" : "ItmWallRYOB01",
        "fX"      : -11.0,
        "fY"      : 14.0,
        "fRotation" : 0.0,
        "strID"     : "03f55bf8-4ea1-4b45-bd74-fb9f83578d45",
        "bForceLoad" : false
      },
      {
        "strName" : "ItmWallRYOB01",
        "fX"      : -11.0,
        "fY"      : 13.0,
        "fRotation" : 0.0,
        "strID"     : "d8421268-5a5b-4dfe-9e42-b1e4987ddabb",
        "bForceLoad" : false
      },
      {
        "strName" : "ItmWallRYOB01",
        "fX"      : -11.0,
        "fY"      : 12.0,
        "fRotation" : 0.0,
        "strID"     : "baa38d13-3d6d-4b1c-95c3-aa01f4793a14",
        "bForceLoad" : false
      },
      {
        "strName" : "ItmConduit01",
        "fX"      : -11.0,
        "fY"      : 12.0,
        "fRotation" : 0.0,
        "strID"     : "af4a620c-d14f-4b3b-ab2e-9c25be09f448",
        "bForceLoad" : false
      },
      {
        "strName" : "ItmConduit01",
        "fX"      : -9.0,
        "fY"      : 7.0,
        "fRotation" : 0.0,
        "strID"     : "8858a992-070e-4be6-b8ab-bb00f1160ae2",
        "bForceLoad" : false
      },
      {
        "strName" : "ItmConduit01",
        "fX"      : -3.0,
        "fY"      : 7.0,
        "fRotation" : 0.0,
        "strID"     : "e95d0738-da34-4aa0-a83e-7452e2cb4306",
        "bForceLoad" : false
      },
      {
        "strName" : "ItmRCSCluster01",
        "fX"      : -11.0,
        "fY"      : 10.0,
        "fRotation" : 90.0,
        "strID"     : "d5f94e99-7707-42ad-84da-61f2fb399a9d",
        "bForceLoad" : false
      },
      {
        "strName" : "ItmWallRYOB01",
        "fX"      : -9.0,
        "fY"      : 20.0,
        "fRotation" : 0.0,
        "strID"     : "9db6e8c3-f8d8-4381-9304-49468662bc37",
        "bForceLoad" : false
      },
      {
        "strName" : "ItmStationNav",
        "fX"      : -4.0,
        "fY"      : 19.0,
        "fRotation" : 0.0,
        "strID"     : "d2108957-a9b5-4b6c-bd7d-dd9fba1e058b",
        "bForceLoad" : false,
        "aGPMSettings" : [
          {
            "strName" : "Panel A",
            "dictGUIPropMap" : [
              "strGUIPrefab",
              "GUIOrbitDraw/GUIOrbitDraw",
              "strFriendlyName",
              "Nav Controls",
              "strGUIPrefabRight",
              "Panel Right",
              "strGUIPrefabLeft",
              null,
              "strGUIPrefabUp",
              null,
              "strGUIPrefabDown",
              null
            ]
          },
          {
            "strName" : "Panel Right",
            "dictGUIPropMap" : [
              "strGUIPrefab",
              "GUIDockSys",
              "strFriendlyName",
              "Docking Controls",
              "strGUIPrefabRight",
              null,
              "strGUIPrefabLeft",
              "Panel A",
              "strGUIPrefabUp",
              null,
              "strGUIPrefabDown",
              null
            ]
          },
          {
            "strName" : "Panel Computer",
            "dictGUIPropMap" : [
              "strGUIPrefab",
              "GUIComputer/GUIComputer2",
              "strFriendlyName",
              "PDA",
              "strGUIPrefabRight",
              null,
              "strGUIPrefabLeft",
              null,
              "strGUIPrefabUp",
              null,
              "strGUIPrefabDown",
              null
            ]
          }
        ]
      },
      {
        "strName" : "ItmCanister01",
        "fX"      : -4.0,
        "fY"      : 10.0,
        "fRotation" : 0.0,
        "strID"     : "3a44ceeb-8b36-4130-8057-8473d2acdb88",
        "bForceLoad" : false
      },
      {
        "strName" : "ItmAirPump03OnG",
        "fX"      : -8.0,
        "fY"      : 9.0,
        "fRotation" : 180.0,
        "strID"     : "a25a8a2a-6c89-41e7-a560-7e202183a5bd",
        "bForceLoad" : false,
        "aGPMSettings" : [
          {
            "strName" : "Panel A",
            "dictGUIPropMap" : [
              "strGUIPrefab",
              "GUIAirPump",
              "strFriendlyName",
              "Air Pump",
              "strGUIPrefabRight",
              null,
              "strGUIPrefabLeft",
              null,
              "strGUIPrefabUp",
              null,
              "strGUIPrefabDown",
              null,
              "strTitle",
              "Unscrew for Pressure Sensor Input Signal",
              "strValidCOTrigger01",
              "TIsAlarm2",
              "strCondMonitor01",
              "IsReadyPumpAir",
              "strInput01",
              "102894e4-faf6-407d-a508-c821fc4c46b1",
              "nKnobBus",
              "1",
              "bTurbo",
              "false",
              "bReverse",
              "false"
            ]
          }
        ]
      },
      {
        "strName" : "ItmWallRYOB01",
        "fX"      : -6.0,
        "fY"      : 20.0,
        "fRotation" : 0.0,
        "strID"     : "70172cb2-1305-429c-a500-ec5620f4b93d",
        "bForceLoad" : false
      },
      {
        "strName" : "ItmRCSDistro02",
        "fX"      : -8.5,
        "fY"      : 15.5,
        "fRotation" : 270.0,
        "strID"     : "c1e3d662-fe6c-4d1f-a92a-54d443b5132d",
        "bForceLoad" : false
      },
      {
        "strName" : "ItmFloorRYOF01",
        "fX"      : -2.0,
        "fY"      : 21.0,
        "fRotation" : 0.0,
        "strID"     : "7eacf6bd-4e57-4859-b494-153c31e10e8e",
        "bForceLoad" : false
      },
      {
        "strName" : "ItmWallRYOB01",
        "fX"      : -2.0,
        "fY"      : 20.0,
        "fRotation" : 0.0,
        "strID"     : "0fec28e0-c08c-4001-8d25-e5af45a0af06",
        "bForceLoad" : false
      },
      {
        "strName" : "ItmWallRYOB01",
        "fX"      : -2.0,
        "fY"      : 19.0,
        "fRotation" : 0.0,
        "strID"     : "0ba1efb4-86a6-4720-a4a7-b2e490ef0159",
        "bForceLoad" : false
      },
      {
        "strName" : "ItmFloorRYOF01",
        "fX"      : -7.0,
        "fY"      : 18.0,
        "fRotation" : 0.0,
        "strID"     : "cca88baa-12c5-4d11-a11c-aae71107759a",
        "bForceLoad" : false
      },
      {
        "strName" : "ItmFloorRYOF01",
        "fX"      : -8.0,
        "fY"      : 18.0,
        "fRotation" : 0.0,
        "strID"     : "4c215226-eabb-4685-9cee-058a461ec1e3",
        "bForceLoad" : false
      },
      {
        "strName" : "ItmFloorRYOF01",
        "fX"      : -9.0,
        "fY"      : 18.0,
        "fRotation" : 0.0,
        "strID"     : "60af6da4-1fd0-443e-a415-bbe12ad5d2d9",
        "bForceLoad" : false
      },
      {
        "strName" : "ItmFloorRYOF01",
        "fX"      : -10.0,
        "fY"      : 18.0,
        "fRotation" : 0.0,
        "strID"     : "1125ba4e-3e83-4f07-9a51-909040c7ddad",
        "bForceLoad" : false
      },
      {
        "strName" : "ItmCanister01",
        "fX"      : -10.0,
        "fY"      : 13.0,
        "fRotation" : 270.0,
        "strID"     : "d71a0a23-9543-490a-9c9b-356fb3d1fd2c",
        "bForceLoad" : false
      },
      {
        "strName" : "ItmAirPump01Off",
        "fX"      : -4.0,
        "fY"      : 9.0,
        "fRotation" : 0.0,
        "strID"     : "4e54cd2c-a1bd-4245-91e7-8df163e01898",
        "bForceLoad" : false,
        "aGPMSettings" : [
          {
            "strName" : "Panel A",
            "dictGUIPropMap" : [
              "strGUIPrefab",
              "GUIAirPump",
              "strFriendlyName",
              "Air Pump",
              "strGUIPrefabRight",
              null,
              "strGUIPrefabLeft",
              null,
              "strGUIPrefabUp",
              null,
              "strGUIPrefabDown",
              null,
              "strTitle",
              "Unscrew for Pressure Sensor Input Signal",
              "strValidCOTrigger01",
              "TIsAlarm2",
              "strCondMonitor01",
              "IsReadyPumpAir",
              "strInput01",
              "4e54cd2c-a1bd-4245-91e7-8df163e01898",
              "nKnobBus",
              "0",
              "bTurbo",
              "true",
              "bReverse",
              "false"
            ]
          }
        ]
      },
      {
        "strName" : "ItmCanister01",
        "fX"      : -3.0,
        "fY"      : 12.0,
        "fRotation" : 0.0,
        "strID"     : "4deeed58-e09a-4bbf-b7ec-7489adaa2ca7",
        "bForceLoad" : false
      },
      {
        "strName" : "ItmFloorRYOF01",
        "fX"      : -9.0,
        "fY"      : 19.0,
        "fRotation" : 0.0,
        "strID"     : "fda33c63-5eb3-4193-b6e5-a36a867dbc6d",
        "bForceLoad" : false
      },
      {
        "strName" : "ItmFloorRYOF01",
        "fX"      : -10.0,
        "fY"      : 19.0,
        "fRotation" : 0.0,
        "strID"     : "4904ecc8-8d31-4514-8d79-af2166018d7f",
        "bForceLoad" : false
      },
      {
        "strName" : "ItmWallRYOB01",
        "fX"      : -6.0,
        "fY"      : 21.0,
        "fRotation" : 0.0,
        "strID"     : "2728fbaa-de3d-4aa4-855a-478d665cf7b7",
        "bForceLoad" : false
      },
      {
        "strName" : "ItmWallRYOB01",
        "fX"      : -5.0,
        "fY"      : 21.0,
        "fRotation" : 0.0,
        "strID"     : "59c97558-eafd-418f-9c87-d8c7656eea8b",
        "bForceLoad" : false
      },
      {
        "strName" : "ItmWallRYOB01",
        "fX"      : -4.0,
        "fY"      : 21.0,
        "fRotation" : 0.0,
        "strID"     : "89460661-9302-4266-a8c9-a53cafaa846b",
        "bForceLoad" : false
      },
      {
        "strName" : "ItmWallRYOB01",
        "fX"      : -3.0,
        "fY"      : 21.0,
        "fRotation" : 0.0,
        "strID"     : "e092fc5b-8b7e-4ed5-8060-8bf949eef5ca",
        "bForceLoad" : false
      },
      {
        "strName" : "ItmWallRYOB01",
        "fX"      : -2.0,
        "fY"      : 21.0,
        "fRotation" : 0.0,
        "strID"     : "0d2776bf-709e-4d02-bd8c-02ea746daa27",
        "bForceLoad" : false
      },
      {
        "strName" : "ItmFloorRYOF01",
        "fX"      : -8.0,
        "fY"      : 19.0,
        "fRotation" : 0.0,
        "strID"     : "4c29ad64-abc6-4603-b18c-c9ada7e85158",
        "bForceLoad" : false
      },
      {
        "strName" : "ItmFloorRYOF01",
        "fX"      : -7.0,
        "fY"      : 19.0,
        "fRotation" : 0.0,
        "strID"     : "dec40c1e-c45e-4979-95f3-009dfebca092",
        "bForceLoad" : false
      },
      {
        "strName" : "ItmFloorRYOF01",
        "fX"      : -6.0,
        "fY"      : 21.0,
        "fRotation" : 0.0,
        "strID"     : "5140aa90-6985-4d0c-b8fd-66f31d205751",
        "bForceLoad" : false
      },
      {
        "strName" : "ItmFloorRYOF01",
        "fX"      : -5.0,
        "fY"      : 21.0,
        "fRotation" : 0.0,
        "strID"     : "0eaa0bc4-6f67-43ed-a701-b3c87b9bef01",
        "bForceLoad" : false
      },
      {
        "strName" : "ItmFloorRYOF01",
        "fX"      : -4.0,
        "fY"      : 21.0,
        "fRotation" : 0.0,
        "strID"     : "7dcef109-9cef-424a-a729-8cc08a44f969",
        "bForceLoad" : false
      },
      {
        "strName" : "ItmFloorRYOF01",
        "fX"      : -3.0,
        "fY"      : 21.0,
        "fRotation" : 0.0,
        "strID"     : "c0dd1ba7-45b3-4703-8a39-4ca6336a1fe3",
        "bForceLoad" : false
      },
      {
        "strName" : "ItmHeater01",
        "fX"      : -3.5,
        "fY"      : 15.5,
        "fRotation" : 90.0,
        "strID"     : "f7962eb1-720e-460d-b3c7-a88ce49d93c9",
        "bForceLoad" : false,
        "aGPMSettings" : [
          {
            "strName" : "Panel A",
            "dictGUIPropMap" : [
              "strGUIPrefab",
              "GUIAirPump",
              "strFriendlyName",
              "Heater",
              "strGUIPrefabRight",
              null,
              "strGUIPrefabLeft",
              null,
              "strGUIPrefabUp",
              null,
              "strGUIPrefabDown",
              null,
              "strTitle",
              "Unscrew for Thermostat Sensor Input Signal",
              "strValidCOTrigger01",
              "TIsAlarmTemp",
              "strCondMonitor01",
              "DcGasTemp01",
              "strSubPoint",
              "ignore",
              "strAddPoint",
              null,
              "strInput01",
              "d55f15c4-5819-4328-a317-d8d371e2c972",
              "nKnobBus",
              "1",
              "bTurbo",
              "false",
              "bReverse",
              "false"
            ]
          }
        ]
      },
      {
        "strName" : "ItmRCSDistro02",
        "fX"      : -7.5,
        "fY"      : 15.5,
        "fRotation" : 90.0,
        "strID"     : "993a64d8-40c3-4614-8b27-29d62dc7fc40",
        "bForceLoad" : false
      },
      {
        "strName" : "ItmWallRYOB01",
        "fX"      : -3.0,
        "fY"      : 7.0,
        "fRotation" : 0.0,
        "strID"     : "6fe3c5bf-8be4-4d12-8972-c8019050db32",
        "bForceLoad" : false
      },
      {
        "strName" : "ItmConduit01",
        "fX"      : -2.0,
        "fY"      : 15.0,
        "fRotation" : 0.0,
        "strID"     : "3f00b663-3afb-4f7c-a03c-48de0a4bd859",
        "bForceLoad" : false
      },
      {
        "strName" : "ItmWallRYOB01",
        "fX"      : -7.0,
        "fY"      : 20.0,
        "fRotation" : 0.0,
        "strID"     : "cc20784c-ced6-4a7e-8d0d-38747e68f576",
        "bForceLoad" : false
      },
      {
        "strName" : "ItmFloorRYOF01",
        "fX"      : -7.0,
        "fY"      : 20.0,
        "fRotation" : 0.0,
        "strID"     : "597d88a9-ca81-4477-b3a4-a89971af405a",
        "bForceLoad" : false
      },
      {
        "strName" : "ItmFloorRYOF01",
        "fX"      : -9.0,
        "fY"      : 20.0,
        "fRotation" : 0.0,
        "strID"     : "e584358f-6d6d-47dd-8330-3ce3cc265db4",
        "bForceLoad" : false
      },
      {
        "strName" : "ItmFloorRYOF01",
        "fX"      : -10.0,
        "fY"      : 20.0,
        "fRotation" : 0.0,
        "strID"     : "dda8c5e4-6ca9-4718-9812-966c57261cc4",
        "bForceLoad" : false
      },
      {
        "strName" : "ItmConduit01",
        "fX"      : -3.0,
        "fY"      : 14.0,
        "fRotation" : 0.0,
        "strID"     : "81421ead-f1ca-4039-bde7-1dbc4dd6fb50",
        "bForceLoad" : false
      },
      {
        "strName" : "ItmWallRYOB01",
        "fX"      : -4.0,
        "fY"      : 7.0,
        "fRotation" : 0.0,
        "strID"     : "d55344d8-2d97-41be-97b9-c13b9e5b6840",
        "bForceLoad" : false
      },
      {
        "strName" : "ItmConduit01",
        "fX"      : -3.0,
        "fY"      : 9.0,
        "fRotation" : 0.0,
        "strID"     : "f1acd34c-f90d-4b28-9f8e-fe1e5f419f00",
        "bForceLoad" : false
      },
      {
        "strName" : "ItmConduit01",
        "fX"      : -2.0,
        "fY"      : 9.0,
        "fRotation" : 0.0,
        "strID"     : "ae60c676-cdae-424d-ae2f-95fb3e49c1d7",
        "bForceLoad" : false
      },
      {
        "strName" : "ItmRCSCluster01",
        "fX"      : -0.9999998,
        "fY"      : 10.0,
        "fRotation" : 270.0,
        "strID"     : "99320654-fb45-4ea4-aa42-86438710e065",
        "bForceLoad" : false
      },
      {
        "strName" : "ItmConduit01",
        "fX"      : -1.0,
        "fY"      : 9.0,
        "fRotation" : 0.0,
        "strID"     : "580e2431-16f8-4841-b00a-f5903333ab4f",
        "bForceLoad" : false
      },
      {
        "strName" : "ItmConduit01",
        "fX"      : -1.0,
        "fY"      : 10.0,
        "fRotation" : 0.0,
        "strID"     : "54c639d7-4fab-44d0-8946-404bc0d8b5ea",
        "bForceLoad" : false
      },
      {
        "strName" : "ItmConduit01",
        "fX"      : -1.0,
        "fY"      : 13.0,
        "fRotation" : 0.0,
        "strID"     : "c4c86438-8f16-4ee3-8549-19518294e539",
        "bForceLoad" : false
      },
      {
        "strName" : "ItmConduit01",
        "fX"      : -1.0,
        "fY"      : 15.0,
        "fRotation" : 0.0,
        "strID"     : "be18512c-db52-473f-98ed-ec441c12cec9",
        "bForceLoad" : false
      },
      {
        "strName" : "ItmWallRYOB01",
        "fX"      : -1.0,
        "fY"      : 15.0,
        "fRotation" : 0.0,
        "strID"     : "ba4ebde2-2599-4576-b0df-69e76d49568a",
        "bForceLoad" : false
      },
      {
        "strName" : "ItmConduit01",
        "fX"      : -2.0,
        "fY"      : 16.0,
        "fRotation" : 0.0,
        "strID"     : "b20291fc-b1b3-4eb9-9a05-d660e2cffe78",
        "bForceLoad" : false
      },
      {
        "strName" : "ItmConduit01",
        "fX"      : -2.0,
        "fY"      : 17.0,
        "fRotation" : 0.0,
        "strID"     : "ae489bad-19f0-40d7-8279-6b2775c34473",
        "bForceLoad" : false
      },
      {
        "strName" : "ItmConduit01",
        "fX"      : -2.0,
        "fY"      : 18.0,
        "fRotation" : 0.0,
        "strID"     : "4ac698fb-f177-4410-91a9-408739b5fa74",
        "bForceLoad" : false
      },
      {
        "strName" : "ItmConduit01",
        "fX"      : -2.0,
        "fY"      : 19.0,
        "fRotation" : 0.0,
        "strID"     : "fd6c00a8-9021-41b3-bb6c-2034aff511df",
        "bForceLoad" : false
      },
      {
        "strName" : "ItmConduit01",
        "fX"      : -2.0,
        "fY"      : 20.0,
        "fRotation" : 0.0,
        "strID"     : "d0d1f4ad-45a5-4475-9599-09dd93d8501b",
        "bForceLoad" : false
      },
      {
        "strName" : "ItmConduit01",
        "fX"      : -2.0,
        "fY"      : 21.0,
        "fRotation" : 0.0,
        "strID"     : "57b9ee60-d7d3-4449-8dd2-df09a26f2d05",
        "bForceLoad" : false
      },
      {
        "strName" : "ItmConduit01",
        "fX"      : -5.0,
        "fY"      : 21.0,
        "fRotation" : 0.0,
        "strID"     : "d91608d5-d27b-4fd6-97ce-ff5c1181374d",
        "bForceLoad" : false
      },
      {
        "strName" : "ItmConduit01",
        "fX"      : -4.0,
        "fY"      : 21.0,
        "fRotation" : 0.0,
        "strID"     : "ddcd8426-116e-4061-880b-50807103bb1c",
        "bForceLoad" : false
      },
      {
        "strName" : "ItmConduit01",
        "fX"      : -3.0,
        "fY"      : 21.0,
        "fRotation" : 0.0,
        "strID"     : "74731e94-c06d-4a89-b22a-cc9195055e6b",
        "bForceLoad" : false
      },
      {
        "strName" : "ItmConduit01",
        "fX"      : -6.0,
        "fY"      : 21.0,
        "fRotation" : 0.0,
        "strID"     : "103879ca-4c4b-4d81-aa6e-f39d7fe793b8",
        "bForceLoad" : false
      },
      {
        "strName" : "ItmConduit01",
        "fX"      : -6.0,
        "fY"      : 20.0,
        "fRotation" : 0.0,
        "strID"     : "2a3689fb-0216-4924-a34a-40a595ad1a05",
        "bForceLoad" : false
      },
      {
        "strName" : "ItmConduit01",
        "fX"      : -7.0,
        "fY"      : 20.0,
        "fRotation" : 0.0,
        "strID"     : "f00dc36f-a654-47db-83f6-b7fcd7a5c6ac",
        "bForceLoad" : false
      },
      {
        "strName" : "ItmConduit01",
        "fX"      : -8.0,
        "fY"      : 20.0,
        "fRotation" : 0.0,
        "strID"     : "524dd705-f84f-4009-b91d-d1f3560ac04d",
        "bForceLoad" : false
      },
      {
        "strName" : "ItmConduit01",
        "fX"      : -9.0,
        "fY"      : 20.0,
        "fRotation" : 0.0,
        "strID"     : "228744e5-3fe2-43f7-bebe-a7a713b7f198",
        "bForceLoad" : false
      },
      {
        "strName" : "ItmConduit01",
        "fX"      : -10.0,
        "fY"      : 20.0,
        "fRotation" : 0.0,
        "strID"     : "d2201936-4131-4e61-afb6-8e233c66b496",
        "bForceLoad" : false
      },
      {
        "strName" : "ItmConduit01",
        "fX"      : -10.0,
        "fY"      : 19.0,
        "fRotation" : 0.0,
        "strID"     : "03134cd7-e598-4843-b8c9-af8213844d90",
        "bForceLoad" : false
      },
      {
        "strName" : "ItmConduit01",
        "fX"      : -10.0,
        "fY"      : 18.0,
        "fRotation" : 0.0,
        "strID"     : "460f5048-348e-434c-b70e-68126c428a2f",
        "bForceLoad" : false
      },
      {
        "strName" : "ItmConduit01",
        "fX"      : -10.0,
        "fY"      : 17.0,
        "fRotation" : 0.0,
        "strID"     : "2352c9c3-b138-4b3b-b13a-aa7a6e0e6430",
        "bForceLoad" : false
      },
      {
        "strName" : "ItmConduit01",
        "fX"      : -10.0,
        "fY"      : 16.0,
        "fRotation" : 0.0,
        "strID"     : "4f132aa4-a3b0-4f3e-b193-d25c6018ba00",
        "bForceLoad" : false
      },
      {
        "strName" : "ItmConduit01",
        "fX"      : -10.0,
        "fY"      : 15.0,
        "fRotation" : 0.0,
        "strID"     : "55821829-613c-436c-838b-37748061f16d",
        "bForceLoad" : false
      },
      {
        "strName" : "ItmConduit01",
        "fX"      : -11.0,
        "fY"      : 11.0,
        "fRotation" : 0.0,
        "strID"     : "e937d281-e1c3-4405-818b-98695b0a6f71",
        "bForceLoad" : false
      },
      {
        "strName" : "ItmConduit01",
        "fX"      : -11.0,
        "fY"      : 13.0,
        "fRotation" : 0.0,
        "strID"     : "0aaabe58-22d8-4e8f-a968-0cde2e765118",
        "bForceLoad" : false
      },
      {
        "strName" : "ItmConduit01",
        "fX"      : -11.0,
        "fY"      : 14.0,
        "fRotation" : 0.0,
        "strID"     : "512be30a-bd76-453a-901d-102c43b0a57f",
        "bForceLoad" : false
      },
      {
        "strName" : "ItmConduit01",
        "fX"      : -11.0,
        "fY"      : 15.0,
        "fRotation" : 0.0,
        "strID"     : "4ae6f8e0-0845-4f97-b74d-b3adc92d11ce",
        "bForceLoad" : false
      },
      {
        "strName" : "ItmRCSCluster01",
        "fX"      : -11.0,
        "fY"      : 14.0,
        "fRotation" : 90.0,
        "strID"     : "1d4c4432-59cc-4e6d-a524-08626b01c701",
        "bForceLoad" : false
      },
      {
        "strName" : "ItmConduit01",
        "fX"      : -10.0,
        "fY"      : 9.0,
        "fRotation" : 0.0,
        "strID"     : "947289f6-2bfc-42bf-bfa2-15a0b5a03207",
        "bForceLoad" : false
      },
      {
        "strName" : "ItmConduit01",
        "fX"      : -4.0,
        "fY"      : 7.0,
        "fRotation" : 0.0,
        "strID"     : "0cbf0384-2425-4275-bb55-19a9595c73b1",
        "bForceLoad" : false
      },
      {
        "strName" : "ItmLitWall1x0Orange",
        "fX"      : -4.0,
        "fY"      : 20.0,
        "fRotation" : 0.0,
        "strID"     : "6102ae83-ef0d-4699-bfca-8a7d9471c091",
        "bForceLoad" : false
      },
      {
        "strName" : "ItmWallRYOB01",
        "fX"      : -8.0,
        "fY"      : 7.0,
        "fRotation" : 0.0,
        "strID"     : "01fea252-a2f2-40fd-80a7-2e60c2d91f84",
        "bForceLoad" : false
      },
      {
        "strName" : "ItmWallRYOB01",
        "fX"      : -9.0,
        "fY"      : 9.0,
        "fRotation" : 0.0,
        "strID"     : "65e84584-b019-42ca-ae6a-dcd6975776aa",
        "bForceLoad" : false
      },
      {
        "strName" : "ItmConduit01",
        "fX"      : -9.0,
        "fY"      : 16.0,
        "fRotation" : 0.0,
        "strID"     : "8cbd3790-8493-4353-ad64-003dc84bd527",
        "bForceLoad" : false
      },
      {
        "strName" : "ItmLitWall1x0Orange",
        "fX"      : -3.0,
        "fY"      : 10.0,
        "fRotation" : 180.0,
        "strID"     : "6668bea9-b6c7-4b5e-92e1-1b8d534c4801",
        "bForceLoad" : false
      },
      {
        "strName" : "ItmAirPump03OnG",
        "fX"      : -5.0,
        "fY"      : 15.0,
        "fRotation" : 0.0,
        "strID"     : "d2c3e922-6bf9-4435-891d-d0cc943b2934",
        "bForceLoad" : false,
        "aGPMSettings" : [
          {
            "strName" : "Panel A",
            "dictGUIPropMap" : [
              "strGUIPrefab",
              "GUIAirPump",
              "strFriendlyName",
              "Air Pump",
              "strGUIPrefabRight",
              null,
              "strGUIPrefabLeft",
              null,
              "strGUIPrefabUp",
              null,
              "strGUIPrefabDown",
              null,
              "strTitle",
              "Unscrew for Pressure Sensor Input Signal",
              "strValidCOTrigger01",
              "TIsAlarm2",
              "strCondMonitor01",
              "IsReadyPumpAir",
              "strInput01",
              "e4ae7259-fb6b-4be7-be2f-f0f635c71c08",
              "nKnobBus",
              "1",
              "bTurbo",
              "false",
              "bReverse",
              "false"
            ]
          }
        ]
      },
      {
        "strName" : "ItmWallRYOB01",
        "fX"      : -5.0,
        "fY"      : 15.0,
        "fRotation" : 0.0,
        "strID"     : "b95fc280-70fe-4700-8aef-52d5731cdfe3",
        "bForceLoad" : false
      },
      {
        "strName" : "ItmRTAO2",
        "fX"      : -5.0,
        "fY"      : 16.0,
        "fRotation" : 180.0,
        "strID"     : "e420e46a-ae07-4efe-a411-d00e3df14e25",
        "bForceLoad" : false
      },
      {
        "strName" : "ItmConduit01",
        "fX"      : -5.0,
        "fY"      : 15.0,
        "fRotation" : 0.0,
        "strID"     : "703ed1d0-c6e0-4913-b77d-aedc6d83e358",
        "bForceLoad" : false
      },
      {
        "strName" : "ItmConduit01",
        "fX"      : -4.0,
        "fY"      : 15.0,
        "fRotation" : 0.0,
        "strID"     : "36046c25-c5b0-44b6-936b-c99b59d0222f",
        "bForceLoad" : false
      },
      {
        "strName" : "ItmConduit01",
        "fX"      : -4.0,
        "fY"      : 14.0,
        "fRotation" : 0.0,
        "strID"     : "4ccb20e5-5cc0-4acd-a2fa-aa7aac629d6d",
        "bForceLoad" : false
      },
      {
        "strName" : "ItmAlarmTempOnW",
        "fX"      : -9.0,
        "fY"      : 18.0,
        "fRotation" : 90.0,
        "strID"     : "d55f15c4-5819-4328-a317-d8d371e2c972",
        "bForceLoad" : false,
        "aGPMSettings" : [
          {
            "strName" : "Panel A",
            "dictGUIPropMap" : [
              "strGUIPrefab",
              "GUIOnOff",
              "strFriendlyName",
              "Alarm",
              "strGUIPrefabRight",
              null,
              "strGUIPrefabLeft",
              null,
              "strGUIPrefabUp",
              null,
              "strGUIPrefabDown",
              null,
              "strTitle",
              "Alarm Override"
            ]
          }
        ]
      },
      {
        "strName" : "ItmAlarmO2OnG",
        "fX"      : -9.0,
        "fY"      : 17.0,
        "fRotation" : 90.0,
        "strID"     : "e4ae7259-fb6b-4be7-be2f-f0f635c71c08",
        "bForceLoad" : false,
        "aGPMSettings" : [
          {
            "strName" : "Panel A",
            "dictGUIPropMap" : [
              "strGUIPrefab",
              "GUIOnOff",
              "strFriendlyName",
              "Alarm",
              "strGUIPrefabRight",
              null,
              "strGUIPrefabLeft",
              null,
              "strGUIPrefabUp",
              null,
              "strGUIPrefabDown",
              null,
              "strTitle",
              "Alarm Override"
            ]
          }
        ]
      },
      {
        "strName" : "ItmWallRYOB01",
        "fX"      : -3.0,
        "fY"      : 8.0,
        "fRotation" : 0.0,
        "strID"     : "1b88564c-e361-41e4-955b-eb1e0a0f2b56",
        "bForceLoad" : false
      },
      {
        "strName" : "ItmWallRYOB01",
        "fX"      : -9.0,
        "fY"      : 7.0,
        "fRotation" : 0.0,
        "strID"     : "fafc626d-7e7f-4f24-92a4-cff09170e246",
        "bForceLoad" : false
      },
      {
        "strName" : "ItmConduit01",
        "fX"      : -8.0,
        "fY"      : 6.0,
        "fRotation" : 0.0,
        "strID"     : "7da54213-1c77-46f6-a5a4-0cd9ac5ab813",
        "bForceLoad" : false
      },
      {
        "strName" : "ItmWallRYOB01",
        "fX"      : -1.0,
        "fY"      : 14.0,
        "fRotation" : 0.0,
        "strID"     : "2dc602cf-f3cd-407a-867e-c32b82246406",
        "bForceLoad" : false
      },
      {
        "strName" : "ItmWallRYOB01",
        "fX"      : -1.0,
        "fY"      : 13.0,
        "fRotation" : 0.0,
        "strID"     : "1d57abb2-0ca5-4311-9155-f1a2d62d2923",
        "bForceLoad" : false
      },
      {
        "strName" : "ItmWallRYOB01",
        "fX"      : -1.0,
        "fY"      : 12.0,
        "fRotation" : 0.0,
        "strID"     : "e493b638-7856-4f15-bc64-e63998943c5b",
        "bForceLoad" : false
      },
      {
        "strName" : "ItmWallRYOB01",
        "fX"      : -1.0,
        "fY"      : 11.0,
        "fRotation" : 0.0,
        "strID"     : "483fc20c-fc03-494a-b507-092f9d9cf038",
        "bForceLoad" : false
      },
      {
        "strName" : "ItmWallRYOB01",
        "fX"      : -11.0,
        "fY"      : 15.0,
        "fRotation" : 0.0,
        "strID"     : "7e4f973f-1ea0-4313-a277-1b07d7b023f2",
        "bForceLoad" : false
      },
      {
        "strName" : "ItmWallRYOB01",
        "fX"      : -11.0,
        "fY"      : 11.0,
        "fRotation" : 0.0,
        "strID"     : "884e0471-77e2-4cc3-b58f-1aa14701dd70",
        "bForceLoad" : false
      },
      {
        "strName" : "ItmWallRYOB01",
        "fX"      : -11.0,
        "fY"      : 10.0,
        "fRotation" : 0.0,
        "strID"     : "ed3a3dfc-7949-445f-934c-32bc16a43d85",
        "bForceLoad" : false
      },
      {
        "strName" : "ItmWallRYOB01",
        "fX"      : -11.0,
        "fY"      : 9.0,
        "fRotation" : 0.0,
        "strID"     : "59cf7bca-d445-4d6d-a61f-e8ab0f5515e6",
        "bForceLoad" : false
      },
      {
        "strName" : "ItmFloorRYOF01",
        "fX"      : -11.0,
        "fY"      : 9.0,
        "fRotation" : 0.0,
        "strID"     : "78eb4e3e-372f-4b0c-9772-6f69a3fe0481",
        "bForceLoad" : false
      },
      {
        "strName" : "ItmFloorRYOF01",
        "fX"      : -11.0,
        "fY"      : 10.0,
        "fRotation" : 0.0,
        "strID"     : "da16eb85-5ae0-4859-829e-33963c3b8d45",
        "bForceLoad" : false
      },
      {
        "strName" : "ItmFloorRYOF01",
        "fX"      : -11.0,
        "fY"      : 11.0,
        "fRotation" : 0.0,
        "strID"     : "8a9f6ea1-eca7-44ba-b747-f8635d7abd45",
        "bForceLoad" : false
      },
      {
        "strName" : "ItmFloorRYOF01",
        "fX"      : -11.0,
        "fY"      : 12.0,
        "fRotation" : 0.0,
        "strID"     : "43026855-52ce-4453-9b69-3d4fc69a8e66",
        "bForceLoad" : false
      },
      {
        "strName" : "ItmFloorRYOF01",
        "fX"      : -11.0,
        "fY"      : 13.0,
        "fRotation" : 0.0,
        "strID"     : "c8047e3c-6046-49b4-a06d-28451f507222",
        "bForceLoad" : false
      },
      {
        "strName" : "ItmFloorRYOF01",
        "fX"      : -11.0,
        "fY"      : 14.0,
        "fRotation" : 0.0,
        "strID"     : "893fabd6-9536-4df8-b2c0-d1c6f24f08d6",
        "bForceLoad" : false
      },
      {
        "strName" : "ItmFloorRYOF01",
        "fX"      : -11.0,
        "fY"      : 15.0,
        "fRotation" : 0.0,
        "strID"     : "2a2db812-6394-40da-b69f-0b433bde0b91",
        "bForceLoad" : false
      },
      {
        "strName" : "ItmFloorRYOF01",
        "fX"      : -1.0,
        "fY"      : 9.0,
        "fRotation" : 0.0,
        "strID"     : "a69cf6a5-4a40-4422-8a78-c9650a81c980",
        "bForceLoad" : false
      },
      {
        "strName" : "ItmFloorRYOF01",
        "fX"      : -1.0,
        "fY"      : 10.0,
        "fRotation" : 0.0,
        "strID"     : "2478141c-4aa2-469b-a17b-86b47fdded81",
        "bForceLoad" : false
      },
      {
        "strName" : "ItmFloorRYOF01",
        "fX"      : -1.0,
        "fY"      : 11.0,
        "fRotation" : 0.0,
        "strID"     : "6a29f58e-1245-422f-a350-442e1221d355",
        "bForceLoad" : false
      },
      {
        "strName" : "ItmFloorRYOF01",
        "fX"      : -1.0,
        "fY"      : 12.0,
        "fRotation" : 0.0,
        "strID"     : "f3ddc3ef-d456-4054-b500-1238a2951bdd",
        "bForceLoad" : false
      },
      {
        "strName" : "ItmFloorRYOF01",
        "fX"      : -1.0,
        "fY"      : 13.0,
        "fRotation" : 0.0,
        "strID"     : "14fb4520-3ae9-455e-8de7-83fa5ca8b366",
        "bForceLoad" : false
      },
      {
        "strName" : "ItmFloorRYOF01",
        "fX"      : -1.0,
        "fY"      : 14.0,
        "fRotation" : 0.0,
        "strID"     : "d887529e-bdaf-42b7-a9e1-8424b8b4d6f3",
        "bForceLoad" : false
      },
      {
        "strName" : "ItmFloorRYOF01",
        "fX"      : -1.0,
        "fY"      : 15.0,
        "fRotation" : 0.0,
        "strID"     : "ed9260c0-97c3-4d9e-8d5d-793b543933dd",
        "bForceLoad" : false
      },
      {
        "strName" : "ItmConduit01",
        "fX"      : -10.0,
        "fY"      : 14.0,
        "fRotation" : 0.0,
        "strID"     : "af2c1b13-151f-4cf6-88b5-5606d41b7842",
        "bForceLoad" : false
      },
      {
        "strName" : "ItmConduit01",
        "fX"      : -11.0,
        "fY"      : 9.0,
        "fRotation" : 0.0,
        "strID"     : "5e24b0fd-2258-4d68-9f12-a67cef6018e8",
        "bForceLoad" : false
      },
      {
        "strName" : "ItmConduit01",
        "fX"      : -11.0,
        "fY"      : 10.0,
        "fRotation" : 0.0,
        "strID"     : "33d6c971-540c-46aa-91e0-964d3e7ef1d6",
        "bForceLoad" : false
      },
      {
        "strName" : "ItmCooler01On",
        "fX"      : -8.5,
        "fY"      : 20.0,
        "fRotation" : 0.0,
        "strID"     : "53806b57-7a5e-4815-8cd2-6427a6fb737b",
        "bForceLoad" : false,
        "aGPMSettings" : [
          {
            "strName" : "Panel A",
            "dictGUIPropMap" : [
              "strGUIPrefab",
              "GUIAirPump",
              "strFriendlyName",
              "Cooler",
              "strGUIPrefabRight",
              null,
              "strGUIPrefabLeft",
              null,
              "strGUIPrefabUp",
              null,
              "strGUIPrefabDown",
              null,
              "strTitle",
              "Unscrew for Thermostat Sensor Input Signal",
              "strValidCOTrigger01",
              "TIsAlarmTemp",
              "strCondMonitor01",
              "DcGasTemp03",
              "strSubPoint",
              "Cool",
              "strAddPoint",
              "Heat",
              "strInput01",
              ""
            ]
          }
        ]
      },
      {
        "strName" : "ItmAlarmN2OnG",
        "fX"      : -6.0,
        "fY"      : 19.0,
        "fRotation" : 0.0,
        "strID"     : "4540b2d1-746c-4de5-808a-71e14cfe3e02",
        "bForceLoad" : false,
        "aGPMSettings" : [
          {
            "strName" : "Panel A",
            "dictGUIPropMap" : [
              "strGUIPrefab",
              "GUIOnOff",
              "strFriendlyName",
              "Alarm",
              "strGUIPrefabRight",
              null,
              "strGUIPrefabLeft",
              null,
              "strGUIPrefabUp",
              null,
              "strGUIPrefabDown",
              null,
              "strTitle",
              "Alarm Override"
            ]
          }
        ]
      },
      {
        "strName" : "ItmSwitch01On",
        "fX"      : -8.0,
        "fY"      : 18.0,
        "fRotation" : 0.0,
        "strID"     : "9bf53382-c7a1-451f-bdfe-5b6498e9e80a",
        "bForceLoad" : false
      },
      {
        "strName" : "SysLootSpawner",
        "fX"      : -8.0,
        "fY"      : 17.0,
        "fRotation" : 0.0,
        "strID"     : "725f1ab2-8e8c-47ab-ba43-67196a96ab70",
        "bForceLoad" : false,
        "aGPMSettings" : [
          {
            "strName" : "Panel A",
            "dictGUIPropMap" : [
              "strGUIPrefab",
              "GUILootSpawn",
              "strFriendlyName",
              "Loot Spawner",
              "strGUIPrefabRight",
              null,
              "strGUIPrefabLeft",
              null,
              "strGUIPrefabUp",
              null,
              "strGUIPrefabDown",
              null,
              "strType",
              "Loot",
              "strLoot",
              "ItmDerelictSpareFloorRYOF",
              "strRange",
              "1",
              "strCount",
              "2",
              "strDamaged",
              "True",
              "strDerelict",
              "True"
            ]
          }
        ]
      },
      {
        "strName" : "SysLootSpawner",
        "fX"      : -6.0,
        "fY"      : 8.0,
        "fRotation" : 0.0,
        "strID"     : "099b1dd8-88b7-434f-9df8-a4126022e665",
        "bForceLoad" : false,
        "aGPMSettings" : [
          {
            "strName" : "Panel A",
            "dictGUIPropMap" : [
              "strGUIPrefab",
              "GUILootSpawn",
              "strFriendlyName",
              "Loot Spawner",
              "strGUIPrefabRight",
              null,
              "strGUIPrefabLeft",
              null,
              "strGUIPrefabUp",
              null,
              "strGUIPrefabDown",
              null,
              "strType",
              "Loot",
              "strLoot",
              "ItmDerelictMediumAirlock",
              "strRange",
              "1",
              "strCount",
              "2",
              "strDamaged",
              "True",
              "strDerelict",
              "True"
            ]
          }
        ]
      },
      {
        "strName" : "ItmRTAN2",
        "fX"      : -8.0,
        "fY"      : 15.0,
        "fRotation" : 0.0,
        "strID"     : "d7f7c051-121c-4527-b6c9-f313ad4829cc",
        "bForceLoad" : false
      },
      {
        "strName" : "ItmRTAN2",
        "fX"      : -8.0,
        "fY"      : 16.0,
        "fRotation" : 180.0,
        "strID"     : "bd0a0772-7ee1-4390-9202-b1f711ba7e1b",
        "bForceLoad" : false
      },
      {
        "strName" : "SysLootSpawner",
        "fX"      : -3.0,
        "fY"      : 11.0,
        "fRotation" : 0.0,
        "strID"     : "6f6a897d-9f0d-4728-aa40-b87e2ef8dccd",
        "bForceLoad" : false,
        "aGPMSettings" : [
          {
            "strName" : "Panel A",
            "dictGUIPropMap" : [
              "strGUIPrefab",
              "GUILootSpawn",
              "strFriendlyName",
              "Loot Spawner",
              "strGUIPrefabRight",
              null,
              "strGUIPrefabLeft",
              null,
              "strGUIPrefabUp",
              null,
              "strGUIPrefabDown",
              null,
              "strType",
              "Loot",
              "strLoot",
              "ItmDerelictSpareWallRYOB01",
              "strRange",
              "1",
              "strCount",
              "1",
              "strDamaged",
              "True",
              "strDerelict",
              "True"
            ]
          }
        ]
      },
      {
        "strName" : "ItmConduit01",
        "fX"      : -8.0,
        "fY"      : 19.0,
        "fRotation" : 0.0,
        "strID"     : "ffe8dc49-1d15-4e42-bb83-69e0217ae734",
        "bForceLoad" : false
      },
      {
        "strName" : "ItmConduit01",
        "fX"      : -6.0,
        "fY"      : 19.0,
        "fRotation" : 0.0,
        "strID"     : "0177fc81-f35e-4e20-96f1-f04b8cebaeee",
        "bForceLoad" : false
      },
      {
        "strName" : "ItmConduit01",
        "fX"      : -5.0,
        "fY"      : 19.0,
        "fRotation" : 0.0,
        "strID"     : "74c845de-e04a-44db-b80d-4371af61b653",
        "bForceLoad" : false
      },
      {
        "strName" : "Compartment",
        "fX"      : -12.0,
        "fY"      : 22.0,
        "fRotation" : 0.0,
        "strID"     : "76c35328-66a2-45c9-ba0a-9186e063e76d",
        "bForceLoad" : false
      },
      {
        "strName" : "Compartment",
        "fX"      : -5.0,
        "fY"      : 20.0,
        "fRotation" : 0.0,
        "strID"     : "5b7cfa36-a62e-494a-a0cf-6a26e03463bd",
        "bForceLoad" : false
      },
      {
        "strName" : "Compartment",
        "fX"      : -8.0,
        "fY"      : 8.0,
        "fRotation" : 0.0,
        "strID"     : "bb34c1f6-2ea2-4621-bd7a-7fc0ae98822e",
        "bForceLoad" : false
      }
    ],
    "aShallowPSpecs"   : [
      {
        "strName" : "SysLootSpawner",
        "fX"      : -6.0,
        "fY"      : 7.0,
        "fRotation" : 0.0,
        "strID"     : "9d2c19a2-542b-4c25-b511-e971d0e5ed34",
        "bForceLoad" : false,
        "aGPMSettings" : [
          {
            "strName" : "Panel A",
            "dictGUIPropMap" : [
              "strGUIPrefab",
              "GUILootSpawn",
              "strFriendlyName",
              "Loot Spawner",
              "strGUIPrefabRight",
              null,
              "strGUIPrefabLeft",
              null,
              "strGUIPrefabUp",
              null,
              "strGUIPrefabDown",
              null,
              "strType",
              "Pspec",
              "strLoot",
              "Boarding",
              "strRange",
              "1",
              "strCount",
              "0"
            ]
          }
        ]
      },
      {
        "strName" : "SysLootSpawner",
        "fX"      : -6.0,
        "fY"      : 16.0,
        "fRotation" : 0.0,
        "strID"     : "de778341-b44a-4fed-a040-6fc2456653b4",
        "bForceLoad" : false,
        "aGPMSettings" : [
          {
            "strName" : "Panel A",
            "dictGUIPropMap" : [
              "strGUIPrefab",
              "GUILootSpawn",
              "strFriendlyName",
              "Loot Spawner",
              "strGUIPrefabRight",
              null,
              "strGUIPrefabLeft",
              null,
              "strGUIPrefabUp",
              null,
              "strGUIPrefabDown",
              null,
              "strType",
              "Pspec",
              "strLoot",
              "NotBoarding",
              "strRange",
              "2",
              "strCount",
              "0"
            ]
          }
        ]
      }
    ],
    "vShipPos"         : {
      "x" : -6.0,
      "y" : 16.0
    },
    "objSS"            : {
      "boPORShip" : "1036 Ganymed",
      "vPosx"     : 0.947510538300352,
      "vPosy"     : -1.56720192378476,
      "vBOOffsetx" : 4.83032724085675E-06,
      "vBOOffsety" : 4.34319612918621E-06,
      "vVelX"      : 1.68144571821571E-07,
      "vVelY"      : 1.20195429165193E-08,
      "vAccIn"     : {
        "x" : 0.0,
        "y" : 0.0
      },
      "vAccRCS"    : {
        "x" : 0.0,
        "y" : 0.0
      },
      "vAccEx"     : {
        "x" : 0.0,
        "y" : 0.0
      },
      "fRot"       : 3.72196,
      "fW"         : 0.0,
      "fA"         : 0.0,
      "bBOLocked"  : true,
      "bIsBO"      : false,
      "bIsRegion"  : false,
      "bIsNoFees"  : false
    },
    "aRooms"           : [
      {
        "strID" : "76c35328-66a2-45c9-ba0a-9186e063e76d",
        "bVoid" : true,
        "aTiles" : [
          0,
          1,
          13,
          2,
          14,
          26,
          3,
          15,
          27,
          39,
          4,
          16,
          40,
          52,
          5,
          17,
          53,
          65,
          6,
          18,
          66,
          78,
          7,
          79,
          91,
          8,
          104,
          9,
          117,
          10,
          130,
          11,
          143,
          12,
          24,
          156,
          25,
          37,
          169,
          38,
          50,
          182,
          51,
          63,
          183,
          195,
          64,
          76,
          184,
          196,
          208,
          77,
          89,
          197,
          209,
          221,
          90,
          210,
          222,
          103,
          211,
          223,
          116,
          224,
          129,
          142,
          155,
          168,
          181,
          194,
          193,
          207,
          192,
          206,
          220,
          205,
          219,
          233,
          218,
          232,
          217,
          231,
          230
        ]
      },
      {
        "strID" : "5b7cfa36-a62e-494a-a0cf-6a26e03463bd",
        "bVoid" : false,
        "aTiles" : [
          33,
          34,
          46,
          35,
          47,
          45,
          59,
          48,
          60,
          44,
          58,
          72,
          61,
          73,
          43,
          57,
          71,
          85,
          74,
          86,
          42,
          56,
          70,
          84,
          87,
          99,
          55,
          69,
          83,
          97,
          100,
          112,
          68,
          82,
          96,
          110,
          113,
          111,
          125,
          81,
          95,
          109,
          123,
          114,
          126,
          124,
          138,
          94,
          108,
          122,
          136,
          127,
          139,
          137,
          151,
          107,
          121,
          135,
          149,
          140,
          152,
          150,
          164,
          106,
          120,
          134,
          148,
          162,
          153,
          165,
          163,
          119,
          133,
          147,
          161,
          175,
          166,
          132,
          146,
          160,
          145,
          159,
          158
        ]
      },
      {
        "strID" : "bb34c1f6-2ea2-4621-bd7a-7fc0ae98822e",
        "bVoid" : false,
        "aTiles" : [
          186,
          187,
          188,
          200,
          189,
          201,
          213,
          190,
          202,
          214,
          215,
          227
        ]
      }
    ],
    "DMGStatus"        : 2,
    "fLastVisit"       : 0.0,
    "fAIDockingTimer"  : 0.0,
    "fAIPauseTimer"    : 0.0,
    "bPrefill"         : true,
    "bNoCollisions"    : false,
    "dLastScanTime"    : 0.0,
    "bLocalAuthority"  : false,
    "bAIShip"          : false,
    "make"             : "Ryokka",
    "model"            : "T TU-1a",
    "year"             : "2056",
    "origin"           : "K-Leg",
    "designation"      : "Gas Tug",
    "publicName"       : "Moribund Battery",
    "dimensions"       : "0.32m x 3.2m",
    "fShallowMass"     : 5200.505,
    "fShallowRCSRemass" : 749.2463964,
    "fShallowRCSRemassMax" : 749.364694715254,
    "fShallowFusionRemain" : 0.0,
    "fBreakInMultiplier"   : 0.448769,
    "nRCSCount"            : 4,
    "nRCSDistroCount"      : 2,
    "nDockCount"           : 1,
    "bFusionTorch"         : false
  }
]