
[
  {
    "strName" : "OKLG_NAV1",
    "strRegID" : "OKLG_NAV1",
    "nCurrentWaypoint" : -1,
    "fTimeEngaged"     : 12335.64,
    "aItems"           : [
      {
        "strName" : "ItmFloorRYOF04",
        "fX"      : 4.0,
        "fY"      : -3.0,
        "fRotation" : 180.0,
        "strID"     : "963e0a0c-d4b2-4267-968e-9cd17c2c9650",
        "bForceLoad" : false
      },
      {
        "strName" : "ItmFloorRYOF01",
        "fX"      : 8.0,
        "fY"      : -9.0,
        "fRotation" : 0.0,
        "strID"     : "6a2f7718-d02a-41a0-a07f-b8a57713cf5b",
        "bForceLoad" : false
      },
      {
        "strName" : "ItmFloorRYOF01",
        "fX"      : 4.0,
        "fY"      : -9.0,
        "fRotation" : 0.0,
        "strID"     : "9d738fae-5e9c-4338-a84f-b5880d36c027",
        "bForceLoad" : false
      },
      {
        "strName" : "ItmFloorRYOF01",
        "fX"      : 5.0,
        "fY"      : -9.0,
        "fRotation" : 0.0,
        "strID"     : "c855b44b-fb82-4827-906f-e097598fc204",
        "bForceLoad" : false
      },
      {
        "strName" : "ItmFloorRYOF01",
        "fX"      : 6.0,
        "fY"      : -9.0,
        "fRotation" : 0.0,
        "strID"     : "482f8cbc-1526-4cd9-9dc7-ccbdcbcd4989",
        "bForceLoad" : false
      },
      {
        "strName" : "ItmWallMSSLFWhite",
        "fX"      : 8.0,
        "fY"      : -11.0,
        "fRotation" : 0.0,
        "strID"     : "e9095559-c08b-448b-8b4c-a3e55fd13cbf",
        "bForceLoad" : false
      },
      {
        "strName" : "ItmWallMSSLFWhite",
        "fX"      : 5.0,
        "fY"      : -4.0,
        "fRotation" : 0.0,
        "strID"     : "25995ad3-05da-419e-8b95-a33486523908",
        "bForceLoad" : false
      },
      {
        "strName" : "ItmFloorRYOF01",
        "fX"      : 5.0,
        "fY"      : -5.0,
        "fRotation" : 0.0,
        "strID"     : "4e3eb00f-fcf1-46a2-85c1-a2f665a0328a",
        "bForceLoad" : false
      },
      {
        "strName" : "ItmFloorRYOF01",
        "fX"      : 6.0,
        "fY"      : -14.0,
        "fRotation" : 0.0,
        "strID"     : "d811b802-1735-4e3b-87e9-1f2fbe1f8afa",
        "bForceLoad" : false
      },
      {
        "strName" : "ItmFloorRYOF01",
        "fX"      : 5.0,
        "fY"      : -6.0,
        "fRotation" : 0.0,
        "strID"     : "319ad6ca-be62-490f-a9ac-7b2fead693fc",
        "bForceLoad" : false
      },
      {
        "strName" : "ItmFloorRYOF04",
        "fX"      : 4.0,
        "fY"      : -1.0,
        "fRotation" : 180.0,
        "strID"     : "72dc00c7-c03f-44c3-982c-044ad0502f14",
        "bForceLoad" : false
      },
      {
        "strName" : "ItmRCSDistro02",
        "fX"      : 5.5,
        "fY"      : -11.5,
        "fRotation" : 180.0,
        "strID"     : "5f95aa78-53c7-4da4-80f9-fa856492718a",
        "bForceLoad" : false
      },
      {
        "strName" : "ItmWallMSSLFWhite",
        "fX"      : 5.0,
        "fY"      : -6.0,
        "fRotation" : 0.0,
        "strID"     : "215128bc-7046-41ff-a4bb-655dd6c2566a",
        "bForceLoad" : false
      },
      {
        "strName" : "ItmConduit01",
        "fX"      : 6.0,
        "fY"      : 0.0,
        "fRotation" : 0.0,
        "strID"     : "26042a09-bc7a-4fda-8861-5e603a282221",
        "bForceLoad" : false
      },
      {
        "strName" : "ItmConduit01",
        "fX"      : 4.0,
        "fY"      : 0.0,
        "fRotation" : 0.0,
        "strID"     : "8a4f00b5-26b2-4d71-bfec-54539d8eff07",
        "bForceLoad" : false
      },
      {
        "strName" : "ItmLitWall1x0",
        "fX"      : 3.0,
        "fY"      : 0.0,
        "fRotation" : 270.0,
        "strID"     : "88edbbc6-9e9c-4661-9689-6a5401647a47",
        "bForceLoad" : false
      },
      {
        "strName" : "ItmFloorRYOF04",
        "fX"      : 6.0,
        "fY"      : -1.0,
        "fRotation" : 0.0,
        "strID"     : "7219b228-c8cd-4832-8f66-f60e555cd779",
        "bForceLoad" : false
      },
      {
        "strName" : "ItmFloorRYOF01",
        "fX"      : 3.0,
        "fY"      : -13.0,
        "fRotation" : 0.0,
        "strID"     : "7c93a308-ac36-41b6-af36-951453a090f1",
        "bForceLoad" : false
      },
      {
        "strName" : "ItmFloorRYOF01",
        "fX"      : 4.0,
        "fY"      : -13.0,
        "fRotation" : 0.0,
        "strID"     : "3896218e-f77e-4877-9b41-1bf037277ed2",
        "bForceLoad" : false
      },
      {
        "strName" : "ItmFloorRYOF01",
        "fX"      : 5.0,
        "fY"      : -13.0,
        "fRotation" : 0.0,
        "strID"     : "4cb1faad-223c-4f2e-9256-6d848c3a7a39",
        "bForceLoad" : false
      },
      {
        "strName" : "ItmFloorRYOF01",
        "fX"      : 6.0,
        "fY"      : -13.0,
        "fRotation" : 0.0,
        "strID"     : "cf31d6d6-f53c-472b-81a0-f5d84af4fed1",
        "bForceLoad" : false
      },
      {
        "strName" : "ItmFloorRYOF01",
        "fX"      : 7.0,
        "fY"      : -13.0,
        "fRotation" : 0.0,
        "strID"     : "e1a09a2d-4879-44bb-ac3e-7f4e16836498",
        "bForceLoad" : false
      },
      {
        "strName" : "ItmFloorRYOF01",
        "fX"      : 7.0,
        "fY"      : -12.0,
        "fRotation" : 0.0,
        "strID"     : "f009566d-3c86-45dc-af97-6e69e49889c6",
        "bForceLoad" : false
      },
      {
        "strName" : "ItmFloorRYOF01",
        "fX"      : 6.0,
        "fY"      : -12.0,
        "fRotation" : 0.0,
        "strID"     : "587ee308-e76d-47aa-9d85-d5fd3cffd0dd",
        "bForceLoad" : false
      },
      {
        "strName" : "ItmFloorRYOF01",
        "fX"      : 6.0,
        "fY"      : -11.0,
        "fRotation" : 0.0,
        "strID"     : "7dd4af48-7d70-4c59-a74f-873ffb69499d",
        "bForceLoad" : false
      },
      {
        "strName" : "ItmFloorRYOF01",
        "fX"      : 5.0,
        "fY"      : -11.0,
        "fRotation" : 0.0,
        "strID"     : "f9de1a90-bac8-408f-9119-4044d1fb0fa9",
        "bForceLoad" : false
      },
      {
        "strName" : "ItmFloorRYOF01",
        "fX"      : 4.0,
        "fY"      : -11.0,
        "fRotation" : 0.0,
        "strID"     : "484fe2f3-962b-4478-9728-285e4848b388",
        "bForceLoad" : false
      },
      {
        "strName" : "ItmFloorRYOF01",
        "fX"      : 4.0,
        "fY"      : -12.0,
        "fRotation" : 0.0,
        "strID"     : "5048b19a-d6bb-4e96-9b69-2c712a0bceeb",
        "bForceLoad" : false
      },
      {
        "strName" : "ItmFloorRYOF01",
        "fX"      : 5.0,
        "fY"      : -12.0,
        "fRotation" : 0.0,
        "strID"     : "14983751-abaa-4cd7-b2ba-0367df37ff35",
        "bForceLoad" : false
      },
      {
        "strName" : "ItmFloorRYOF01",
        "fX"      : 7.0,
        "fY"      : -11.0,
        "fRotation" : 0.0,
        "strID"     : "b895ef9f-dfd5-48df-80ef-ed9832980dc0",
        "bForceLoad" : false
      },
      {
        "strName" : "ItmFloorRYOF01",
        "fX"      : 3.0,
        "fY"      : -9.0,
        "fRotation" : 0.0,
        "strID"     : "e85c818c-4231-4161-a64f-9755b0b337ba",
        "bForceLoad" : false
      },
      {
        "strName" : "ItmConduit01",
        "fX"      : 5.0,
        "fY"      : 0.0,
        "fRotation" : 0.0,
        "strID"     : "edb6ee5f-70f6-4da2-bb92-6dacf017ea0a",
        "bForceLoad" : false
      },
      {
        "strName" : "ItmConduit01",
        "fX"      : 5.0,
        "fY"      : -1.0,
        "fRotation" : 0.0,
        "strID"     : "4f00db45-01d7-479c-a7a9-5973e50d9885",
        "bForceLoad" : false
      },
      {
        "strName" : "ItmFloorRYOF01",
        "fX"      : 5.0,
        "fY"      : -14.0,
        "fRotation" : 0.0,
        "strID"     : "266c5086-44ba-4a10-9c2d-11502c71ce7c",
        "bForceLoad" : false
      },
      {
        "strName" : "ItmWallMSSLFWhite",
        "fX"      : 4.0,
        "fY"      : 0.0,
        "fRotation" : 0.0,
        "strID"     : "6a9c20ec-4746-4b73-9d69-b5443063498b",
        "bForceLoad" : false
      },
      {
        "strName" : "ItmFloorRYOF01",
        "fX"      : 3.0,
        "fY"      : -8.0,
        "fRotation" : 0.0,
        "strID"     : "406755a8-66c4-4cf1-8dab-e1084c5703dd",
        "bForceLoad" : false
      },
      {
        "strName" : "ItmWallMSSLFWhite",
        "fX"      : 3.0,
        "fY"      : -8.0,
        "fRotation" : 0.0,
        "strID"     : "fac82f7b-12cf-4580-b1fb-0a13c48cf48e",
        "bForceLoad" : false
      },
      {
        "strName" : "ItmConduit01",
        "fX"      : 7.0,
        "fY"      : -15.0,
        "fRotation" : 0.0,
        "strID"     : "573c7f26-5e31-4a18-ba07-dd4683e2ea28",
        "bForceLoad" : false
      },
      {
        "strName" : "ItmLitWall1x0",
        "fX"      : 2.0,
        "fY"      : -14.0,
        "fRotation" : 270.0,
        "strID"     : "774636b0-31f1-4dfa-87c4-dc8d0ab2fe93",
        "bForceLoad" : false
      },
      {
        "strName" : "ItmFloorRYOF01",
        "fX"      : 3.0,
        "fY"      : -12.0,
        "fRotation" : 0.0,
        "strID"     : "17f0cf8c-361a-4680-9646-16d87d9d867a",
        "bForceLoad" : false
      },
      {
        "strName" : "ItmFloorRYOF01",
        "fX"      : 5.0,
        "fY"      : -10.0,
        "fRotation" : 0.0,
        "strID"     : "32076dae-f0df-4b51-873f-214fd3ba0ec5",
        "bForceLoad" : false
      },
      {
        "strName" : "ItmLitWall1x0",
        "fX"      : 7.0,
        "fY"      : 0.0,
        "fRotation" : 90.0,
        "strID"     : "a2054f4c-ff2e-42e2-a467-e40a8567b6fa",
        "bForceLoad" : false
      },
      {
        "strName" : "ItmFloorRYOF04",
        "fX"      : 6.0,
        "fY"      : -3.0,
        "fRotation" : 0.0,
        "strID"     : "776e93df-6a87-4590-b5f3-e23f2e187751",
        "bForceLoad" : false
      },
      {
        "strName" : "ItmWallMSSLFWhite",
        "fX"      : 5.0,
        "fY"      : -7.0,
        "fRotation" : 0.0,
        "strID"     : "ecd5c4dc-ea8f-4f22-90ba-fc9abbb3a438",
        "bForceLoad" : false
      },
      {
        "strName" : "ItmFloorRYOF01",
        "fX"      : 2.0,
        "fY"      : -11.0,
        "fRotation" : 0.0,
        "strID"     : "66ff7be6-8ac3-4c62-86d9-78466596a51e",
        "bForceLoad" : false
      },
      {
        "strName" : "ItmConduit01",
        "fX"      : 3.0,
        "fY"      : -14.0,
        "fRotation" : 0.0,
        "strID"     : "ddbd3206-6455-45db-afe4-05916a64bbf6",
        "bForceLoad" : false
      },
      {
        "strName" : "ItmLitWall1x0",
        "fX"      : 7.0,
        "fY"      : -4.0,
        "fRotation" : 90.0,
        "strID"     : "49e47689-8034-4530-9ce9-d3238ec80b94",
        "bForceLoad" : false
      },
      {
        "strName" : "ItmFloorRYOF01",
        "fX"      : 3.0,
        "fY"      : -10.0,
        "fRotation" : 0.0,
        "strID"     : "ccaf49e9-197f-49bb-93e7-c9df72793cc8",
        "bForceLoad" : false
      },
      {
        "strName" : "ItmFloorRYOF01",
        "fX"      : 4.0,
        "fY"      : -10.0,
        "fRotation" : 0.0,
        "strID"     : "9ed022cd-d963-4dba-b75d-776e3bfdc8ab",
        "bForceLoad" : false
      },
      {
        "strName" : "ItmFloorRYOF04",
        "fX"      : 6.0,
        "fY"      : -15.0,
        "fRotation" : 270.0,
        "strID"     : "33638140-eede-4f74-a91a-3094d225a06e",
        "bForceLoad" : false
      },
      {
        "strName" : "ItmFloorRYOF01",
        "fX"      : 6.0,
        "fY"      : -10.0,
        "fRotation" : 0.0,
        "strID"     : "58cfd15d-f533-4208-873f-d6e40c3fa748",
        "bForceLoad" : false
      },
      {
        "strName" : "ItmFloorRYOF01",
        "fX"      : 7.0,
        "fY"      : -10.0,
        "fRotation" : 0.0,
        "strID"     : "6761e7ec-5c63-4d36-866f-56c06500da5d",
        "bForceLoad" : false
      },
      {
        "strName" : "ItmLitWall1x0",
        "fX"      : 7.0,
        "fY"      : -2.0,
        "fRotation" : 90.0,
        "strID"     : "4e898986-b8a1-454c-aea4-bc9d7c0908d7",
        "bForceLoad" : false
      },
      {
        "strName" : "ItmLitWall1x0",
        "fX"      : 3.0,
        "fY"      : -2.0,
        "fRotation" : 270.0,
        "strID"     : "5c7ef566-29fe-4963-84ef-e669dbb8e28a",
        "bForceLoad" : false
      },
      {
        "strName" : "ItmLitWall1x0",
        "fX"      : 3.0,
        "fY"      : -4.0,
        "fRotation" : 270.0,
        "strID"     : "70b9b436-7e72-4e7d-8bc2-f64d158cc0c9",
        "bForceLoad" : false
      },
      {
        "strName" : "ItmWallMSSLFWhite",
        "fX"      : 4.0,
        "fY"      : -4.0,
        "fRotation" : 0.0,
        "strID"     : "674838d2-51a9-4548-90c6-131ddf738606",
        "bForceLoad" : false
      },
      {
        "strName" : "ItmFloorRYOF04",
        "fX"      : 6.0,
        "fY"      : -5.0,
        "fRotation" : 0.0,
        "strID"     : "88e9fb3f-7b43-4d92-825d-54dfab3e6552",
        "bForceLoad" : false
      },
      {
        "strName" : "ItmWallMSSLFWhite",
        "fX"      : 6.0,
        "fY"      : 0.0,
        "fRotation" : 0.0,
        "strID"     : "435bcdf1-ff6d-48b6-8cba-9920ee78f2c0",
        "bForceLoad" : false
      },
      {
        "strName" : "ItmWallMSSLFWhite",
        "fX"      : 5.0,
        "fY"      : -5.0,
        "fRotation" : 0.0,
        "strID"     : "cfef8b58-e0ed-4608-966d-ddfa34bcbe37",
        "bForceLoad" : false
      },
      {
        "strName" : "ItmWallMSSLFWhite",
        "fX"      : 6.0,
        "fY"      : -8.0,
        "fRotation" : 0.0,
        "strID"     : "1f1e702c-273c-4640-9ae2-5b03676dc515",
        "bForceLoad" : false
      },
      {
        "strName" : "ItmRCSCluster01",
        "fX"      : 8.0,
        "fY"      : -12.0,
        "fRotation" : 270.0,
        "strID"     : "1394121a-1448-43e3-8055-f9f39d6f2291",
        "bForceLoad" : false
      },
      {
        "strName" : "ItmWallMSSLFWhite",
        "fX"      : 7.0,
        "fY"      : -8.0,
        "fRotation" : 0.0,
        "strID"     : "9748b460-c62d-486c-b3de-daae85793015",
        "bForceLoad" : false
      },
      {
        "strName" : "ItmWallMSSLFWhite",
        "fX"      : 7.0,
        "fY"      : -9.0,
        "fRotation" : 0.0,
        "strID"     : "07cd2c6e-ba35-4f22-9af0-b387e8992b73",
        "bForceLoad" : false
      },
      {
        "strName" : "ItmWallMSSLFWhite",
        "fX"      : 4.0,
        "fY"      : -8.0,
        "fRotation" : 0.0,
        "strID"     : "c6ff577f-a833-45ea-8061-da3a85573e4c",
        "bForceLoad" : false
      },
      {
        "strName" : "ItmConduit01",
        "fX"      : 4.0,
        "fY"      : -13.0,
        "fRotation" : 0.0,
        "strID"     : "247b5c93-296f-4127-b855-7c605f84b393",
        "bForceLoad" : false
      },
      {
        "strName" : "ItmConduit01",
        "fX"      : 4.0,
        "fY"      : -2.0,
        "fRotation" : 0.0,
        "strID"     : "ba6913c9-9fb1-4be8-8518-7f33ccb838bf",
        "bForceLoad" : false
      },
      {
        "strName" : "ItmConduit01",
        "fX"      : 6.0,
        "fY"      : -2.0,
        "fRotation" : 0.0,
        "strID"     : "42b9c1ef-b744-4c15-b921-85e9e29fbff8",
        "bForceLoad" : false
      },
      {
        "strName" : "ItmConduit01",
        "fX"      : 5.0,
        "fY"      : -2.0,
        "fRotation" : 0.0,
        "strID"     : "fc62a8c7-edb8-4fb5-ae34-ce6f7fb05cb4",
        "bForceLoad" : false
      },
      {
        "strName" : "ItmWallMSSLFWhite",
        "fX"      : 5.0,
        "fY"      : -1.0,
        "fRotation" : 0.0,
        "strID"     : "f1839698-b2fb-4640-9303-4f40ed5b7c21",
        "bForceLoad" : false
      },
      {
        "strName" : "ItmFloorRYOF01",
        "fX"      : 6.0,
        "fY"      : -4.0,
        "fRotation" : 0.0,
        "strID"     : "9e4612cd-132a-4355-9908-d8e718def740",
        "bForceLoad" : false
      },
      {
        "strName" : "ItmWallMSSLFWhite",
        "fX"      : 4.0,
        "fY"      : -6.0,
        "fRotation" : 0.0,
        "strID"     : "7116e474-8249-4609-b919-43795e3dae65",
        "bForceLoad" : false
      },
      {
        "strName" : "ItmRCSCluster01",
        "fX"      : 2.0,
        "fY"      : -12.0,
        "fRotation" : 90.0,
        "strID"     : "aec36833-7653-42ee-8430-651874854d4e",
        "bForceLoad" : false
      },
      {
        "strName" : "ItmFloorRYOF01",
        "fX"      : 6.0,
        "fY"      : -6.0,
        "fRotation" : 0.0,
        "strID"     : "0a7987cb-3c4d-4ea4-b548-6d9d0ec41313",
        "bForceLoad" : false
      },
      {
        "strName" : "ItmFloorRYOF01",
        "fX"      : 4.0,
        "fY"      : -6.0,
        "fRotation" : 0.0,
        "strID"     : "c7ca4245-0aa0-4515-8499-77583966e1f1",
        "bForceLoad" : false
      },
      {
        "strName" : "ItmRTAN2",
        "fX"      : 5.0,
        "fY"      : -12.0,
        "fRotation" : 0.0,
        "strID"     : "3823171f-a020-4a0e-83cc-7a1e97368aee",
        "bForceLoad" : false
      },
      {
        "strName" : "ItmFloorRYOF01",
        "fX"      : 4.0,
        "fY"      : -4.0,
        "fRotation" : 0.0,
        "strID"     : "52474acd-2227-4cd0-8f48-3d53ec84450b",
        "bForceLoad" : false
      },
      {
        "strName" : "ItmFloorRYOF01",
        "fX"      : 4.0,
        "fY"      : -2.0,
        "fRotation" : 0.0,
        "strID"     : "bc2647f7-e6d5-4dfa-a776-f89c3c037815",
        "bForceLoad" : false
      },
      {
        "strName" : "ItmFloorRYOF01",
        "fX"      : 6.0,
        "fY"      : -2.0,
        "fRotation" : 0.0,
        "strID"     : "0589e923-4f59-4d58-8c88-feb2e770e423",
        "bForceLoad" : false
      },
      {
        "strName" : "ItmConduit01",
        "fX"      : 6.0,
        "fY"      : -4.0,
        "fRotation" : 0.0,
        "strID"     : "14a28e29-a666-4e14-9cd3-b8581185a079",
        "bForceLoad" : false
      },
      {
        "strName" : "ItmConduit01",
        "fX"      : 4.0,
        "fY"      : -4.0,
        "fRotation" : 0.0,
        "strID"     : "3edf2417-008b-4444-ae5c-34abb96eff04",
        "bForceLoad" : false
      },
      {
        "strName" : "ItmConduit01",
        "fX"      : 4.0,
        "fY"      : -6.0,
        "fRotation" : 0.0,
        "strID"     : "e2277327-53f6-4748-a4f3-0fa67bdf01c2",
        "bForceLoad" : false
      },
      {
        "strName" : "ItmLitWall1x0",
        "fX"      : 5.0,
        "fY"      : -9.0,
        "fRotation" : 0.0,
        "strID"     : "a74935a0-b908-49cb-8422-52e6d7cf7acc",
        "bForceLoad" : false
      },
      {
        "strName" : "ItmWallMSSLFWhite",
        "fX"      : 6.0,
        "fY"      : -2.0,
        "fRotation" : 0.0,
        "strID"     : "45571ef9-4962-48fe-affe-c6312f002739",
        "bForceLoad" : false
      },
      {
        "strName" : "ItmConduit01",
        "fX"      : 5.0,
        "fY"      : -3.0,
        "fRotation" : 0.0,
        "strID"     : "22775782-1ecb-4289-a267-11c92da17bef",
        "bForceLoad" : false
      },
      {
        "strName" : "ItmConduit01",
        "fX"      : 5.0,
        "fY"      : -4.0,
        "fRotation" : 0.0,
        "strID"     : "2b5048b8-3149-4ba7-a9ec-0f82be643712",
        "bForceLoad" : false
      },
      {
        "strName" : "ItmWallMSSLFWhite",
        "fX"      : 5.0,
        "fY"      : -2.0,
        "fRotation" : 0.0,
        "strID"     : "242bdecf-0f0a-45e4-8b43-c0d3617b44f1",
        "bForceLoad" : false
      },
      {
        "strName" : "ItmWallMSSLFWhite",
        "fX"      : 4.0,
        "fY"      : -2.0,
        "fRotation" : 0.0,
        "strID"     : "faafc858-c560-4326-9913-203d3a3dd1ec",
        "bForceLoad" : false
      },
      {
        "strName" : "ItmConduit01",
        "fX"      : 5.0,
        "fY"      : -5.0,
        "fRotation" : 0.0,
        "strID"     : "4bac7ff1-f369-45e5-9509-f8fbca36534b",
        "bForceLoad" : false
      },
      {
        "strName" : "ItmConduit01",
        "fX"      : 5.0,
        "fY"      : -6.0,
        "fRotation" : 0.0,
        "strID"     : "169472d4-a820-49a2-bce9-e18a8c2c8e62",
        "bForceLoad" : false
      },
      {
        "strName" : "ItmFloorRYOF01",
        "fX"      : 5.0,
        "fY"      : -3.0,
        "fRotation" : 0.0,
        "strID"     : "91012831-bc54-4a9f-8cc8-b76e9e419820",
        "bForceLoad" : false
      },
      {
        "strName" : "ItmConduit01",
        "fX"      : 6.0,
        "fY"      : -6.0,
        "fRotation" : 0.0,
        "strID"     : "f55c1686-47bd-4b89-8a7a-945b6a14c147",
        "bForceLoad" : false
      },
      {
        "strName" : "ItmFloorRYOF01",
        "fX"      : 5.0,
        "fY"      : -2.0,
        "fRotation" : 0.0,
        "strID"     : "82a6014d-7b53-4da7-ac16-57aeffc73ed4",
        "bForceLoad" : false
      },
      {
        "strName" : "ItmConduit01",
        "fX"      : 5.0,
        "fY"      : -7.0,
        "fRotation" : 0.0,
        "strID"     : "1ced374c-82bc-4270-8305-2844d074fb16",
        "bForceLoad" : false
      },
      {
        "strName" : "ItmConduit01",
        "fX"      : 5.0,
        "fY"      : -8.0,
        "fRotation" : 0.0,
        "strID"     : "dc58fcbd-e745-4628-a8dc-4d00a6a559ad",
        "bForceLoad" : false
      },
      {
        "strName" : "ItmConduit01",
        "fX"      : 7.0,
        "fY"      : -14.0,
        "fRotation" : 0.0,
        "strID"     : "7fcd19f2-3059-45a3-b515-637a7408233e",
        "bForceLoad" : false
      },
      {
        "strName" : "ItmConduit01",
        "fX"      : 7.0,
        "fY"      : -13.0,
        "fRotation" : 0.0,
        "strID"     : "252d5d88-c32d-442a-bc4a-559bd2421cd4",
        "bForceLoad" : false
      },
      {
        "strName" : "ItmConduit01",
        "fX"      : 6.0,
        "fY"      : -13.0,
        "fRotation" : 0.0,
        "strID"     : "e8769b0a-904f-4dc6-9500-52c861029dca",
        "bForceLoad" : false
      },
      {
        "strName" : "ItmDockSys02Closed",
        "fX"      : 5.0,
        "fY"      : -15.5,
        "fRotation" : 180.0,
        "strID"     : "062a9fad-f93a-45ea-923e-50cb6c31cd05",
        "bForceLoad" : false
      },
      {
        "strName" : "ItmFloorRYOF01",
        "fX"      : 4.0,
        "fY"      : -14.0,
        "fRotation" : 0.0,
        "strID"     : "076404a7-776f-45d1-b961-62dfeef57fbe",
        "bForceLoad" : false
      },
      {
        "strName" : "ItmConduit01",
        "fX"      : 5.0,
        "fY"      : -9.0,
        "fRotation" : 0.0,
        "strID"     : "489bb908-3cff-4ccc-abe7-9390e26615c4",
        "bForceLoad" : false
      },
      {
        "strName" : "ItmConduit01",
        "fX"      : 5.0,
        "fY"      : -10.0,
        "fRotation" : 0.0,
        "strID"     : "c13037e0-5a9e-46ca-bd7b-989a56f7066a",
        "bForceLoad" : false
      },
      {
        "strName" : "ItmConduit01",
        "fX"      : 5.0,
        "fY"      : -11.0,
        "fRotation" : 0.0,
        "strID"     : "c9aa6b03-fc05-441e-8504-5f7a16c60d24",
        "bForceLoad" : false
      },
      {
        "strName" : "ItmConduit01",
        "fX"      : 2.0,
        "fY"      : -12.0,
        "fRotation" : 0.0,
        "strID"     : "f78b1044-48d5-4a45-9487-03a6eb8cf5f3",
        "bForceLoad" : false
      },
      {
        "strName" : "ItmConduit01",
        "fX"      : 2.0,
        "fY"      : -11.0,
        "fRotation" : 0.0,
        "strID"     : "2f93e780-e4b6-40cc-acfc-3ca87912dfdf",
        "bForceLoad" : false
      },
      {
        "strName" : "ItmConduit01",
        "fX"      : 2.0,
        "fY"      : -10.0,
        "fRotation" : 0.0,
        "strID"     : "e8bf4184-5ae1-4c45-a540-685403a68ab3",
        "bForceLoad" : false
      },
      {
        "strName" : "ItmConduit01",
        "fX"      : 2.0,
        "fY"      : -9.0,
        "fRotation" : 0.0,
        "strID"     : "e6826591-6373-4034-b3cb-74b591022666",
        "bForceLoad" : false
      },
      {
        "strName" : "ItmConduit01",
        "fX"      : 3.0,
        "fY"      : -9.0,
        "fRotation" : 0.0,
        "strID"     : "b84c1baa-c3fb-4101-870f-67435690daef",
        "bForceLoad" : false
      },
      {
        "strName" : "ItmConduit01",
        "fX"      : 5.0,
        "fY"      : -13.0,
        "fRotation" : 0.0,
        "strID"     : "d977f003-2646-43e4-9b2e-f6d22ed1c648",
        "bForceLoad" : false
      },
      {
        "strName" : "ItmConduit01",
        "fX"      : 3.0,
        "fY"      : -13.0,
        "fRotation" : 0.0,
        "strID"     : "a0a5b6e3-472a-42e3-be2a-7e4a28b8a83a",
        "bForceLoad" : false
      },
      {
        "strName" : "ItmWallMSSLFWhite",
        "fX"      : 5.0,
        "fY"      : -8.0,
        "fRotation" : 0.0,
        "strID"     : "fb12f327-dae7-4b19-ac7f-c16abae9a373",
        "bForceLoad" : false
      },
      {
        "strName" : "ItmLitWall1x0",
        "fX"      : 3.0,
        "fY"      : -6.0,
        "fRotation" : 270.0,
        "strID"     : "de4f262e-7aa4-4389-8ecd-e75dc43c187b",
        "bForceLoad" : false
      },
      {
        "strName" : "ItmConduit01",
        "fX"      : 5.0,
        "fY"      : -12.0,
        "fRotation" : 0.0,
        "strID"     : "32a07304-94ec-4026-9aad-37d919e734fe",
        "bForceLoad" : false
      },
      {
        "strName" : "ItmSwitch01On",
        "fX"      : 7.0,
        "fY"      : -11.0,
        "fRotation" : 0.0,
        "strID"     : "4b61d7f3-d120-47ab-9d6a-e5d31978258b",
        "bForceLoad" : false
      },
      {
        "strName" : "ItmSwitch01On",
        "fX"      : 4.0,
        "fY"      : -9.0,
        "fRotation" : 0.0,
        "strID"     : "c9c36e38-58aa-4242-bcd9-12a38f3e70c5",
        "bForceLoad" : false
      },
      {
        "strName" : "ItmConduit01",
        "fX"      : 8.0,
        "fY"      : -11.0,
        "fRotation" : 0.0,
        "strID"     : "c5f8e0dc-8b1a-4b24-953f-0a0f238bd595",
        "bForceLoad" : false
      },
      {
        "strName" : "ItmSwitch01On",
        "fX"      : 6.0,
        "fY"      : -11.0,
        "fRotation" : 0.0,
        "strID"     : "308bc98f-c73c-4bae-86d4-688a26f57bcc",
        "bForceLoad" : false
      },
      {
        "strName" : "ItmTerminal01",
        "fX"      : 3.0,
        "fY"      : -10.5,
        "fRotation" : 0.0,
        "strID"     : "c7783c4c-a65a-467d-81d7-53696adc307c",
        "bForceLoad" : false
      },
      {
        "strName" : "ItmWallMSSLFWhite",
        "fX"      : 5.0,
        "fY"      : 0.0,
        "fRotation" : 0.0,
        "strID"     : "c03cc00c-247a-4b54-b06f-b84d6d56e5b8",
        "bForceLoad" : false
      },
      {
        "strName" : "ItmWallMSSLFWhite",
        "fX"      : 6.0,
        "fY"      : -4.0,
        "fRotation" : 0.0,
        "strID"     : "32603d85-df68-419c-a239-eb0a3becc483",
        "bForceLoad" : false
      },
      {
        "strName" : "ItmWallMSSLFWhite",
        "fX"      : 3.0,
        "fY"      : -9.0,
        "fRotation" : 0.0,
        "strID"     : "b24b84fd-3f5e-49aa-8720-2bcdd33d0ce8",
        "bForceLoad" : false
      },
      {
        "strName" : "ItmWallMSSLFWhite",
        "fX"      : 8.0,
        "fY"      : -10.0,
        "fRotation" : 0.0,
        "strID"     : "246eee3f-67d1-4568-95fb-52e8ea370239",
        "bForceLoad" : false
      },
      {
        "strName" : "ItmFloorRYOF01",
        "fX"      : 8.0,
        "fY"      : -10.0,
        "fRotation" : 0.0,
        "strID"     : "41d4f53e-d195-465e-9f36-c668fe600022",
        "bForceLoad" : false
      },
      {
        "strName" : "ItmFloorRYOF01",
        "fX"      : 2.0,
        "fY"      : -12.0,
        "fRotation" : 0.0,
        "strID"     : "d7ab60a2-477e-42fc-b3db-412db290e568",
        "bForceLoad" : false
      },
      {
        "strName" : "ItmFloorRYOF01",
        "fX"      : 2.0,
        "fY"      : -10.0,
        "fRotation" : 0.0,
        "strID"     : "f93c403f-092f-4423-b3f1-cc15318c3da1",
        "bForceLoad" : false
      },
      {
        "strName" : "ItmFloorRYOF01",
        "fX"      : 3.0,
        "fY"      : -11.0,
        "fRotation" : 0.0,
        "strID"     : "cb257c15-c848-4d8a-962b-a57cade10c5b",
        "bForceLoad" : false
      },
      {
        "strName" : "ItmWallMSSLFWhite",
        "fX"      : 2.0,
        "fY"      : -9.0,
        "fRotation" : 0.0,
        "strID"     : "42c766a0-017e-49ed-bebb-20a16b25e11e",
        "bForceLoad" : false
      },
      {
        "strName" : "ItmWallMSSLFWhite",
        "fX"      : 2.0,
        "fY"      : -10.0,
        "fRotation" : 0.0,
        "strID"     : "b5098970-11a8-49c4-a8c2-123f6acb3259",
        "bForceLoad" : false
      },
      {
        "strName" : "ItmFloorRYOF01",
        "fX"      : 8.0,
        "fY"      : -11.0,
        "fRotation" : 0.0,
        "strID"     : "52c67400-2700-4d61-9596-12a62e14299e",
        "bForceLoad" : false
      },
      {
        "strName" : "ItmFloorRYOF01",
        "fX"      : 8.0,
        "fY"      : -13.0,
        "fRotation" : 0.0,
        "strID"     : "218b2ed2-715f-4bdd-8734-ddfba44685dd",
        "bForceLoad" : false
      },
      {
        "strName" : "ItmFloorRYOF01",
        "fX"      : 8.0,
        "fY"      : -12.0,
        "fRotation" : 0.0,
        "strID"     : "88ae2665-7702-4d26-9b58-3fe90df0b064",
        "bForceLoad" : false
      },
      {
        "strName" : "ItmFloorRYOF01",
        "fX"      : 2.0,
        "fY"      : -13.0,
        "fRotation" : 0.0,
        "strID"     : "593abb5c-dfb5-46ef-a86e-223e0679d041",
        "bForceLoad" : false
      },
      {
        "strName" : "ItmWallMSSLFWhite",
        "fX"      : 2.0,
        "fY"      : -13.0,
        "fRotation" : 0.0,
        "strID"     : "a4f325ca-32c8-44bb-807a-355e6d1575b6",
        "bForceLoad" : false
      },
      {
        "strName" : "ItmWallMSSLFWhite",
        "fX"      : 2.0,
        "fY"      : -12.0,
        "fRotation" : 0.0,
        "strID"     : "58932f04-8d88-40f3-bf21-c14647d630e0",
        "bForceLoad" : false
      },
      {
        "strName" : "ItmConduit01",
        "fX"      : 8.0,
        "fY"      : -12.0,
        "fRotation" : 0.0,
        "strID"     : "6e85050a-67be-4e57-8cbd-6dbaf8ab0c40",
        "bForceLoad" : false
      },
      {
        "strName" : "ItmWallMSSLFWhite",
        "fX"      : 2.0,
        "fY"      : -11.0,
        "fRotation" : 0.0,
        "strID"     : "4f46d01e-9fea-4cf7-bc2b-70469fbca230",
        "bForceLoad" : false
      },
      {
        "strName" : "ItmConduit01",
        "fX"      : 3.0,
        "fY"      : -15.0,
        "fRotation" : 0.0,
        "strID"     : "13bebf17-6d18-4feb-8b4b-ec6d9b120843",
        "bForceLoad" : false
      },
      {
        "strName" : "ItmWallMSSLFWhite",
        "fX"      : 7.0,
        "fY"      : -13.0,
        "fRotation" : 0.0,
        "strID"     : "28dc852a-f094-47ca-9618-258a830b4da9",
        "bForceLoad" : false
      },
      {
        "strName" : "ItmWallMSSLFWhite",
        "fX"      : 8.0,
        "fY"      : -13.0,
        "fRotation" : 0.0,
        "strID"     : "58b24666-a5ec-4e6a-8728-d82ae8eca6f7",
        "bForceLoad" : false
      },
      {
        "strName" : "ItmWallMSSLFWhite",
        "fX"      : 6.0,
        "fY"      : -6.0,
        "fRotation" : 0.0,
        "strID"     : "40269980-6b24-4aea-b348-8a88fb45997e",
        "bForceLoad" : false
      },
      {
        "strName" : "ItmWallMSSLFWhite",
        "fX"      : 8.0,
        "fY"      : -12.0,
        "fRotation" : 0.0,
        "strID"     : "5bbfe9ef-1201-4ca6-9a25-3c4e5831a796",
        "bForceLoad" : false
      },
      {
        "strName" : "ItmWallMSSLFWhite",
        "fX"      : 3.0,
        "fY"      : -13.0,
        "fRotation" : 0.0,
        "strID"     : "a98f9f4a-a06b-43a7-b33b-bcd3e0041662",
        "bForceLoad" : false
      },
      {
        "strName" : "ItmFloorRYOF01",
        "fX"      : 7.0,
        "fY"      : -14.0,
        "fRotation" : 0.0,
        "strID"     : "cd18580f-bb0c-4bff-bf1e-65c1f85d29d4",
        "bForceLoad" : false
      },
      {
        "strName" : "ItmFloorRYOF01",
        "fX"      : 3.0,
        "fY"      : -14.0,
        "fRotation" : 0.0,
        "strID"     : "93730d87-c5c3-435c-8045-c6e373ad20ce",
        "bForceLoad" : false
      },
      {
        "strName" : "ItmFloorRYOF01",
        "fX"      : 6.0,
        "fY"      : -8.0,
        "fRotation" : 0.0,
        "strID"     : "f7495059-f7c9-40a2-bce7-455640217b1a",
        "bForceLoad" : false
      },
      {
        "strName" : "ItmFloorRYOF04",
        "fX"      : 4.0,
        "fY"      : -15.0,
        "fRotation" : 270.0,
        "strID"     : "6d1df0a0-a957-4a27-8d7c-047066f837a8",
        "bForceLoad" : false
      },
      {
        "strName" : "ItmFloorRYOF01",
        "fX"      : 5.0,
        "fY"      : -4.0,
        "fRotation" : 0.0,
        "strID"     : "70af0881-f7d6-4e62-9fea-eddb89cac32f",
        "bForceLoad" : false
      },
      {
        "strName" : "ItmFloorRYOF04",
        "fX"      : 5.0,
        "fY"      : -15.0,
        "fRotation" : 270.0,
        "strID"     : "ccdbf3b5-31cf-4506-9e1d-2daf2023d7ee",
        "bForceLoad" : false
      },
      {
        "strName" : "ItmFloorRYOF04",
        "fX"      : 4.0,
        "fY"      : -5.0,
        "fRotation" : 180.0,
        "strID"     : "01f2b08d-b5dc-4d02-b73a-e783a4cacc36",
        "bForceLoad" : false
      },
      {
        "strName" : "ItmLitWall1x0",
        "fX"      : 7.0,
        "fY"      : -6.0,
        "fRotation" : 90.0,
        "strID"     : "da425d7d-60a5-4826-875a-5cfd4ff67dc7",
        "bForceLoad" : false
      },
      {
        "strName" : "ItmWallMSSLFWhite",
        "fX"      : 8.0,
        "fY"      : -9.0,
        "fRotation" : 0.0,
        "strID"     : "387bfb1e-773f-4594-be89-ffafd6c6d7d9",
        "bForceLoad" : false
      },
      {
        "strName" : "ItmFloorRYOF01",
        "fX"      : 7.0,
        "fY"      : -9.0,
        "fRotation" : 0.0,
        "strID"     : "d02e60b6-4360-45ef-a024-802a0ad5e4e9",
        "bForceLoad" : false
      },
      {
        "strName" : "ItmLitWall1x0",
        "fX"      : 8.0,
        "fY"      : -14.0,
        "fRotation" : 90.0,
        "strID"     : "74c83017-d411-4f76-b7ad-2f567c69e257",
        "bForceLoad" : false
      },
      {
        "strName" : "ItmWallMSSLFWhite",
        "fX"      : 5.0,
        "fY"      : -3.0,
        "fRotation" : 0.0,
        "strID"     : "0452ee52-f55c-4825-9077-55b6131e7b89",
        "bForceLoad" : false
      },
      {
        "strName" : "ItmFloorRYOF01",
        "fX"      : 4.0,
        "fY"      : -8.0,
        "fRotation" : 0.0,
        "strID"     : "d1793cae-4917-487c-a3dc-5d727cebe51c",
        "bForceLoad" : false
      },
      {
        "strName" : "ItmFloorRYOF01",
        "fX"      : 5.0,
        "fY"      : -7.0,
        "fRotation" : 0.0,
        "strID"     : "f9c8287b-a32b-4a8c-882c-3d00a1f24a49",
        "bForceLoad" : false
      },
      {
        "strName" : "ItmBattery02",
        "fX"      : 5.5,
        "fY"      : -9.5,
        "fRotation" : 180.0,
        "strID"     : "ac5b4f04-c008-48d9-a7f5-f46d2620d57d",
        "bForceLoad" : false,
        "aGPMSettings" : [
          {
            "strName" : "Panel A",
            "dictGUIPropMap" : [
              "strGUIPrefab",
              "GUIMeter",
              "strFriendlyName",
              "Battery",
              "strGUIPrefabRight",
              null,
              "strGUIPrefabLeft",
              null,
              "strGUIPrefabUp",
              null,
              "strGUIPrefabDown",
              null,
              "strTitle",
              "Battery Charge",
              "strCond",
              "StatPower",
              "strInput01",
              "",
              "fMin",
              "0.0",
              "fMax",
              "80.96"
            ]
          }
        ]
      },
      {
        "strName" : "ItmFloorRYOF01",
        "fX"      : 5.0,
        "fY"      : -8.0,
        "fRotation" : 0.0,
        "strID"     : "5db2387b-00c4-4d52-b50a-a92b64452096",
        "bForceLoad" : false
      },
      {
        "strName" : "ItmFloorMSSOW01",
        "fX"      : 8.0,
        "fY"      : -8.0,
        "fRotation" : 0.0,
        "strID"     : "d60b238d-8f40-454d-be65-dee3134021ae",
        "bForceLoad" : false
      },
      {
        "strName" : "ItmFloorMSSOW01",
        "fX"      : 2.0,
        "fY"      : -8.0,
        "fRotation" : 0.0,
        "strID"     : "1f4aa4bc-678e-47ce-9c46-7bb969ac339b",
        "bForceLoad" : false
      },
      {
        "strName" : "ItmFloorMSSOW01",
        "fX"      : 8.0,
        "fY"      : -14.0,
        "fRotation" : 0.0,
        "strID"     : "2f3833d0-3dd1-4939-bcd9-e42cb2a01f46",
        "bForceLoad" : false
      },
      {
        "strName" : "ItmFloorMSSOW01",
        "fX"      : 2.0,
        "fY"      : -14.0,
        "fRotation" : 0.0,
        "strID"     : "129bd482-f4ec-4958-998b-2a091a9557dc",
        "bForceLoad" : false
      },
      {
        "strName" : "ItmDoor01ClosedOnLocked",
        "fX"      : 5.0,
        "fY"      : -14.0,
        "fRotation" : 0.0,
        "strID"     : "9871b832-f84f-4d8c-8fbb-1a462b9e86e9",
        "bForceLoad" : false,
        "aGPMSettings" : [
          {
            "strName" : "Panel A",
            "dictGUIPropMap" : [
              "strGUIPrefab",
              "GUILocks",
              "strFriendlyName",
              "Door Lock",
              "strGUIPrefabRight",
              null,
              "strGUIPrefabLeft",
              null,
              "strGUIPrefabUp",
              null,
              "strGUIPrefabDown",
              null,
              "strBrand",
              "Bieler",
              "strBrandSub",
              "Commercial Door Systems",
              "strMSLock",
              "ItmDoorInt01ClosedLocked",
              "strMSUnlock",
              "ItmDoorInt01Closed",
              "strPIN",
              "3865"
            ]
          }
        ]
      },
      {
        "strName" : "Compartment",
        "fX"      : 1.0,
        "fY"      : 0.0,
        "fRotation" : 0.0,
        "strID"     : "b5dc5da3-cf71-4fab-9377-7edaf6c2a2b9",
        "bForceLoad" : false
      },
      {
        "strName" : "Compartment",
        "fX"      : 7.0,
        "fY"      : 0.0,
        "fRotation" : 0.0,
        "strID"     : "7c980a84-d85f-44c1-a883-83c1bd202edd",
        "bForceLoad" : false
      },
      {
        "strName" : "Compartment",
        "fX"      : 4.0,
        "fY"      : -9.0,
        "fRotation" : 0.0,
        "strID"     : "9b1dce03-9efc-4877-bbd0-59f1a3c71fe8",
        "bForceLoad" : false
      },
      {
        "strName" : "Compartment",
        "fX"      : 4.0,
        "fY"      : -15.0,
        "fRotation" : 0.0,
        "strID"     : "b251852b-1874-47e7-b7fc-1eba946d4f9a",
        "bForceLoad" : false
      }
    ],
    "vShipPos"         : {
      "x" : 0.0,
      "y" : 0.0
    },
    "objSS"            : {
      "boPORShip" : "OKLG_NAV1",
      "vPosx"     : 0.948616043976565,
      "vPosy"     : -1.56710281200473,
      "vBOOffsetx" : 0.0,
      "vBOOffsety" : 0.0,
      "vVelX"      : 1.68092737173886E-07,
      "vVelY"      : 1.20805048187123E-08,
      "vAccIn"     : {
        "x" : 0.0,
        "y" : 0.0
      },
      "vAccRCS"    : {
        "x" : 0.0,
        "y" : 0.0
      },
      "vAccEx"     : {
        "x" : 0.0,
        "y" : 0.0
      },
      "fRot"       : 0.0,
      "fW"         : 0.0,
      "fA"         : 0.0,
      "bBOLocked"  : false,
      "bIsBO"      : true,
      "bIsRegion"  : false,
      "bIsNoFees"  : true
    },
    "aRooms"           : [
      {
        "strID" : "b5dc5da3-cf71-4fab-9377-7edaf6c2a2b9",
        "bVoid" : true,
        "aTiles" : [
          0,
          1,
          9,
          2,
          10,
          18,
          11,
          19,
          27,
          12,
          20,
          28,
          36,
          29,
          37,
          45,
          30,
          38,
          46,
          54,
          47,
          55,
          63,
          48,
          56,
          64,
          72,
          65,
          73,
          81,
          66,
          90,
          99,
          108,
          117,
          126,
          127,
          135,
          136,
          144,
          145
        ]
      },
      {
        "strID" : "7c980a84-d85f-44c1-a883-83c1bd202edd",
        "bVoid" : true,
        "aTiles" : [
          6,
          7,
          15,
          8,
          16,
          14,
          24,
          17,
          25,
          33,
          26,
          34,
          32,
          42,
          35,
          43,
          51,
          44,
          52,
          50,
          60,
          53,
          61,
          69,
          62,
          70,
          68,
          71,
          79,
          80,
          89,
          98,
          107,
          116,
          125,
          134,
          133,
          143,
          142,
          152,
          151
        ]
      },
      {
        "strID" : "9b1dce03-9efc-4877-bbd0-59f1a3c71fe8",
        "bVoid" : false,
        "aTiles" : [
          84,
          85,
          93,
          86,
          94,
          92,
          102,
          95,
          103,
          101,
          111,
          96,
          104,
          112,
          110,
          120,
          105,
          113,
          121,
          114,
          122,
          130
        ]
      },
      {
        "strID" : "b251852b-1874-47e7-b7fc-1eba946d4f9a",
        "bVoid" : false,
        "aTiles" : [
          138,
          139,
          140,
          148
        ]
      }
    ],
    "DMGStatus"        : 0,
    "fLastVisit"       : -1.0,
    "fAIDockingTimer"  : 0.0,
    "fAIPauseTimer"    : 0.0,
    "bPrefill"         : false,
    "bNoCollisions"    : false,
    "dLastScanTime"    : 0.0,
    "bLocalAuthority"  : false,
    "bAIShip"          : false,
    "make"             : "ASC",
    "model"            : "Perimeter Buoy 01",
    "year"             : "2036",
    "origin"           : "K-Leg",
    "designation"      : "Satellite",
    "publicName"       : "OKLG NAV",
    "dimensions"       : "2.88m x 5.44m",
    "fShallowMass"     : 1991.0,
    "fShallowRCSRemass" : 374.6231982,
    "fShallowRCSRemassMax" : 374.682347357627,
    "fShallowFusionRemain" : 0.0,
    "fBreakInMultiplier"   : 0.0,
    "nRCSCount"            : 2,
    "nRCSDistroCount"      : 1,
    "nDockCount"           : 1,
    "bFusionTorch"         : false
  }
]