
[
  {
    "strName" : "SCI Retrofit",
    "strRegID" : "M-UM6G1",
    "nCurrentWaypoint" : -1,
    "fTimeEngaged"     : 2750.172,
    "aCOs"             : [
      {
        "strID" : "e07fb7ba-0784-4574-9d9c-074b16cef55e",
        "strCODef" : "SysLootSpawner",
        "bAlive"   : true,
        "aConds"   : [
          "IsNonHighlightable=1.0x1",
          "IsHiddenInv=1.0x1",
          "IsLootSpawner=1.0x1",
          "IsSystem=1.0x1"
        ],
        "strCondID" : "SysLootSpawnere07fb7ba-0784-4574-9d9c-074b16cef55e",
        "inventoryX" : 0,
        "inventoryY" : 0,
        "fDGasTemp"  : 0.0,
        "fLastICOUpdate" : 65627498854.0278,
        "nDestTile"      : 0,
        "strIdleAnim"    : "Idle",
        "aMyShips"       : [
          "M-UM6G1"
        ],
        "strIMGPreview"  : "IcoLoot",
        "strFriendlyName" : "SysLootSpawner",
        "strRegIDLast"    : "M-UM6G1"
      },
      {
        "strID" : "aedcc0ff-8b64-49de-be53-12f4ff0cd88b",
        "strCODef" : "SysLootSpawner",
        "bAlive"   : true,
        "aConds"   : [
          "IsNonHighlightable=1.0x1",
          "IsHiddenInv=1.0x1",
          "IsLootSpawner=1.0x1",
          "IsSystem=1.0x1"
        ],
        "strCondID" : "SysLootSpawneraedcc0ff-8b64-49de-be53-12f4ff0cd88b",
        "inventoryX" : 0,
        "inventoryY" : 0,
        "fDGasTemp"  : 0.0,
        "fLastICOUpdate" : 65627498854.0278,
        "nDestTile"      : 0,
        "strIdleAnim"    : "Idle",
        "aMyShips"       : [
          "M-UM6G1"
        ],
        "strIMGPreview"  : "IcoLoot",
        "strFriendlyName" : "SysLootSpawner",
        "strRegIDLast"    : "M-UM6G1"
      },
      {
        "strID" : "f90ee409-b935-49bd-bdb4-1ff781b6b44b",
        "strCODef" : "SysLootSpawner",
        "bAlive"   : true,
        "aConds"   : [
          "IsNonHighlightable=1.0x1",
          "IsHiddenInv=1.0x1",
          "IsLootSpawner=1.0x1",
          "IsSystem=1.0x1"
        ],
        "strCondID" : "SysLootSpawnerf90ee409-b935-49bd-bdb4-1ff781b6b44b",
        "inventoryX" : 0,
        "inventoryY" : 0,
        "fDGasTemp"  : 0.0,
        "fLastICOUpdate" : 65627498854.0278,
        "nDestTile"      : 0,
        "strIdleAnim"    : "Idle",
        "aMyShips"       : [
          "M-UM6G1"
        ],
        "strIMGPreview"  : "IcoLoot",
        "strFriendlyName" : "SysLootSpawner",
        "strRegIDLast"    : "M-UM6G1"
      }
    ],
    "aItems"           : [
      {
        "strName" : "ItmConduit01",
        "fX"      : 2.0,
        "fY"      : 0.0,
        "fRotation" : 0.0,
        "strID"     : "cec69ded-9133-400f-b7f0-0cad1e7e82cf",
        "bForceLoad" : false
      },
      {
        "strName" : "ItmFloorTSDO46_04",
        "fX"      : 1.0,
        "fY"      : -1.0,
        "fRotation" : 0.0,
        "strID"     : "864cdb33-9af5-48f8-a37f-e80e9b16798f",
        "bForceLoad" : false
      },
      {
        "strName" : "ItmFloorTSDO46_04",
        "fX"      : 2.0,
        "fY"      : -1.0,
        "fRotation" : 0.0,
        "strID"     : "9382dc7d-9dce-419a-bb17-86ee595afba3",
        "bForceLoad" : false
      },
      {
        "strName" : "ItmFloorTSDO46_04",
        "fX"      : 2.0,
        "fY"      : 0.0,
        "fRotation" : 0.0,
        "strID"     : "804e4d94-1e9a-4bbf-989b-b9f6bfe6821f",
        "bForceLoad" : false
      },
      {
        "strName" : "ItmFloorTSDO46_04",
        "fX"      : 1.0,
        "fY"      : 0.0,
        "fRotation" : 0.0,
        "strID"     : "bfe484b5-8339-4a21-a2fc-f176ae3128ae",
        "bForceLoad" : false
      },
      {
        "strName" : "ItmFloorTSDO46_04",
        "fX"      : 0.0,
        "fY"      : 1.0,
        "fRotation" : 0.0,
        "strID"     : "878e7d52-8880-44b0-8f59-0da0bc7d9eb0",
        "bForceLoad" : false
      },
      {
        "strName" : "ItmFloorTSDO46_04",
        "fX"      : 1.0,
        "fY"      : 1.0,
        "fRotation" : 0.0,
        "strID"     : "493f5e83-c8d0-424b-b405-8fd1364d5564",
        "bForceLoad" : false
      },
      {
        "strName" : "ItmFloorTSDO46_04",
        "fX"      : 2.0,
        "fY"      : 1.0,
        "fRotation" : 0.0,
        "strID"     : "102cdbd3-9864-495c-bb2c-c80be2b8eb62",
        "bForceLoad" : false
      },
      {
        "strName" : "ItmConduit01",
        "fX"      : -1.0,
        "fY"      : 2.0,
        "fRotation" : 0.0,
        "strID"     : "8c7f83a5-67a5-47fb-8b0d-7ade7a3dab52",
        "bForceLoad" : false
      },
      {
        "strName" : "ItmWallTSDO01",
        "fX"      : 0.0,
        "fY"      : 4.0,
        "fRotation" : 0.0,
        "strID"     : "fc63a3b6-dab0-452c-9950-c2031b121248",
        "bForceLoad" : false
      },
      {
        "strName" : "ItmWallTSDO01",
        "fX"      : 1.0,
        "fY"      : 4.0,
        "fRotation" : 0.0,
        "strID"     : "43b72a6f-7708-4829-9732-4e37ba38fee5",
        "bForceLoad" : false
      },
      {
        "strName" : "ItmWallTSDO01",
        "fX"      : 3.0,
        "fY"      : 4.0,
        "fRotation" : 0.0,
        "strID"     : "600db720-9842-4ff2-8c9b-0a4e4746a4af",
        "bForceLoad" : false
      },
      {
        "strName" : "ItmWallTSDO01",
        "fX"      : 3.0,
        "fY"      : 3.0,
        "fRotation" : 0.0,
        "strID"     : "115c65d8-c992-4002-a4eb-a51f119c49f6",
        "bForceLoad" : false
      },
      {
        "strName" : "ItmFloorTSDO46_04",
        "fX"      : 0.0,
        "fY"      : -2.0,
        "fRotation" : 0.0,
        "strID"     : "240c1deb-ea50-4302-81ab-7c35f4b66d50",
        "bForceLoad" : false
      },
      {
        "strName" : "ItmFloorTSDO46_04",
        "fX"      : 1.0,
        "fY"      : -2.0,
        "fRotation" : 0.0,
        "strID"     : "de56d3fa-aaa1-4684-968d-55049c3f43b8",
        "bForceLoad" : false
      },
      {
        "strName" : "ItmFloorTSDO46_04",
        "fX"      : 2.0,
        "fY"      : -2.0,
        "fRotation" : 0.0,
        "strID"     : "3edcb1ba-df73-4f4b-96f9-3373afa04378",
        "bForceLoad" : false
      },
      {
        "strName" : "ItmWallTSDO01",
        "fX"      : 4.0,
        "fY"      : 1.0,
        "fRotation" : 0.0,
        "strID"     : "6812ff0e-54de-4266-8780-d27b012b3d62",
        "bForceLoad" : false
      },
      {
        "strName" : "ItmFloorTSDO03",
        "fX"      : 1.0,
        "fY"      : -3.0,
        "fRotation" : 270.0,
        "strID"     : "5888c34d-7dca-4b30-864c-22b184f0853a",
        "bForceLoad" : false
      },
      {
        "strName" : "ItmFloorTSDO03",
        "fX"      : 0.0,
        "fY"      : -3.0,
        "fRotation" : 270.0,
        "strID"     : "cc2ce558-68a1-449e-8391-1fef9175e527",
        "bForceLoad" : false
      },
      {
        "strName" : "ItmDockSys02Closed",
        "fX"      : 1.0,
        "fY"      : -3.5,
        "fRotation" : 180.0,
        "strID"     : "097c2aee-3c2c-4cd8-be3d-a968076bb0a2",
        "bForceLoad" : false
      },
      {
        "strName" : "ItmConduit01",
        "fX"      : 3.0,
        "fY"      : 2.0,
        "fRotation" : 0.0,
        "strID"     : "f749475f-dde3-4ece-be76-6f54a9e48574",
        "bForceLoad" : false
      },
      {
        "strName" : "ItmFloorTSDO46_04",
        "fX"      : 3.0,
        "fY"      : -1.0,
        "fRotation" : 0.0,
        "strID"     : "0e75e76c-2893-4487-94b7-8d4c45c219dd",
        "bForceLoad" : false
      },
      {
        "strName" : "ItmFloorTSDO46_04",
        "fX"      : 3.0,
        "fY"      : -2.0,
        "fRotation" : 0.0,
        "strID"     : "d27348d3-d31f-4492-96e8-9dd675a45981",
        "bForceLoad" : false
      },
      {
        "strName" : "ItmFloorTSDO46_04",
        "fX"      : -1.0,
        "fY"      : -2.0,
        "fRotation" : 0.0,
        "strID"     : "777b7177-5780-497f-b351-ca3330dd5b31",
        "bForceLoad" : false
      },
      {
        "strName" : "ItmFloorTSDO46_04",
        "fX"      : -1.0,
        "fY"      : -1.0,
        "fRotation" : 0.0,
        "strID"     : "961ee711-86c7-4a3d-9407-4661106cbfc0",
        "bForceLoad" : false
      },
      {
        "strName" : "ItmFloorTSDO46_04",
        "fX"      : -1.0,
        "fY"      : 1.0,
        "fRotation" : 0.0,
        "strID"     : "fd9c8001-6c73-40d0-89d1-e39de85cc5a3",
        "bForceLoad" : false
      },
      {
        "strName" : "ItmLitWall1x0Orange",
        "fX"      : 5.0,
        "fY"      : -1.0,
        "fRotation" : 90.0,
        "strID"     : "999da73d-bcf4-4a1a-8c26-285102bda36b",
        "bForceLoad" : false
      },
      {
        "strName" : "ItmWallTSDO01",
        "fX"      : 4.0,
        "fY"      : -2.0,
        "fRotation" : 0.0,
        "strID"     : "bcd06166-9151-4138-b1aa-94f188ca03f4",
        "bForceLoad" : false
      },
      {
        "strName" : "ItmFloorTSDO46_04",
        "fX"      : -1.0,
        "fY"      : 0.0,
        "fRotation" : 0.0,
        "strID"     : "869f7ad8-f23c-4da5-8110-176879772582",
        "bForceLoad" : false
      },
      {
        "strName" : "ItmWallTSDO01",
        "fX"      : -2.0,
        "fY"      : 0.0,
        "fRotation" : 0.0,
        "strID"     : "c05c79fc-106e-43cb-9b69-b8f24e13a029",
        "bForceLoad" : false
      },
      {
        "strName" : "ItmWallTSDO01",
        "fX"      : -2.0,
        "fY"      : -1.0,
        "fRotation" : 0.0,
        "strID"     : "fe0456b2-c4b7-4a91-ab38-6023c1306f8a",
        "bForceLoad" : false
      },
      {
        "strName" : "ItmWallTSDO01",
        "fX"      : -2.0,
        "fY"      : -2.0,
        "fRotation" : 0.0,
        "strID"     : "0f37e4fb-2b72-4c34-863b-e529a8a07161",
        "bForceLoad" : false
      },
      {
        "strName" : "ItmFloorTSDO46_04",
        "fX"      : 3.0,
        "fY"      : 0.0,
        "fRotation" : 0.0,
        "strID"     : "afc1b5c9-9344-4335-a707-37171a7c1b86",
        "bForceLoad" : false
      },
      {
        "strName" : "ItmWallTSDO01",
        "fX"      : 4.0,
        "fY"      : 0.0,
        "fRotation" : 0.0,
        "strID"     : "a6099f5b-4224-44f9-a160-c5cd7d1d8470",
        "bForceLoad" : false
      },
      {
        "strName" : "ItmWallTSDO01",
        "fX"      : 4.0,
        "fY"      : -1.0,
        "fRotation" : 0.0,
        "strID"     : "2ce81405-697f-4399-b1da-5642ab699c30",
        "bForceLoad" : false
      },
      {
        "strName" : "ItmConduit01",
        "fX"      : -2.0,
        "fY"      : 2.0,
        "fRotation" : 0.0,
        "strID"     : "499ea534-e556-4ace-8ed0-c7b2358c61f4",
        "bForceLoad" : false
      },
      {
        "strName" : "ItmWallTSDO01",
        "fX"      : 2.0,
        "fY"      : 3.0,
        "fRotation" : 0.0,
        "strID"     : "cde28836-71c2-4389-92ea-17157fdc19ed",
        "bForceLoad" : false
      },
      {
        "strName" : "ItmBattery02LowPower",
        "fX"      : 0.5000002,
        "fY"      : 2.5,
        "fRotation" : 270.0,
        "strID"     : "eefc6211-8f96-4331-af62-9afc7536697f",
        "bForceLoad" : false,
        "aGPMSettings" : [
          {
            "strName" : "Panel A",
            "dictGUIPropMap" : [
              "strGUIPrefab",
              "GUIMeter",
              "strFriendlyName",
              "Battery",
              "strGUIPrefabRight",
              null,
              "strGUIPrefabLeft",
              null,
              "strGUIPrefabUp",
              null,
              "strGUIPrefabDown",
              null,
              "strTitle",
              "Battery Charge",
              "strCond",
              "StatPower",
              "strInput01",
              "",
              "fMin",
              "0.0",
              "fMax",
              "80.96"
            ]
          }
        ]
      },
      {
        "strName" : "ItmConduit01",
        "fX"      : 3.0,
        "fY"      : -3.0,
        "fRotation" : 0.0,
        "strID"     : "7ae63082-9ddb-4ac0-b008-051d7a5a94da",
        "bForceLoad" : false
      },
      {
        "strName" : "ItmWallTSDO01",
        "fX"      : -2.0,
        "fY"      : -3.0,
        "fRotation" : 0.0,
        "strID"     : "fc75d5c2-ef7f-4912-9bc7-d92ec820081e",
        "bForceLoad" : false
      },
      {
        "strName" : "ItmConduit01",
        "fX"      : -2.0,
        "fY"      : -3.0,
        "fRotation" : 0.0,
        "strID"     : "51e094a4-77ff-43eb-9b8d-b96e396bc1c9",
        "bForceLoad" : false
      },
      {
        "strName" : "ItmConduit01",
        "fX"      : -1.0,
        "fY"      : -3.0,
        "fRotation" : 0.0,
        "strID"     : "3957cb8e-f526-4ede-9e05-a2c708172e5b",
        "bForceLoad" : false
      },
      {
        "strName" : "ItmFloorTSDO46_04",
        "fX"      : 0.0,
        "fY"      : -1.0,
        "fRotation" : 0.0,
        "strID"     : "912e5ef2-2ce0-44a9-afb9-53561bc815e6",
        "bForceLoad" : false
      },
      {
        "strName" : "ItmWallTSDO01",
        "fX"      : 2.0,
        "fY"      : 4.0,
        "fRotation" : 0.0,
        "strID"     : "74138282-0db0-4556-9694-29c399530ce8",
        "bForceLoad" : false
      },
      {
        "strName" : "ItmWallTSDO01",
        "fX"      : -2.0,
        "fY"      : 2.0,
        "fRotation" : 0.0,
        "strID"     : "0c4b4691-19e2-47d7-a575-b9fb3bffe1b3",
        "bForceLoad" : false
      },
      {
        "strName" : "ItmWallTSDO01",
        "fX"      : -1.0,
        "fY"      : 4.0,
        "fRotation" : 0.0,
        "strID"     : "018a9288-b48d-4cbd-a029-470ccc5e8431",
        "bForceLoad" : false
      },
      {
        "strName" : "ItmWallTSDO01",
        "fX"      : 4.0,
        "fY"      : 2.0,
        "fRotation" : 0.0,
        "strID"     : "c52157c4-0483-45f9-990f-590d6f857e0d",
        "bForceLoad" : false
      },
      {
        "strName" : "ItmRCSCluster01",
        "fX"      : -2.0,
        "fY"      : -2.0,
        "fRotation" : 90.0,
        "strID"     : "03b238e9-ebb6-4fcf-9fdc-295b9dc1df30",
        "bForceLoad" : false
      },
      {
        "strName" : "ItmFloorTSDO03",
        "fX"      : 1.0,
        "fY"      : 2.0,
        "fRotation" : 270.0,
        "strID"     : "f0a6ac9c-6d88-41b1-8dd6-129edb08e20e",
        "bForceLoad" : false
      },
      {
        "strName" : "ItmWallTSDO01",
        "fX"      : -2.0,
        "fY"      : 1.0,
        "fRotation" : 0.0,
        "strID"     : "e422c9c8-efd6-4bee-b54f-c9e9b73ff090",
        "bForceLoad" : false
      },
      {
        "strName" : "ItmConduit01",
        "fX"      : -2.0,
        "fY"      : 0.0,
        "fRotation" : 0.0,
        "strID"     : "79baeb4e-b1f0-4c7b-9a4e-858bf5a2a956",
        "bForceLoad" : false
      },
      {
        "strName" : "ItmFloorTSDO03",
        "fX"      : 2.0,
        "fY"      : -3.0,
        "fRotation" : 270.0,
        "strID"     : "9c44cc9f-bd3b-43df-9f4b-69fccdbe5a13",
        "bForceLoad" : false
      },
      {
        "strName" : "ItmWallTSDO01",
        "fX"      : -1.0,
        "fY"      : 3.0,
        "fRotation" : 0.0,
        "strID"     : "79954ced-99b4-451e-92de-6815ab604fe6",
        "bForceLoad" : false
      },
      {
        "strName" : "ItmFloorTSDO46_04",
        "fX"      : 3.0,
        "fY"      : 1.0,
        "fRotation" : 0.0,
        "strID"     : "10aab8e3-94c1-45a1-a6e9-98ad0d32f341",
        "bForceLoad" : false
      },
      {
        "strName" : "ItmFloorTSDO03",
        "fX"      : 2.0,
        "fY"      : 2.0,
        "fRotation" : 270.0,
        "strID"     : "cf2db798-0693-4622-989a-0e90487b9242",
        "bForceLoad" : false
      },
      {
        "strName" : "ItmConduit01",
        "fX"      : 4.0,
        "fY"      : 1.0,
        "fRotation" : 0.0,
        "strID"     : "756ec3cd-688a-448e-8559-312792466556",
        "bForceLoad" : false
      },
      {
        "strName" : "ItmConduit01",
        "fX"      : -1.0,
        "fY"      : 4.0,
        "fRotation" : 0.0,
        "strID"     : "2d91477d-9ec8-4235-b07a-a5481ffd212a",
        "bForceLoad" : false
      },
      {
        "strName" : "ItmConduit01",
        "fX"      : -2.0,
        "fY"      : -2.0,
        "fRotation" : 0.0,
        "strID"     : "3d11466c-53dc-4f65-b323-d602e1fc0338",
        "bForceLoad" : false
      },
      {
        "strName" : "ItmConduit01",
        "fX"      : 4.0,
        "fY"      : -3.0,
        "fRotation" : 0.0,
        "strID"     : "cc10c7c0-6826-4a23-9f57-1cc25222b315",
        "bForceLoad" : false
      },
      {
        "strName" : "ItmWallTSDO01",
        "fX"      : 3.0,
        "fY"      : 2.0,
        "fRotation" : 0.0,
        "strID"     : "66ca0018-dbf8-4f14-9dde-83a10aa80f68",
        "bForceLoad" : false
      },
      {
        "strName" : "ItmFloorTSDO46_04",
        "fX"      : 0.0,
        "fY"      : 0.0,
        "fRotation" : 0.0,
        "strID"     : "b47f71fd-4849-4e5e-95fb-718561ef9e43",
        "bForceLoad" : false
      },
      {
        "strName" : "ItmConduit01",
        "fX"      : 3.0,
        "fY"      : 0.0,
        "fRotation" : 0.0,
        "strID"     : "534b4caf-ba35-4750-9537-5c43111b7b3f",
        "bForceLoad" : false
      },
      {
        "strName" : "ItmLitWall1x0",
        "fX"      : 3.0,
        "fY"      : 1.0,
        "fRotation" : 0.0,
        "strID"     : "3018221c-7dc1-4960-b608-86ee4928cd92",
        "bForceLoad" : false
      },
      {
        "strName" : "ItmFloorTSDO03",
        "fX"      : 1.192093E-07,
        "fY"      : 3.0,
        "fRotation" : 270.0,
        "strID"     : "6a2fb59e-57f2-42b0-89ef-b4f4b425fe0b",
        "bForceLoad" : false
      },
      {
        "strName" : "ItmFloorTSDO03",
        "fX"      : 2.0,
        "fY"      : 3.0,
        "fRotation" : 270.0,
        "strID"     : "bc6941a2-51d0-4e35-b22f-326a1972b542",
        "bForceLoad" : false
      },
      {
        "strName" : "ItmFloorTSDO03",
        "fX"      : 1.0,
        "fY"      : 3.0,
        "fRotation" : 270.0,
        "strID"     : "f22c5ec1-c8e4-4b60-898f-f0935fde6d62",
        "bForceLoad" : false
      },
      {
        "strName" : "ItmWallTSDO01",
        "fX"      : 4.0,
        "fY"      : -3.0,
        "fRotation" : 0.0,
        "strID"     : "cb5fe875-0870-4d5a-b7b1-2269c378c173",
        "bForceLoad" : false
      },
      {
        "strName" : "ItmConduit01",
        "fX"      : 4.0,
        "fY"      : -2.0,
        "fRotation" : 0.0,
        "strID"     : "769d6f6b-3d2c-4f78-9aeb-e7a64ea9610c",
        "bForceLoad" : false
      },
      {
        "strName" : "ItmConduit01",
        "fX"      : 4.0,
        "fY"      : -1.0,
        "fRotation" : 0.0,
        "strID"     : "2daaa00b-d145-47fe-b3db-93e66dd9dd08",
        "bForceLoad" : false
      },
      {
        "strName" : "ItmSwitch01On",
        "fX"      : 4.0,
        "fY"      : -1.192093E-07,
        "fRotation" : 270.0,
        "strID"     : "6ae6e54d-5835-48a1-bc12-9b07bef3711b",
        "bForceLoad" : false
      },
      {
        "strName" : "ItmConduit01",
        "fX"      : 4.0,
        "fY"      : 2.0,
        "fRotation" : 0.0,
        "strID"     : "2290da79-c940-401d-9bad-fd9d217a97f9",
        "bForceLoad" : false
      },
      {
        "strName" : "ItmLitWall1x0Orange",
        "fX"      : -3.0,
        "fY"      : -1.0,
        "fRotation" : 270.0,
        "strID"     : "20c51367-8ac4-49f4-9a86-9fd1aca47e16",
        "bForceLoad" : false
      },
      {
        "strName" : "ItmFloorTSDO03",
        "fX"      : 0.0,
        "fY"      : 2.0,
        "fRotation" : 270.0,
        "strID"     : "3b97a337-ef1c-4874-bc3d-7a6e3000d2ff",
        "bForceLoad" : false
      },
      {
        "strName" : "ItmWallTSDO01",
        "fX"      : -1.0,
        "fY"      : 2.0,
        "fRotation" : 0.0,
        "strID"     : "f83e68d7-e6f8-49d7-9e5f-299a29bca576",
        "bForceLoad" : false
      },
      {
        "strName" : "ItmConduit01",
        "fX"      : -2.0,
        "fY"      : 1.0,
        "fRotation" : 0.0,
        "strID"     : "c896b500-aed0-4bd2-b629-f756b8f1741b",
        "bForceLoad" : false
      },
      {
        "strName" : "ItmRCSCluster01",
        "fX"      : 4.0,
        "fY"      : -2.0,
        "fRotation" : 270.0,
        "strID"     : "1ca7a5b3-f444-4b01-9690-2097bc5a85d4",
        "bForceLoad" : false
      },
      {
        "strName" : "ItmStationNav",
        "fX"      : 0.0,
        "fY"      : 0.0,
        "fRotation" : 0.0,
        "strID"     : "ea1cd7bb-4f1b-435b-84c0-899255b80ab9",
        "bForceLoad" : false,
        "aGPMSettings" : [
          {
            "strName" : "Panel A",
            "dictGUIPropMap" : [
              "strGUIPrefab",
              "GUIOrbitDraw/GUIOrbitDraw",
              "strFriendlyName",
              "Nav Controls",
              "strGUIPrefabRight",
              "Panel Right",
              "strGUIPrefabLeft",
              null,
              "strGUIPrefabUp",
              null,
              "strGUIPrefabDown",
              null
            ]
          },
          {
            "strName" : "Panel Right",
            "dictGUIPropMap" : [
              "strGUIPrefab",
              "GUIDockSys",
              "strFriendlyName",
              "Docking Controls",
              "strGUIPrefabRight",
              null,
              "strGUIPrefabLeft",
              "Panel A",
              "strGUIPrefabUp",
              null,
              "strGUIPrefabDown",
              null
            ]
          },
          {
            "strName" : "Panel Computer",
            "dictGUIPropMap" : [
              "strGUIPrefab",
              "GUIComputer/GUIComputer2",
              "strFriendlyName",
              "PDA",
              "strGUIPrefabRight",
              null,
              "strGUIPrefabLeft",
              null,
              "strGUIPrefabUp",
              null,
              "strGUIPrefabDown",
              null
            ]
          }
        ]
      },
      {
        "strName" : "ItmConduit01",
        "fX"      : -2.0,
        "fY"      : -1.0,
        "fRotation" : 0.0,
        "strID"     : "51dbcf31-a028-49ab-b3a0-21525d497c44",
        "bForceLoad" : false
      },
      {
        "strName" : "ItmConduit01",
        "fX"      : -1.0,
        "fY"      : 3.0,
        "fRotation" : 0.0,
        "strID"     : "2b25e774-cbd0-4d2e-b80d-8793a77aec59",
        "bForceLoad" : false
      },
      {
        "strName" : "ItmRCSDistro02",
        "fX"      : 2.5,
        "fY"      : 0.4999998,
        "fRotation" : 90.0,
        "strID"     : "443f1c0e-6e82-4af7-8d69-18f43bb906e7",
        "bForceLoad" : false
      },
      {
        "strName" : "ItmConduit01",
        "fX"      : 0.0,
        "fY"      : 2.0,
        "fRotation" : 0.0,
        "strID"     : "346bcf50-c2d8-4ac2-afbf-a6ef8f4a4462",
        "bForceLoad" : false
      },
      {
        "strName" : "ItmRTAN2",
        "fX"      : 2.0,
        "fY"      : 1.0,
        "fRotation" : 0.0,
        "strID"     : "dd31a072-476d-4325-9b9a-a71f13338003",
        "bForceLoad" : false
      },
      {
        "strName" : "ItmConduit01",
        "fX"      : 2.0,
        "fY"      : 3.0,
        "fRotation" : 0.0,
        "strID"     : "3d145f85-a95e-4714-a697-de0e2adb3b13",
        "bForceLoad" : false
      },
      {
        "strName" : "ItmWallTSDO01",
        "fX"      : 2.0,
        "fY"      : 2.0,
        "fRotation" : 0.0,
        "strID"     : "880aa356-942d-41cc-83cf-ce88a5e7a2f5",
        "bForceLoad" : false
      },
      {
        "strName" : "ItmConduit01",
        "fX"      : 0.0,
        "fY"      : 1.0,
        "fRotation" : 0.0,
        "strID"     : "92d7364a-6861-4e09-a8e6-10697640c1d9",
        "bForceLoad" : false
      },
      {
        "strName" : "ItmConduit01",
        "fX"      : 1.0,
        "fY"      : 1.0,
        "fRotation" : 0.0,
        "strID"     : "54952d94-856d-45b1-b11c-708fffc2e01d",
        "bForceLoad" : false
      },
      {
        "strName" : "ItmConduit01",
        "fX"      : 1.0,
        "fY"      : 0.0,
        "fRotation" : 0.0,
        "strID"     : "695d7592-e225-4439-bc8f-864e7561358a",
        "bForceLoad" : false
      },
      {
        "strName" : "ItmConduit01",
        "fX"      : 3.0,
        "fY"      : 4.0,
        "fRotation" : 0.0,
        "strID"     : "94f6457e-17ed-4a4f-a1e3-a86dc14b5eac",
        "bForceLoad" : false
      },
      {
        "strName" : "ItmConduit01",
        "fX"      : 3.0,
        "fY"      : 3.0,
        "fRotation" : 0.0,
        "strID"     : "58620d1c-db83-4a30-850f-603ae40fc97c",
        "bForceLoad" : false
      },
      {
        "strName" : "ItmConduit01",
        "fX"      : 2.0,
        "fY"      : 2.0,
        "fRotation" : 0.0,
        "strID"     : "1ad68b28-886d-4391-83c9-2b81e1cbf750",
        "bForceLoad" : false
      },
      {
        "strName" : "Compartment",
        "fX"      : -3.0,
        "fY"      : 4.0,
        "fRotation" : 0.0,
        "strID"     : "4d7586a0-8950-4bb4-9d06-eaf1ec2507d6",
        "bForceLoad" : false
      },
      {
        "strName" : "Compartment",
        "fX"      : 4.0,
        "fY"      : 4.0,
        "fRotation" : 0.0,
        "strID"     : "342648ce-c397-4172-890d-70bd5f61aed0",
        "bForceLoad" : false
      },
      {
        "strName" : "Compartment",
        "fX"      : 0.0,
        "fY"      : 3.0,
        "fRotation" : 0.0,
        "strID"     : "f0671b9c-04ea-4743-aa62-f9309771d77d",
        "bForceLoad" : false
      }
    ],
    "aShallowPSpecs"   : [
      {
        "strName" : "SysLootSpawner",
        "fX"      : 1.0,
        "fY"      : -3.0,
        "fRotation" : 0.0,
        "strID"     : "e07fb7ba-0784-4574-9d9c-074b16cef55e",
        "bForceLoad" : false,
        "aGPMSettings" : [
          {
            "strName" : "Panel A",
            "dictGUIPropMap" : [
              "strGUIPrefab",
              "GUILootSpawn",
              "strFriendlyName",
              "Loot Spawner",
              "strGUIPrefabRight",
              null,
              "strGUIPrefabLeft",
              null,
              "strGUIPrefabUp",
              null,
              "strGUIPrefabDown",
              null,
              "strType",
              "Pspec",
              "strLoot",
              "Boarding",
              "strRange",
              "0",
              "strCount",
              "0",
              "strNew",
              "True",
              "strDamaged",
              "True",
              "strDerelict",
              "True"
            ]
          }
        ]
      },
      {
        "strName" : "SysLootSpawner",
        "fX"      : 0.0,
        "fY"      : -2.0,
        "fRotation" : 0.0,
        "strID"     : "aedcc0ff-8b64-49de-be53-12f4ff0cd88b",
        "bForceLoad" : false,
        "aGPMSettings" : [
          {
            "strName" : "Panel A",
            "dictGUIPropMap" : [
              "strGUIPrefab",
              "GUILootSpawn",
              "strFriendlyName",
              "Loot Spawner",
              "strGUIPrefabRight",
              null,
              "strGUIPrefabLeft",
              null,
              "strGUIPrefabUp",
              null,
              "strGUIPrefabDown",
              null,
              "strType",
              "Pspec",
              "strLoot",
              "PlayerCrew",
              "strRange",
              "0",
              "strCount",
              "0",
              "strNew",
              "True",
              "strDamaged",
              "True",
              "strDerelict",
              "True"
            ]
          }
        ]
      },
      {
        "strName" : "SysLootSpawner",
        "fX"      : 2.0,
        "fY"      : -1.0,
        "fRotation" : 0.0,
        "strID"     : "f90ee409-b935-49bd-bdb4-1ff781b6b44b",
        "bForceLoad" : false,
        "aGPMSettings" : [
          {
            "strName" : "Panel A",
            "dictGUIPropMap" : [
              "strGUIPrefab",
              "GUILootSpawn",
              "strFriendlyName",
              "Loot Spawner",
              "strGUIPrefabRight",
              null,
              "strGUIPrefabLeft",
              null,
              "strGUIPrefabUp",
              null,
              "strGUIPrefabDown",
              null,
              "strType",
              "Pspec",
              "strLoot",
              "NotBoarding",
              "strRange",
              "0",
              "strCount",
              "0",
              "strNew",
              "True",
              "strDamaged",
              "True",
              "strDerelict",
              "True"
            ]
          }
        ]
      }
    ],
    "vShipPos"         : {
      "x" : 0.0,
      "y" : -1.0
    },
    "objSS"            : {
      "boPORShip" : "1036 Ganymed",
      "vPosx"     : 0.947011684385826,
      "vPosy"     : -1.5672478423083,
      "vBOOffsetx" : -5.6950009510448E-06,
      "vBOOffsety" : -6.71240967498044E-06,
      "vVelX"      : 1.68162332836452E-07,
      "vVelY"      : 1.19901566453251E-08,
      "vAccIn"     : {
        "x" : 0.0,
        "y" : 0.0
      },
      "vAccRCS"    : {
        "x" : 0.0,
        "y" : 0.0
      },
      "vAccEx"     : {
        "x" : 0.0,
        "y" : 0.0
      },
      "fRot"       : 5.944278,
      "fW"         : 0.0,
      "fA"         : 0.0,
      "bBOLocked"  : true,
      "bIsBO"      : false,
      "bIsRegion"  : false,
      "bIsNoFees"  : false
    },
    "aRooms"           : [
      {
        "strID" : "4d7586a0-8950-4bb4-9d06-eaf1ec2507d6",
        "bVoid" : true,
        "aTiles" : [
          0,
          1,
          9,
          10,
          18,
          27,
          36,
          45,
          54,
          63,
          72,
          73
        ]
      },
      {
        "strID" : "342648ce-c397-4172-890d-70bd5f61aed0",
        "bVoid" : true,
        "aTiles" : [
          7,
          8,
          16,
          17,
          26,
          35,
          44,
          53,
          62,
          71,
          80,
          79
        ]
      },
      {
        "strID" : "f0671b9c-04ea-4743-aa62-f9309771d77d",
        "bVoid" : false,
        "aTiles" : [
          12,
          13,
          21,
          22,
          30,
          31,
          29,
          39,
          32,
          40,
          38,
          48,
          33,
          41,
          49,
          47,
          57,
          42,
          50,
          58,
          56,
          66,
          51,
          59,
          67,
          60,
          68,
          76
        ]
      }
    ],
    "DMGStatus"        : 2,
    "fLastVisit"       : 0.0,
    "fAIDockingTimer"  : 0.0,
    "fAIPauseTimer"    : 0.0,
    "bPrefill"         : true,
    "bNoCollisions"    : false,
    "dLastScanTime"    : 0.0,
    "bLocalAuthority"  : false,
    "bAIShip"          : false,
    "make"             : "Custom",
    "model"            : "Retrofit",
    "year"             : "2079",
    "origin"           : "K-Leg",
    "designation"      : "Salvage Tug",
    "publicName"       : "Ship-A-Dee-Doo-Dah",
    "dimensions"       : "0.96m x 0.96m",
    "fShallowMass"     : 1803.0,
    "fShallowRCSRemass" : 374.6231982,
    "fShallowRCSRemassMax" : 374.682347357627,
    "fShallowFusionRemain" : 0.0,
    "fBreakInMultiplier"   : 0.08578636,
    "nRCSCount"            : 2,
    "nRCSDistroCount"      : 1,
    "nDockCount"           : 1,
    "bFusionTorch"         : false
  }
]